$SPEC_ID:
No sample description was entered.
$SPEC_REM:
DET# 1
DETDESC# DESKTOP-9VUPE7E Model 927 SN 7115241 Input 1
AP# Maestro Version 7.01
$DATE_MEA:
12/06/2025 11:01:17
$MEAS_TIM:
845 888
$DATA:
0 16383
       0
       0
       0
       0
       0
       0
       0
       0
       0
       0
       0
       0
       0
       0
       0
       0
       0
       0
       0
       0
       0
       0
       0
       0
       0
       0
       0
       0
       0
       0
       0
       0
       0
       0
       0
       0
       0
       0
       0
       0
       0
       0
       0
       0
       0
       0
       0
       0
       0
       0
       0
       0
       0
       0
       0
       0
       0
       0
       0
       0
       0
       0
       0
       0
       0
       0
       0
       0
       0
       0
       0
       0
       0
       0
       0
       0
       0
       0
       0
       0
       0
       0
       0
       0
       0
       0
       0
       0
       0
       0
       0
       0
       0
       0
       0
       0
       0
       0
       0
       0
       0
       0
       0
       0
       0
       0
       0
       0
       0
       0
       0
       0
       0
       0
       0
       0
       0
       0
       0
       0
       0
       0
       0
       0
       0
       0
       0
       0
       0
       0
       0
       0
       0
       0
       0
       0
       0
       0
       0
       0
       0
       0
       0
       0
       0
       0
       0
       0
       0
       0
       0
       0
       0
       0
       0
       0
       0
       0
       0
       0
       0
       0
       0
       0
       0
       0
       0
       0
       0
       0
       0
       0
       0
       0
       0
       0
       0
       0
       0
       0
       0
       0
       0
       0
       0
       0
       0
       0
       0
       0
       0
       0
       0
       0
       0
       0
       0
       0
       0
       0
       0
       0
       0
       0
       0
       0
       0
       0
       0
       0
       0
       0
       0
       0
       0
       0
       0
       0
       0
       0
       0
       0
       0
       0
       0
       0
       0
       0
       0
       0
       0
       0
       0
       0
       0
       0
       0
       0
       0
       0
       0
       0
       0
       0
       0
       0
       0
       0
       0
       0
       0
       0
       0
       0
       0
       0
       0
       0
       0
       0
       0
       0
       0
       0
       0
       0
       0
       0
       0
       0
       0
       0
       0
       0
       0
       0
       0
       0
       0
       0
       0
       0
       0
       0
       0
       0
       0
       0
       0
       0
       0
       0
       0
       0
       0
       0
       0
       0
       0
       0
       0
       0
       0
       0
       0
       0
       0
       0
       0
       0
       0
       0
       0
       0
       0
       0
       0
       0
       0
       0
       0
       0
       0
       0
       0
       0
       0
       0
       0
       0
       0
       0
       0
       0
       0
       0
       0
       0
       0
       0
       0
       0
       0
       0
       0
       0
       0
       0
       0
       0
       0
       0
       0
       0
       0
       0
       0
       0
       0
       0
       0
       0
       0
       0
       0
       0
       0
       0
       0
       0
       0
       0
       0
       0
       0
       0
       0
       0
       0
       0
       0
       0
       0
       0
       0
       0
       0
       0
       0
       0
       0
       0
       0
       0
       0
       0
       0
       0
       1
      19
     115
     206
     205
     241
     207
     202
     236
     204
     203
     185
     217
     201
     218
     205
     222
     240
     232
     214
     227
     228
     214
     219
     267
     218
     214
     250
     258
     230
     221
     229
     219
     233
     224
     237
     235
     258
     240
     233
     259
     231
     218
     247
     229
     235
     259
     246
     244
     266
     240
     269
     223
     266
     215
     249
     248
     247
     259
     246
     250
     241
     231
     259
     221
     245
     238
     242
     277
     245
     239
     215
     232
     228
     241
     220
     251
     234
     236
     239
     233
     223
     218
     222
     219
     203
     229
     206
     228
     225
     226
     246
     246
     247
     198
     244
     255
     222
     259
     233
     261
     226
     224
     229
     240
     252
     244
     258
     219
     246
     223
     223
     231
     233
     233
     232
     243
     240
     230
     220
     244
     237
     236
     228
     222
     227
     205
     231
     238
     239
     237
     234
     223
     236
     246
     217
     247
     257
     199
     236
     214
     239
     276
     238
     248
     245
     221
     255
     258
     254
     259
     255
     227
     265
     252
     270
     275
     245
     266
     278
     258
     275
     226
     282
     228
     269
     246
     247
     227
     254
     265
     286
     259
     265
     235
     280
     275
     279
     268
     264
     278
     275
     268
     268
     263
     281
     270
     284
     292
     279
     256
     306
     296
     260
     263
     308
     301
     279
     285
     274
     320
     343
     364
     496
     676
     928
    1340
    1527
    1845
    1707
    1585
    1237
     939
     708
     523
     400
     332
     299
     287
     266
     284
     227
     262
     230
     230
     266
     269
     253
     246
     252
     231
     264
     269
     248
     243
     288
     271
     293
     276
     302
     296
     268
     288
     257
     289
     285
     278
     268
     239
     294
     312
     287
     281
     280
     254
     279
     321
     275
     297
     285
     290
     334
     303
     306
     310
     284
     313
     279
     292
     312
     259
     283
     288
     305
     289
     284
     274
     313
     290
     282
     294
     293
     299
     317
     317
     309
     345
     301
     306
     284
     275
     299
     290
     321
     315
     278
     298
     286
     296
     296
     341
     313
     303
     277
     283
     283
     310
     310
     302
     290
     313
     300
     341
     321
     259
     286
     300
     344
     309
     296
     307
     319
     312
     307
     316
     294
     316
     323
     276
     315
     294
     294
     300
     323
     314
     293
     323
     320
     308
     291
     325
     279
     289
     297
     303
     290
     290
     292
     277
     282
     307
     303
     289
     315
     272
     311
     292
     311
     324
     290
     302
     275
     313
     266
     284
     281
     309
     297
     301
     257
     308
     315
     271
     314
     293
     260
     294
     294
     268
     288
     290
     314
     297
     307
     311
     279
     281
     319
     340
     318
     300
     267
     299
     299
     274
     311
     265
     293
     309
     283
     321
     313
     286
     296
     262
     310
     296
     306
     298
     311
     301
     301
     306
     293
     299
     299
     290
     305
     294
     280
     291
     308
     288
     326
     276
     279
     281
     292
     271
     279
     314
     321
     318
     323
     301
     319
     302
     303
     313
     294
     297
     282
     313
     342
     313
     307
     300
     292
     304
     339
     269
     279
     330
     284
     301
     270
     280
     298
     277
     296
     300
     299
     308
     287
     292
     301
     290
     277
     280
     301
     280
     282
     310
     306
     344
     305
     289
     300
     261
     292
     322
     280
     309
     298
     254
     317
     319
     286
     296
     270
     295
     337
     289
     303
     309
     272
     300
     294
     265
     306
     299
     288
     306
     298
     308
     248
     293
     288
     291
     283
     258
     282
     257
     299
     303
     303
     277
     285
     288
     286
     263
     311
     299
     267
     278
     302
     292
     278
     311
     300
     272
     289
     292
     279
     271
     277
     261
     283
     295
     293
     278
     305
     302
     302
     298
     274
     260
     302
     282
     283
     287
     286
     301
     292
     307
     303
     316
     322
     282
     293
     312
     301
     304
     306
     271
     300
     293
     287
     279
     268
     301
     304
     317
     321
     296
     305
     302
     288
     242
     287
     332
     322
     317
     475
     577
     815
    1286
    1732
    2084
    2597
    2467
    2267
    1877
    1375
     904
     602
     419
     352
     299
     262
     242
     248
     250
     262
     250
     284
     247
     259
     264
     230
     250
     244
     238
     285
     280
     269
     278
     242
     277
     269
     247
     225
     305
     273
     276
     239
     284
     257
     258
     265
     256
     245
     264
     255
     274
     256
     263
     258
     231
     243
     263
     253
     251
     214
     260
     262
     264
     253
     278
     222
     232
     245
     265
     222
     235
     258
     243
     267
     273
     263
     257
     266
     291
     270
     256
     248
     255
     263
     225
     229
     246
     267
     261
     267
     241
     265
     273
     261
     266
     226
     278
     294
     257
     247
     265
     281
     250
     264
     266
     228
     248
     245
     252
     241
     278
     251
     262
     229
     263
     242
     244
     293
     232
     268
     252
     249
     240
     272
     246
     243
     275
     263
     254
     267
     256
     266
     298
     256
     250
     250
     251
     276
     274
     230
     258
     258
     253
     253
     276
     248
     248
     261
     237
     253
     273
     261
     234
     267
     249
     261
     295
     234
     245
     250
     263
     224
     261
     236
     222
     234
     270
     274
     241
     272
     269
     235
     247
     254
     231
     238
     242
     235
     255
     245
     235
     243
     239
     252
     245
     260
     268
     258
     272
     266
     244
     260
     252
     259
     255
     254
     254
     236
     266
     203
     261
     216
     280
     276
     196
     260
     243
     218
     260
     257
     248
     252
     254
     245
     240
     270
     260
     258
     250
     273
     229
     233
     239
     252
     241
     240
     260
     249
     238
     248
     229
     228
     252
     228
     247
     253
     245
     255
     234
     255
     221
     269
     246
     255
     256
     228
     245
     182
     267
     238
     226
     241
     242
     233
     226
     244
     257
     254
     242
     261
     242
     261
     245
     245
     243
     224
     235
     218
     229
     227
     240
     238
     227
     241
     233
     269
     238
     260
     219
     220
     213
     254
     245
     225
     210
     222
     227
     242
     254
     213
     246
     229
     215
     204
     235
     232
     232
     242
     241
     256
     251
     235
     266
     251
     262
     251
     220
     212
     226
     230
     230
     231
     221
     218
     227
     221
     213
     235
     223
     222
     247
     239
     221
     223
     222
     238
     245
     229
     265
     271
     237
     240
     235
     257
     235
     223
     223
     250
     219
     209
     215
     213
     235
     219
     259
     247
     247
     236
     229
     217
     216
     247
     238
     222
     244
     226
     236
     194
     227
     237
     220
     236
     215
     248
     234
     217
     236
     216
     230
     232
     216
     215
     251
     231
     226
     227
     239
     201
     239
     240
     231
     222
     236
     200
     235
     246
     227
     237
     203
     215
     220
     229
     224
     215
     205
     208
     251
     206
     251
     238
     245
     226
     209
     251
     217
     226
     198
     200
     236
     231
     231
     224
     215
     234
     225
     220
     234
     225
     227
     205
     265
     224
     214
     200
     240
     219
     226
     226
     220
     210
     220
     223
     212
     237
     222
     229
     247
     217
     197
     210
     196
     210
     219
     177
     212
     215
     234
     201
     205
     208
     216
     203
     219
     215
     229
     217
     218
     214
     187
     188
     226
     227
     227
     204
     242
     214
     223
     219
     193
     220
     208
     199
     230
     237
     213
     207
     222
     223
     194
     210
     221
     212
     217
     209
     214
     208
     204
     218
     202
     200
     211
     195
     198
     218
     219
     189
     199
     208
     242
     219
     214
     198
     223
     176
     244
     221
     207
     212
     204
     208
     211
     214
     225
     217
     184
     195
     212
     252
     215
     209
     205
     232
     205
     207
     183
     196
     220
     198
     203
     201
     206
     226
     220
     224
     191
     184
     185
     222
     210
     181
     185
     230
     208
     225
     197
     222
     211
     195
     212
     205
     183
     190
     179
     213
     191
     202
     210
     214
     205
     182
     206
     231
     204
     221
     198
     205
     219
     211
     200
     216
     209
     216
     176
     191
     201
     201
     201
     210
     204
     172
     209
     189
     215
     220
     192
     206
     200
     195
     193
     185
     203
     193
     182
     181
     201
     188
     187
     201
     215
     186
     186
     217
     172
     182
     195
     200
     201
     203
     168
     184
     180
     192
     189
     179
     211
     221
     202
     218
     232
     271
     287
     271
     257
     225
     245
     208
     199
     200
     218
     199
     198
     187
     194
     184
     178
     168
     182
     171
     189
     193
     191
     211
     169
     175
     207
     188
     196
     197
     169
     183
     168
     207
     203
     183
     178
     202
     191
     179
     194
     190
     166
     177
     172
     185
     195
     187
     202
     193
     205
     212
     189
     174
     192
     208
     186
     198
     190
     152
     193
     180
     177
     181
     167
     177
     175
     189
     164
     182
     186
     196
     177
     180
     168
     183
     179
     175
     173
     184
     196
     176
     190
     193
     176
     174
     189
     189
     187
     177
     156
     191
     173
     178
     160
     179
     184
     159
     205
     187
     183
     165
     193
     161
     185
     166
     172
     172
     154
     184
     182
     167
     171
     177
     159
     172
     163
     161
     159
     201
     190
     144
     150
     166
     186
     154
     154
     145
     197
     174
     161
     169
     155
     156
     157
     174
     181
     140
     176
     162
     157
     166
     160
     165
     153
     143
     160
     153
     168
     170
     154
     179
     161
     157
     180
     158
     173
     158
     152
     142
     157
     153
     170
     169
     156
     183
     151
     163
     154
     139
     141
     150
     147
     155
     160
     148
     155
     159
     142
     138
     137
     136
     151
     156
     184
     180
     166
     155
     182
     154
     169
     159
     140
     158
     148
     138
     133
     154
     160
     145
     164
     145
     142
     116
     152
     157
     170
     148
     141
     173
     152
     132
     163
     163
     161
     148
     147
     158
     147
     145
     142
     150
     157
     161
     135
     165
     140
     137
     155
     157
     144
     154
     152
     149
     151
     143
     134
     150
     139
     132
     128
     145
     147
     120
     174
     146
     150
     151
     164
     155
     157
     116
     157
     158
     137
     132
     151
     138
     160
     161
     115
     164
     127
     133
     152
     162
     130
     137
     144
     172
     140
     131
     152
     139
     136
     149
     146
     137
     136
     149
     151
     115
     137
     114
     140
     134
     116
     150
     124
     135
     141
     145
     158
     135
     135
     137
     117
     120
     138
     148
     148
     142
     141
     148
     152
     139
     135
     155
     134
     122
     137
     141
     139
     147
     139
     130
     129
     124
     131
     133
     142
     130
     150
     151
     136
     139
     137
     140
     148
     116
     132
     152
     139
     134
     122
     126
     130
     122
     139
     138
     116
     146
     122
     133
     131
     144
     110
     122
     129
     149
     129
     120
     126
     100
     125
     150
     135
     143
     132
     132
     123
     147
     140
     136
     138
     166
     113
     131
     132
     128
     118
     130
     122
     136
     142
     132
     115
     138
     128
     123
     159
     126
     117
     105
     151
     140
     114
     127
     126
     114
     142
     127
     125
     130
     133
     120
     119
     123
     121
     126
     132
     151
     123
     138
      99
     112
     135
     118
     139
     124
     126
     118
     105
     112
     123
     135
     121
     118
     134
     106
     129
     116
     112
     114
     114
     115
     108
     130
     119
     100
     141
     113
     100
      97
     130
     101
     120
     135
     112
     140
     112
     118
     145
     110
     134
     111
     122
     135
     126
     130
     110
     102
     122
     129
     126
     124
     130
     122
     130
     113
     155
     114
     126
     124
     135
     116
     132
     158
     166
     169
     171
     232
     220
     228
     226
     235
     203
     170
     149
     125
     124
     114
     121
     105
     109
     125
     113
     109
     103
     131
     101
     103
     118
     106
     125
     128
     112
     105
     128
     114
     128
     110
     113
     100
     112
     111
     124
     106
     112
     118
     128
     129
     115
     132
     107
     119
     125
     107
     102
     113
     119
     106
     103
     105
     119
     101
     102
     118
     125
     108
     113
     130
     134
      97
     109
     123
     121
     121
     118
     104
     107
      89
      90
      83
      96
     116
     117
     102
      99
     138
     108
     109
     130
     136
     116
     148
     127
     134
     119
     133
     124
     116
     107
     139
     128
     113
     127
     133
     135
     139
     120
     127
     109
     107
     116
     110
     113
     121
     117
     115
     134
     108
     110
     113
     106
     115
     107
     122
     109
      94
     106
     113
     125
     119
     109
     114
     103
     115
     103
     107
      96
     111
     100
      96
     107
     103
     121
      80
     114
      97
     126
      89
      90
     113
     115
      91
      88
     103
      87
     102
     109
     122
     112
     107
     101
     108
      93
     110
     112
      94
     104
     106
      97
      89
     114
     110
     124
     109
     102
      97
     128
      94
      78
     115
     102
     114
     108
     111
      92
      92
     117
     108
     111
     104
     104
     122
      84
     105
     106
     109
     124
     108
     101
     117
     113
      88
      92
     100
     106
     102
     113
     102
      89
     116
     121
      91
     112
     117
     114
     104
      94
     103
     101
     102
      92
     119
      96
     100
     114
     112
     104
     111
     106
     119
      88
      92
     112
      80
      84
      95
      93
      97
     111
     110
     100
     111
      90
      93
     107
      81
      96
      81
      84
      87
      96
      86
     100
      86
      91
      93
     113
     100
      99
     111
      87
      95
      87
      90
      91
     104
     100
     106
     102
      81
     103
      93
     119
      94
      96
      86
      99
      96
      92
     101
     107
     102
     100
      97
     102
      98
     108
     111
      86
      95
      86
      86
      96
     100
     103
      86
      95
      98
      86
      97
      89
      98
      94
      94
      68
     103
      96
      94
      88
     102
      91
     113
      88
      89
      91
     103
      90
     102
     124
      89
     120
     119
     123
     112
     128
     111
     139
     120
     134
      98
     115
      80
     105
     103
      77
      96
     100
     105
      99
      95
      89
      98
      86
      90
     109
      68
     103
      92
     108
      95
      74
      92
      90
      89
      83
      97
      81
      89
     102
      91
     100
      83
      92
     102
      94
      97
      86
      96
      89
     111
      98
      92
     116
      75
      66
      81
      92
      96
      90
      77
      86
      91
     100
      85
      88
      80
      88
     117
      88
      75
     103
      83
      83
      95
      75
     101
     100
     100
      98
      94
      91
      86
      92
      94
      86
      95
      89
      91
      91
      78
      77
     103
      81
      64
     103
     115
      82
      88
      80
      92
      92
      95
     102
      88
      76
      79
      74
     101
      81
      84
      76
      77
      83
      86
      97
      90
      95
      84
      73
      90
      87
      96
      84
      92
      83
      74
     100
      98
      88
      92
      91
      88
      87
      89
      77
      84
      95
      73
      98
      78
      77
      73
      99
      86
      84
     106
      90
     100
      90
      80
     106
      92
     113
     100
      95
     108
     110
     129
     124
     153
     161
     185
     229
     266
     339
     405
     448
     579
     708
     865
     948
    1046
    1091
    1171
    1247
    1287
    1218
    1138
    1081
     919
     871
     734
     651
     518
     408
     340
     289
     218
     204
     171
     123
     128
     118
     107
      98
      78
      77
      95
      64
      96
      72
      72
      64
      90
      61
      75
      86
      73
     101
      81
      98
      79
      84
      68
      79
      85
      71
      70
      68
      71
      81
      59
      69
      78
      76
      71
      85
      61
      71
      71
      82
      53
      81
      93
      75
      98
      53
      63
      60
      67
      79
      91
      75
      78
      73
      61
      87
      78
      61
      73
      75
      74
      60
      63
      67
      75
      59
      67
      70
      72
      69
      67
      57
      80
      78
      74
      76
      78
      56
      89
      65
      75
      70
      83
      71
      66
      73
      82
      82
      77
      63
      83
      57
      94
      78
      71
      77
      72
      70
      88
      71
      87
     104
      76
      69
      77
      77
      75
      86
      78
      67
      74
      81
      74
      57
      66
      79
      77
      73
      84
      66
      82
      83
      78
      75
      74
      74
      66
      71
      65
      81
      71
      84
      66
      63
      73
      84
      71
      85
      88
     102
     111
      81
      93
      90
      92
      81
      87
      75
      84
      80
      75
      74
      63
      71
      72
      73
      67
      81
      64
      91
      76
      60
      62
      57
      65
      77
      84
      74
      70
      73
      93
      75
      96
     126
     143
     193
     250
     410
     464
     588
     606
     578
     497
     487
     356
     255
     152
     119
     101
     113
     109
     107
     120
     148
     162
     164
     175
     138
     123
     108
     111
      93
      80
      74
      68
      71
      66
      61
      65
      72
      75
      66
      77
      69
      72
      62
      68
      88
      62
      64
      64
      72
      67
      70
      58
      64
      56
      65
      57
      64
      66
      73
      72
      60
      68
      52
      61
      70
      60
      89
      64
      65
      59
      80
      94
      70
      73
      65
      67
      59
      70
      66
      67
      51
      69
      56
      55
      74
      73
      61
      66
      67
      82
      53
      67
      66
      74
      71
      71
      59
      58
      76
      76
      73
      61
      73
      77
      65
      85
      74
      71
      68
      73
      93
      68
      90
     108
     118
     101
     107
     123
     106
     100
      78
      81
      81
      76
      86
      68
      71
      71
      70
      65
      60
      61
      60
      49
      83
      86
      73
      53
      58
      72
      66
      56
      56
      63
      61
      78
      55
      68
      68
      71
      68
      67
      66
      68
      71
      70
      56
      69
      54
      78
      76
      74
      76
      61
      72
      64
      60
      65
      80
      55
      58
      75
      73
      68
      74
      61
      65
      67
      69
      74
      68
      72
      64
      73
      68
      63
      66
      60
      66
      57
      70
      54
      82
      68
      71
      62
      58
      64
      55
      63
      60
      58
      59
      74
      57
      67
      71
      65
      84
      79
      59
      77
      68
      47
      78
      70
      63
      64
      59
      71
      73
      61
      65
      56
      61
      71
      72
      66
      58
      57
      48
      69
      64
      76
      64
      58
      70
      69
      65
      63
      68
      64
      70
      64
      73
      69
      85
      65
      69
      53
      68
      53
      67
      70
      69
      81
      93
     116
     145
     167
     236
     282
     312
     354
     350
     313
     311
     229
     202
     134
      98
     105
      80
      80
      68
      65
      73
      51
      79
      73
      67
      81
      63
      67
      74
      69
      61
      54
      71
      62
      82
      77
      68
      57
      65
      70
      77
      71
      73
      81
      62
      87
      82
      72
      74
      73
      73
      82
     115
     117
     134
     173
     177
     143
     152
     155
     125
     110
      93
      93
      70
      63
      68
      76
      65
      49
      78
      59
      52
      58
      61
      68
      71
      71
      50
      77
      67
      61
      72
      74
      81
      83
      85
      79
     105
     111
     119
     124
     104
     111
      97
     101
      91
      73
      77
      69
      72
      74
      76
      69
      59
      75
      75
      73
      59
      71
      67
      72
      68
      67
      76
      60
      75
      68
      65
      63
      70
      54
      58
      60
      73
      83
      60
      61
      62
      67
      54
      67
      53
      59
      57
      62
      63
      70
      66
      69
      76
      61
     107
     126
     117
     167
     214
     273
     321
     379
     420
     389
     392
     307
     258
     171
     184
     130
      98
     100
     113
     121
     117
     150
     224
     232
     247
     328
     288
     267
     283
     278
     249
     221
     188
     168
     122
     114
      82
      81
      78
      57
      65
      60
      75
      67
      63
      77
      63
      75
      45
      68
      63
      75
      66
      57
      66
      63
      74
      60
      75
      73
      71
      65
      78
      71
      64
      63
      78
      67
      62
      83
      53
      79
      55
      52
      63
      63
      62
      54
      66
      63
      66
      57
      60
      56
      63
      83
      64
      55
      67
      57
      71
      61
      52
      74
      69
      59
      63
      50
      53
      74
      51
      48
      72
      66
      62
      61
      53
      73
      67
      61
      65
      77
      62
      55
      71
      54
      59
      61
      72
      74
      69
      73
     117
     121
     120
     131
     135
     160
     132
     131
     123
      96
      85
      68
      59
      64
      74
      52
      70
      54
      55
      61
      52
      42
      64
      79
      44
      53
      70
      60
      52
      57
      49
      54
      37
      61
      58
      39
      62
      52
      66
      58
      65
      45
      62
      48
      43
      52
      53
      59
      48
      57
      47
      67
      64
      58
      51
      74
      44
      53
      53
      74
      66
      80
      89
      88
      69
      66
      87
      81
      65
      69
      51
      61
      52
      48
      56
      46
      44
      55
      41
      43
      42
      57
      46
      59
      53
      49
      45
      39
      55
      62
      53
      56
      46
      55
      46
      55
      57
      62
      53
      51
      55
      52
      48
      55
      48
      54
      51
      52
      51
      52
      55
      52
      62
      60
      66
      76
      80
     103
     121
     163
     223
     309
     389
     456
     493
     497
     418
     381
     314
     230
     187
     116
      77
      52
      67
      53
      56
      42
      44
      46
      52
      47
      37
      56
      53
      38
      51
      63
      53
      46
      61
      56
      54
      34
      58
      41
      57
      55
      57
      49
      47
      52
      43
      50
      55
      52
      46
      43
      48
      51
      45
      46
      44
      47
      49
      51
      51
      47
      37
      58
      53
      49
      47
      38
      32
      38
      49
      67
      40
      38
      57
      48
      54
      49
      52
      47
      46
      35
      48
      40
      40
      56
      57
      62
      40
      45
      62
      45
      30
      42
      52
      52
      56
      58
      66
      61
      80
     103
      86
      91
      88
      64
      91
      79
      57
      68
      39
      46
      47
      50
      28
      40
      62
      38
      50
      46
      43
      49
      48
      52
      40
      54
      53
      38
      53
      51
      55
      59
      68
      81
      59
      60
      64
      72
      57
      46
      52
      57
      42
      57
      58
      38
      55
      50
      50
      44
      57
      41
      46
      42
      53
      50
      39
      40
      43
      40
      41
      35
      53
      41
      58
      40
      41
      38
      32
      53
      50
      35
      45
      50
      50
      40
      46
      42
      43
      36
      32
      33
      47
      53
      38
      38
      55
      42
      54
      51
      41
      53
      46
      50
      49
      53
      45
      48
      41
      47
      42
      34
      52
      44
      36
      47
      51
      48
      51
      40
      38
      35
      45
      41
      39
      50
      49
      48
      41
      47
      44
      36
      42
      53
      45
      44
      36
      47
      44
      41
      34
      44
      41
      36
      52
      60
      47
      37
      39
      34
      68
      46
      39
      54
      57
      65
      76
      96
      93
      94
     101
      98
      90
      71
      72
      55
      45
      50
      45
      43
      35
      45
      33
      44
      40
      43
      49
      47
      36
      42
      34
      40
      39
      52
      34
      48
      44
      30
      48
      40
      32
      44
      51
      41
      44
      28
      40
      44
      56
      53
      50
      38
      36
      45
      53
      42
      25
      33
      39
      46
      40
      46
      42
      31
      38
      49
      40
      33
      51
      50
      42
      31
      47
      33
      40
      37
      34
      39
      29
      31
      37
      35
      47
      37
      57
      52
      47
      67
      52
      76
     101
      94
      85
      84
      89
      77
      54
      49
      51
      42
      49
      42
      42
      37
      46
      40
      43
      52
      48
      54
      92
     108
     140
     196
     263
     319
     326
     316
     360
     314
     327
     232
     164
     142
      80
      72
      46
      60
      54
      52
      52
      47
      50
      45
      34
      42
      30
      32
      33
      41
      38
      41
      46
      33
      38
      31
      33
      36
      37
      31
      33
      42
      31
      37
      30
      40
      41
      31
      42
      31
      46
      37
      43
      37
      31
      29
      38
      40
      34
      42
      41
      27
      24
      20
      40
      36
      31
      33
      40
      40
      34
      34
      32
      46
      38
      37
      43
      35
      37
      34
      36
      37
      33
      21
      35
      25
      41
      40
      34
      43
      35
      30
      35
      45
      44
      35
      43
      46
      39
      34
      40
      36
      38
      45
      28
      37
      38
      26
      39
      49
      32
      30
      31
      32
      32
      33
      40
      34
      45
      35
      31
      29
      29
      42
      28
      44
      46
      31
      42
      37
      34
      44
      32
      31
      39
      27
      37
      38
      43
      40
      34
      31
      35
      43
      28
      30
      42
      28
      33
      31
      34
      37
      33
      42
      42
      33
      35
      42
      37
      35
      41
      27
      35
      32
      32
      32
      41
      30
      25
      38
      30
      29
      30
      23
      32
      28
      40
      36
      33
      31
      44
      30
      33
      22
      36
      35
      27
      41
      25
      37
      29
      22
      31
      23
      26
      30
      31
      35
      35
      33
      36
      42
      37
      43
      41
      40
      34
      41
      42
      33
      47
      42
      44
      39
      47
      46
      45
      28
      36
      28
      46
      43
      35
      39
      40
      32
      36
      42
      43
      40
      42
      32
      39
      34
      24
      33
      42
      38
      33
      36
      46
      30
      30
      33
      38
      38
      39
      32
      33
      31
      30
      44
      41
      44
      37
      47
      46
      44
      66
      82
     108
     140
     169
     212
     208
     238
     207
     219
     190
     139
     132
      89
      71
      52
      46
      33
      35
      42
      30
      30
      31
      36
      38
      32
      38
      35
      37
      29
      29
      33
      39
      33
      45
      33
      36
      26
      29
      37
      31
      38
      38
      30
      37
      22
      31
      37
      34
      31
      38
      29
      26
      43
      28
      31
      35
      27
      39
      34
      35
      37
      47
      55
      52
      51
      54
      57
      46
      49
      52
      40
      54
      33
      34
      36
      38
      32
      36
      33
      28
      44
      28
      35
      25
      21
      42
      28
      29
      27
      42
      32
      41
      31
      35
      36
      39
      35
      31
      26
      35
      30
      39
      24
      22
      36
      30
      29
      34
      23
      39
      38
      44
      36
      32
      35
      44
      29
      24
      31
      39
      22
      44
      36
      37
      36
      35
      23
      31
      34
      43
      31
      38
      31
      27
      42
      38
      30
      32
      28
      41
      45
      28
      39
      29
      30
      32
      31
      34
      36
      38
      29
      33
      31
      38
      30
      29
      32
      43
      35
      38
      29
      33
      35
      37
      25
      28
      34
      39
      43
      34
      31
      36
      29
      41
      22
      31
      33
      42
      29
      35
      58
      40
      60
      48
      62
      70
      66
      79
      77
      67
      69
      51
      47
      40
      48
      33
      26
      37
      29
      32
      39
      24
      26
      29
      36
      32
      33
      31
      29
      39
      35
      38
      26
      21
      30
      29
      42
      28
      26
      30
      33
      26
      37
      34
      33
      36
      33
      42
      23
      45
      32
      25
      32
      35
      65
      64
     102
     113
     218
     294
     479
     729
    1091
    1381
    1843
    2086
    2336
    2460
    2309
    2076
    1684
    1382
     936
     682
     430
     223
     135
      45
      57
      33
      37
      31
      29
      17
      25
      30
      34
      29
      25
      30
      22
      25
      29
      30
      27
      37
      27
      23
      30
      27
      29
      33
      44
      18
      27
      30
      24
      36
      29
      26
      38
      51
      48
      62
      91
      93
     114
     113
     141
     118
     101
      99
      77
      69
      46
      39
      27
      24
      36
      38
      20
      32
      33
      28
      30
      25
      33
      29
      21
      33
      12
      24
      26
      27
      26
      27
      28
      23
      25
      21
      20
      23
      29
      21
      24
      23
      33
      28
      31
      25
      23
      28
      26
      22
      28
      21
      27
      32
      17
      21
      32
      31
      27
      17
      36
      30
      32
      48
      30
      39
      45
      44
      46
      57
      57
      45
      41
      39
      30
      38
      28
      20
      26
      29
      21
      27
      24
      27
      26
      28
      23
      27
      27
      27
      27
      18
      27
      20
      28
      24
      22
      21
      20
      23
      27
      26
      26
      29
      21
      23
      23
      17
      17
      24
      25
      25
      31
      20
      37
      36
      27
      38
      18
      24
      34
      28
      29
      30
      20
      28
      24
      26
      29
      34
      16
      21
      23
      28
      26
      23
      35
       8
      22
      34
      25
      27
      18
      28
      20
      23
      29
      24
      20
      25
      31
      17
      19
      28
      23
      25
      30
      22
      27
      29
      32
      37
      19
      34
      27
      28
      27
      25
      26
      28
      34
      26
      21
      27
      27
      23
      29
      26
      26
      62
      61
      73
     121
     146
     207
     219
     309
     292
     310
     301
     258
     268
     208
     158
     100
      82
      64
      42
      34
      33
      26
      33
      27
      30
      31
      26
      23
      24
      25
      23
      25
      24
      17
      29
      25
      27
      29
      28
      36
      27
      29
      31
      39
      35
      38
      40
      35
      32
      26
      34
      30
      20
      29
      19
      27
      38
      31
      25
      11
      30
      29
      26
      28
      21
      15
      20
      26
      20
      20
      22
      28
      29
      27
      19
      25
      28
      18
      20
      21
      27
      22
      19
      25
      23
      33
      21
      22
      24
      23
      15
      19
      24
      23
      22
      31
       9
      31
      22
      25
      26
      17
      30
      27
      24
      26
      22
      27
      28
      20
      23
      34
      22
      24
      24
      36
      24
      37
      35
      29
      29
      25
      28
      25
      31
      18
      18
      19
      18
      22
      22
      18
      23
      18
      32
      21
      17
      20
      21
      31
      26
      20
      18
      18
      12
      26
      25
      22
      28
      18
      24
      20
      18
      24
      28
      34
      23
      27
      23
      29
      26
      17
      20
      25
      28
      26
      36
      34
      27
      26
      17
      29
      24
      26
      25
      24
      17
      21
      21
      22
      28
      16
      30
      17
      22
      22
      29
      28
      39
      31
      29
      25
      43
      39
      34
      38
      28
      42
      45
      56
      63
      80
      97
     117
     138
     129
     153
     121
     128
     111
      79
      83
      54
      40
      29
      29
      27
      43
      29
      22
      21
      25
      23
      20
      25
      21
      21
      27
      25
      27
      27
      25
      28
      21
      18
      17
      22
      18
      19
      24
      20
      27
      27
      19
      18
      30
      33
      28
      25
      31
      28
      31
      16
      35
      28
      36
      33
      28
      32
      36
      29
      28
      32
      34
      33
      33
      32
      23
      24
      19
      22
      24
      19
      11
      21
      21
      15
      14
      33
      24
      25
      23
      19
      25
      19
      26
      25
      23
      26
      22
      26
      22
      29
      19
      23
      20
      29
      22
      18
      16
      22
      27
      19
      16
      21
      30
      20
      23
      32
      20
      27
      32
      43
      46
      57
      70
      89
     108
     130
     145
     131
     136
     155
     112
      86
      79
      60
      46
      48
      35
      28
      26
      20
      21
      23
      19
      25
      26
      18
      24
      27
      33
      29
      23
      22
      21
      15
      27
      31
      23
      25
      14
      28
      17
      20
      19
      21
      21
      23
      30
      27
      28
      18
      17
      18
      21
      28
      18
      21
      24
      32
      20
      20
      24
      39
      34
      29
      34
      23
      39
      25
      37
      20
      30
      26
      24
      17
      23
      27
      26
      22
      24
      15
      21
      24
      29
      16
      21
      18
      23
      19
      21
      22
      18
      18
      29
      28
      27
      22
      31
      25
      19
      19
      29
      19
      23
      22
      20
      18
      23
      32
      23
      29
      32
      41
      42
      53
      56
      58
      40
      55
      53
      34
      38
      28
      29
      31
      15
      20
      18
      20
      20
      20
      24
      23
      24
      23
      27
      22
      31
      27
      48
      69
      64
      94
     112
     102
     156
     135
     143
     123
     123
     107
      87
      69
      62
      37
      43
      32
      22
      24
      30
      20
      20
      23
      17
      29
      22
      31
      26
      24
      30
      27
      20
      20
      14
      25
      25
      27
      24
      24
      23
      20
      21
      26
      17
      16
      24
      17
      24
      27
      22
      13
      22
      16
      21
      24
      29
      34
      19
      23
      21
      32
      26
      22
      27
      19
      11
      23
      25
      26
      27
      32
      15
      21
      27
      14
      19
      30
      26
      27
      30
      23
      23
      32
      36
      15
      18
      27
      22
      23
      20
      19
      20
      19
      26
      30
      22
      24
      22
      18
      25
      23
      24
      23
      22
      19
      28
      27
      36
      38
      27
      25
      24
      18
      20
      22
      22
      27
      23
      29
      18
      25
      16
      21
      22
      23
      21
      30
      36
      21
      20
      21
      17
      29
      22
      17
      23
      27
      25
      34
      23
      26
      18
      35
      22
      25
      27
      32
      22
      20
      25
      20
      28
      17
      25
      27
      27
      27
      23
      30
      16
      38
      27
      23
      21
      27
      20
      24
      16
      22
      26
      24
      21
      23
      23
      26
      18
      28
      27
      25
      30
      19
      23
      29
      27
      19
      12
      16
      28
      26
      25
      21
      26
      24
      20
      26
      27
      26
      23
      33
      31
      24
      20
      33
      29
      37
      25
      20
      27
      34
      29
      22
      14
      30
      21
      29
      29
      30
      17
      23
      22
      23
      33
      25
      15
      23
      20
      25
      16
      16
      28
      33
      26
      22
      21
      22
      17
      23
      23
      26
      24
      19
      21
      20
      21
      18
      17
      22
      19
      18
      20
      15
      22
      20
      29
      27
      40
      31
      36
      46
      42
      45
      34
      42
      35
      38
      38
      32
      22
      35
      47
      59
      53
     116
     126
     157
     210
     230
     252
     290
     306
     251
     282
     223
     155
     149
     105
      71
      41
      37
      40
      18
      17
      17
      17
      18
      17
      19
      18
      15
      27
      13
      21
      18
      13
      20
      22
      26
      19
      17
      21
      16
      24
      25
      17
      22
      17
      18
      17
      17
      21
      19
      17
      12
      19
      27
      20
      17
      22
      17
      12
      18
      21
      20
      16
      16
      24
      23
      20
      20
      16
      15
      15
      18
      21
      18
      23
      20
      28
      23
      14
      15
      17
      26
      15
      19
      27
      21
      12
       9
      21
      14
      17
      24
      20
      13
      13
      14
      18
      18
      18
      25
      16
      19
      24
      26
      20
      34
      16
      26
      25
      36
      37
      36
      33
      39
      24
      35
      28
      24
      20
      17
      25
      15
      25
      19
      17
      21
      18
      13
      20
      24
      21
      20
      17
      22
      23
      21
      17
      20
      19
      20
      18
      21
      19
      19
       8
      16
      19
      19
      24
      14
      20
      18
      26
      15
      17
       7
      14
      21
      13
      14
      19
      16
      11
      15
      17
      12
      19
      18
      17
      24
       8
      26
      17
      19
      22
      19
      20
      16
      15
      18
      21
      18
      19
      16
      13
      14
      21
      17
      18
      19
      16
      23
      22
      19
      34
      28
      45
      65
      72
      99
     122
     154
     170
     194
     228
     195
     163
     144
     110
      89
      75
      55
      33
      30
      22
      12
      21
      26
      14
      14
      13
      20
      12
      13
      24
      15
      14
      13
      17
      22
      19
      17
      16
      17
      15
      16
      21
       7
      15
      13
      14
      10
      18
      20
      16
      12
      17
      14
      18
      15
      16
      18
      19
      15
      18
      16
      21
      17
      16
      11
      13
      13
      21
      20
      12
      15
      15
      22
      16
      21
      16
      21
      13
      13
      23
      12
      19
      21
      15
      12
      19
      14
      14
      17
      11
      18
      12
      13
      11
      17
      16
      12
      13
      14
      18
      13
      10
      13
      25
      15
      10
      17
      16
      10
      10
       9
      16
      16
      15
      17
      13
       8
      17
      18
      16
       9
      17
      16
      15
       9
       9
      16
       9
      20
      11
      19
      12
      13
      14
      14
      16
       7
      10
      14
      11
      18
      16
      15
      14
      14
      15
       7
      12
      15
      12
      15
      17
      16
      20
      22
      16
      14
      18
      17
      13
      10
      11
      19
      12
      11
      22
      18
      11
      17
      15
      11
      14
      15
      13
      19
      14
       6
       8
      12
      13
       5
      12
      12
      18
      19
      21
      14
      10
      13
      10
      19
      18
      23
      29
      24
      44
      47
      64
      55
      69
      81
     100
      84
      71
      60
      66
      55
      41
      38
      22
      21
      16
      13
      22
      12
       6
      17
      16
      13
      17
      23
      19
      20
      14
      20
      22
      17
      19
      19
      21
      15
      21
       9
      12
      17
      18
      14
       7
      14
       8
      11
      16
      10
      13
      10
      18
      14
      15
       9
      15
      12
      13
      14
       9
       8
      13
      11
      14
      19
      10
      12
      21
      14
      10
      19
      15
      11
       8
      13
       9
      15
       8
      12
      11
      15
      14
      13
       9
      13
      12
       6
       2
      14
       9
      17
       9
      13
      12
      10
      13
      11
      13
      13
       8
      13
      12
       8
      15
      11
      16
      19
      10
       8
      16
      13
      16
       9
      11
      13
       3
      17
      12
       7
       6
      13
       6
      12
      17
       7
      17
       2
      15
       9
      13
      11
      15
      15
      16
      10
      20
      11
      17
       8
      12
       9
       9
      12
      10
      10
      16
       5
      20
       9
      12
       8
       9
      12
       9
      10
      15
      11
      18
      14
      11
      11
      11
      11
      16
      19
      18
      18
      11
      19
      15
      15
      10
       8
      15
      18
      10
      14
      13
      16
      20
      16
      17
      16
      16
      11
      16
      19
      10
      10
      14
      13
       9
      14
       9
      10
      10
      16
       8
      16
       8
      11
       8
      15
      11
       8
       9
      16
      10
       8
      10
      10
      14
      14
      11
      17
       7
      10
      13
       8
       9
       7
      10
       8
      17
      11
      15
       8
      18
      11
       9
       6
      13
       9
       8
      11
      12
       9
       9
      10
       5
      11
      10
      11
      14
      11
       6
       7
       8
      11
      10
      10
      10
      11
       6
       8
       9
      10
       9
      16
      13
      18
      12
       8
      13
      10
       9
       9
      11
       7
      14
      10
       8
       8
      14
       7
      10
      10
      11
       9
      13
      10
       3
       3
      10
       5
       9
       4
      10
      12
      10
       8
      17
       7
      15
      11
      13
      18
      18
      16
      21
      23
      31
      38
      43
      37
      49
      51
      51
      45
      42
      38
      33
      23
      25
      16
      16
      20
      16
       9
      12
      10
      13
      10
      12
      10
      11
      14
      12
      16
      16
      17
      12
       7
      22
      15
       9
       6
      13
      19
      14
      12
      17
      27
      17
      12
      12
      18
      19
      10
      18
      13
       9
      15
      12
      12
      16
       6
      13
      10
      13
      11
      11
      13
      10
      11
       4
      14
      12
       9
       4
       9
       5
      11
       6
      10
      11
      13
       5
       7
       9
      14
      10
       3
       9
       7
       5
      10
      10
       6
       8
       9
       7
      10
       4
       9
       8
      14
      13
      17
      10
       8
       4
      14
       8
      13
       8
      11
      12
      12
      16
      14
      27
      14
      17
      17
      18
      16
      13
      19
      14
       9
       8
      13
      13
      11
       7
      15
       8
      11
       9
      14
      15
      10
      12
       7
      10
       9
      11
       8
       6
       7
      12
       6
      11
      14
      12
      12
       7
       3
       8
      11
       7
      10
       7
       6
       9
      12
      14
       5
      11
      10
      13
       5
       7
       6
       7
      12
      12
      11
       6
      10
      10
       6
      12
       9
       9
       5
       8
      11
      12
       7
      11
       6
      10
       9
      11
      10
      11
       7
      12
       6
      15
      10
      11
       9
      12
       8
       7
       9
       9
      14
       8
       7
       9
      11
       9
       7
      12
       9
       9
       9
       6
      14
      11
       7
       8
      11
       9
      10
       9
      11
       9
       7
       4
       9
       8
      11
       5
      12
      11
      11
      12
       7
       9
      12
       8
       4
       5
       5
      11
       7
      11
      11
       9
       5
      11
      13
       6
       7
       6
       6
       6
       8
       9
       9
       7
       9
       7
       7
       8
      14
       3
      10
       9
      10
       7
       7
      12
      11
       6
       6
       5
      17
      11
       9
       9
       5
       6
      10
       9
       9
      14
      10
      14
       9
      17
       7
      14
       9
       8
      10
      10
      15
      13
       9
       6
      12
      12
       9
      12
      13
      11
      10
      11
      17
      11
      23
      15
      32
      35
      47
      79
     107
     141
     200
     353
     424
     541
     723
     850
    1020
    1112
    1115
    1031
    1004
     866
     746
     555
     421
     311
     193
     114
      75
      37
      28
      18
       7
       8
      12
       8
      12
       5
       3
       7
       6
      10
       3
       9
       4
       8
       5
       8
       9
       9
      10
       7
       6
       4
       8
       5
       5
       7
       2
       7
       3
       2
      10
       8
       9
       4
       5
      10
       7
       8
       8
      11
       9
       5
      12
       6
       6
       7
      12
       6
       5
       5
      10
       6
       9
       6
       7
      10
       8
       5
       6
       8
      10
      13
       3
       4
      10
       7
      10
      12
      11
      12
      17
      20
      18
      17
      20
      38
      28
      33
      21
      18
      16
      11
      16
      10
      13
       8
       7
       8
       6
       9
       4
       7
      10
      15
      12
      16
       5
       9
       6
      14
      14
       7
      11
      11
       4
      12
       5
       6
      10
      11
       6
       7
      12
       6
       4
       9
       8
       9
      12
       3
       6
       7
       7
       6
       4
       6
       6
      11
       8
      10
      12
      11
       9
       4
       5
       6
       8
       6
       3
       6
       9
       4
       5
       5
       3
       6
       4
       7
       9
       5
       7
       5
      12
       4
       8
      20
       5
       5
       7
      16
       3
       8
      11
      18
      14
      18
      16
      20
      15
      12
      22
      13
      12
      13
      11
       6
       7
      10
      12
       8
       3
       5
       4
       6
       5
       1
      10
       7
       7
       7
       3
       6
       4
       6
       5
       6
       5
       6
       7
       4
       7
       7
       6
       4
       6
       6
       6
       6
      12
       3
      10
       8
       7
       4
       4
       7
       4
       6
       7
       8
       3
       6
       7
       9
       8
       8
       3
       7
       2
       7
       4
       8
       4
       5
       7
      12
       3
       8
       3
       4
       9
       6
       7
       5
       5
       5
       7
       9
       4
       7
      12
       5
       5
      10
       5
       9
      12
      11
       9
       7
       5
       5
      10
       6
       9
       6
       9
       6
       9
       6
       9
       7
       6
       7
       8
       9
      16
      15
      17
      11
      13
      15
      11
      18
       9
       7
       6
      11
       9
       5
       9
       9
       8
      10
       8
       6
      10
       6
       7
       8
       7
       6
       3
       9
       9
       7
       6
       8
       7
       9
       5
       5
       6
      10
       5
       6
       5
       4
      10
       7
       5
       4
       8
       5
       8
       9
       7
      10
       3
       7
       5
       6
       6
       9
       8
       7
       6
       5
       9
       7
      12
       6
      15
      13
       6
      14
      12
      23
      25
      38
      54
      61
      57
      91
      87
     111
     103
      79
      77
      78
      57
      46
      37
      21
      21
      24
      14
       9
       9
       5
       6
       8
       4
       7
       1
       4
       7
       2
      11
       3
       9
       6
       9
       8
       9
      17
      12
       5
       8
       5
       6
       3
       7
      11
       5
       6
       6
       8
       3
       5
      11
       9
       9
       7
       8
       5
       2
       6
       5
       3
       7
       6
       9
       5
       7
       3
       5
       8
       2
       8
      12
       4
       5
      10
       3
       9
      10
       9
       6
       6
       5
       6
      11
       5
       5
       6
      12
      11
       6
       6
      12
      10
      13
      11
       9
       6
      12
       8
       3
      11
       7
      13
      17
      19
      14
      10
      10
      10
      12
       7
      13
       6
       8
      10
       4
       3
       2
      15
      10
       5
       8
       5
       1
      13
      13
       9
       4
       5
       7
       5
       7
      13
       5
       8
       4
       8
       8
       8
       1
       2
      12
       4
       7
       9
       9
      11
       6
      10
       8
       7
       7
       6
       3
       4
       5
       6
      10
       8
      12
       6
       8
      10
      16
      12
      11
       8
      13
      14
      10
      14
      11
      11
      18
       8
      12
       4
      14
       9
       5
       7
       9
       3
       6
       5
       5
       5
       7
       4
       6
       9
       9
       8
       5
       5
       7
       7
       6
       9
      11
       9
       7
       3
       8
       5
      11
       3
       9
       4
       3
       6
      10
       8
      10
       5
       4
       5
       6
       7
       3
      10
       6
       3
       7
       9
       3
       8
      11
       6
       6
      14
      12
       6
       8
       4
       8
      17
      12
       6
      24
      20
      28
      40
      57
      59
      61
      59
      65
      61
      71
      66
      60
      34
      41
      18
      25
      25
      11
      13
       6
       5
      10
       6
      11
       7
       7
       6
       7
       2
       4
       5
       5
       5
       4
       6
       9
       3
       7
       6
       4
       6
       6
       3
       5
       7
       7
       8
       4
       3
       4
       7
       7
       7
      12
       8
       6
       6
       7
       2
       4
       5
       6
       4
       5
       4
       6
       8
       4
       5
       3
       3
       5
       5
      13
       9
       0
      11
       4
       6
       7
       3
       6
       6
       6
       7
       8
       6
       6
       7
       2
       5
       7
       9
       7
       5
       8
       8
       6
       9
       6
       2
       9
       9
       6
       8
       1
       9
      10
      10
       6
       3
       8
      10
       9
       6
       6
       6
       5
       8
       7
       8
       6
       2
       7
       5
       8
       5
       3
       2
       7
       8
      10
       6
       5
      12
       8
       6
       8
       5
       9
       7
       7
       4
       8
       6
       5
       3
       6
       4
       4
       4
       6
       6
       8
      10
       6
       5
       7
       2
       2
       4
       6
       3
       5
       6
      12
       8
       2
       7
       3
       2
       6
      10
       6
       8
       7
       1
       7
       3
       9
       3
       2
       7
       8
       7
       3
       6
       3
       6
       8
       3
      12
      12
       7
       3
       5
       5
       3
       7
       3
       3
       7
       8
       5
      11
       4
       2
       5
       7
       7
       6
       8
       7
       3
       2
       6
       6
       3
       7
       7
       5
       8
       3
       3
       7
       2
       3
       6
       3
       4
       5
       9
       4
       6
      11
       2
       6
      10
       7
      12
      14
      11
       9
       9
       3
       9
      10
      10
       9
       9
      12
       5
      12
      12
      11
       4
      10
       6
       6
      17
       6
       5
       6
       7
       4
       8
       4
       4
       4
       2
      11
       4
       8
       2
       7
       3
       3
       7
       5
       7
       6
       7
       5
       4
       7
       9
       6
       5
       9
       3
      12
      10
       3
       6
       8
      15
       4
       2
       5
       8
       8
       6
       5
       3
       7
       5
      10
       4
       5
       7
       8
       7
      13
       9
       6
       6
       5
       9
       5
       5
       4
       8
       9
       7
       2
       9
       5
       8
       7
       2
       8
       6
       5
       7
       6
       3
      10
       5
       4
       8
      10
       8
       5
      10
      10
       5
       4
       8
       7
      14
      13
       4
       4
       6
       1
       5
       8
       5
       3
       6
      12
       7
       9
       5
       8
       4
       6
       4
       5
      13
       6
       9
       6
       6
       8
       9
       8
       3
       9
       7
       7
       8
       6
       8
       4
       7
       6
       3
       7
       5
      11
       3
       4
       6
       4
      10
       8
       6
       8
       6
       5
       6
       2
       6
       6
       6
       4
       6
       7
       4
      13
       5
       4
       5
       8
       6
       4
       6
       4
       8
       4
       4
       7
      12
       6
       8
       9
      10
       8
       6
       8
       9
       6
       1
       2
       6
       8
       5
       8
       4
       9
       5
       6
       6
       6
       7
       8
       4
       6
      12
       8
       8
       9
      11
       9
       7
      12
      10
      12
       8
       5
       5
       3
       6
      11
       6
       9
       2
       4
       6
       4
       5
       7
      10
       6
      10
       8
      10
      10
       8
       7
       9
       4
       3
       5
       7
       2
       3
       5
       8
      11
       5
       4
       6
      12
       6
       7
       5
      10
      10
       4
      14
      13
      18
      19
      17
      26
      15
      30
      27
      29
      40
      34
      35
      31
      25
      22
      15
      17
      11
      13
       7
       3
       8
       9
       9
       7
       2
      10
       5
       7
       7
       7
       7
       9
       7
       5
       5
       8
       6
       7
       3
       5
       6
       6
       4
       5
       8
      10
       6
       5
       5
      11
       4
       8
       4
       2
       9
       9
       5
       4
       7
       2
       5
       8
      10
       8
       5
       6
       4
       0
       7
       8
       7
      10
       4
       5
       7
       6
       4
       4
       2
       9
       8
       2
       4
      11
       5
       8
       5
       4
       5
       2
       6
       7
       8
       6
      11
       8
       8
       5
       3
       4
       3
       6
       3
       8
       9
       4
       5
       2
       8
       6
       6
       3
      10
       8
       3
       4
       6
       6
       8
       4
       3
       6
       6
       9
      11
       6
       6
       4
       6
       4
       7
       6
       4
       6
       7
       4
       7
       4
       5
       7
       6
       1
       7
       7
       5
       8
       3
       3
       6
       9
       5
       8
       5
       7
       5
       4
       7
       8
       6
      10
      10
       5
      11
       9
       6
       4
       6
      12
       8
       4
      10
       8
       3
       4
       8
       6
       9
       5
       8
       8
       7
       6
       5
       7
      13
       4
       9
      10
       9
       3
       6
       9
       5
       7
       5
       9
       3
      11
       8
       3
      11
       6
       5
       3
      12
       7
       5
       6
       6
       8
      11
       8
       3
      11
      11
       4
      11
       6
       3
       8
       8
       6
       5
       5
      12
       8
       6
       6
       6
       9
       4
       4
       5
      13
       9
       5
       8
       4
       4
       5
       6
       8
       6
       7
       3
       9
       8
       5
       5
       5
       7
       4
       4
       9
       7
      16
       5
       5
       7
       7
       4
       4
       4
       5
       8
       5
       9
       6
       4
       5
       7
       3
       7
       8
       8
       3
       4
      13
       4
      10
       5
       6
       3
       5
       6
      10
       5
       9
       5
       9
       1
       8
       8
       4
       5
      10
       2
       9
       6
       7
       5
       6
       6
       3
       2
       6
       7
      13
      10
      12
       5
       8
       6
       4
       5
       3
       9
       9
       4
       7
      10
       5
      17
      18
       4
       7
      10
      15
       6
       3
       9
      11
       7
       7
       5
       5
       2
       6
       9
       6
       5
       3
       8
       7
       5
       8
       5
       5
       4
       7
       6
       8
       8
       3
       5
       6
       4
       7
       8
       1
       6
       9
      10
       6
       6
       9
       7
       7
       7
      12
      13
       9
      17
      13
      12
      22
      12
       9
      17
      10
       7
       6
       8
       5
       9
       4
       7
       9
       3
       6
       7
       8
       8
       4
      11
       6
       3
       3
       7
       6
       9
       6
      13
      11
      10
      12
      11
      12
       3
       7
       7
      12
       8
      12
       6
       6
       8
       7
       8
       6
       5
       3
      10
       6
       8
       5
       8
       5
       8
       6
       4
       9
       5
       8
      13
       7
       5
       6
      11
       8
       7
       8
       8
      10
       8
       4
       5
       6
       9
       7
       6
       6
       6
       8
       5
       5
       3
       8
       5
       7
       1
       6
       6
       7
       5
       6
      15
       4
       6
       5
       8
       7
       3
       8
       2
       3
       4
       6
       4
       3
       9
       2
       3
       5
       6
       5
       6
       7
       2
       7
       4
       3
       3
       6
       9
      11
       9
       8
       3
       7
       6
       2
       8
       3
       8
      13
       5
       1
       7
      11
       4
       5
       7
       9
       7
       5
       8
       7
       4
      10
       5
       6
       3
       6
       8
       2
       3
       1
       4
       6
       4
       3
       7
       3
       5
       5
       5
       5
       5
       7
       8
       4
       4
       3
       2
       4
       7
       7
       9
       4
       8
       5
       7
       2
       5
       8
       6
       5
       3
       7
       8
       6
       3
       6
       7
      11
       7
       6
       5
       5
       5
       6
       4
       3
       6
       6
       0
       8
       7
       8
       9
       7
       5
       9
       9
       7
       8
       8
      12
      13
       9
       9
      11
       8
       8
      10
       3
       6
       5
       5
      11
       7
       5
       3
       7
       6
       3
       3
       8
       6
       4
       6
       8
       2
       4
       1
      11
       4
       8
       5
       2
       4
       5
      10
       5
       3
       7
       2
       3
       6
       4
       3
       3
       4
       6
       2
       5
       8
       2
       5
       9
       4
       5
       5
       3
       6
       5
       6
       9
       4
       6
       4
       2
       8
       7
       4
       3
       2
       1
       5
       2
       7
       3
       2
       4
       4
       6
       8
       6
       4
       6
       9
       6
       5
       5
       6
      10
       7
       5
       6
       3
       5
       6
       4
      10
       8
       3
       4
       3
       5
       4
       5
       7
       6
       4
       7
       3
       5
       4
       5
       6
       7
       4
       0
       1
       9
       7
       4
       2
       8
       7
       2
       5
       9
       8
       6
       5
       5
       4
       9
       2
       5
       4
       5
       6
       7
       2
       6
       2
       5
       5
       5
       2
       2
       6
       3
       4
       7
       6
       9
       2
       6
       5
       9
       3
       5
       6
       3
       4
       6
       4
       7
       7
       2
       2
       6
       2
       5
       6
       3
       4
       3
       7
       7
       6
       3
      10
       4
       4
       7
       3
       3
       1
       7
       6
       3
       0
       4
       3
       4
       7
       6
       8
       5
       7
       6
       5
       2
       3
       7
       6
       5
       5
       9
       5
       3
       7
       9
       5
       7
       4
       9
       7
       6
       3
       6
      11
       9
      11
      18
       9
       9
       8
      10
      18
       9
       9
      11
       7
      13
       3
       4
       9
       5
       9
       2
       5
       3
       7
       6
       3
       5
       8
       9
       6
       6
       5
       4
       4
       7
      10
       3
       5
       9
       2
       4
       5
       6
       8
       3
       3
       9
       3
      10
       2
       2
       6
       5
       8
       5
       5
       3
       7
       6
       3
       4
       5
       7
       4
       9
       5
       4
       6
       4
       8
       6
       5
       7
       3
       6
       6
       2
       6
       7
       2
       4
       3
       4
       5
       5
       4
       3
       5
       4
       7
       6
       7
       2
       7
       4
       6
       6
       4
       3
       6
       6
      10
       6
       7
       7
       3
       5
       6
       4
       4
       1
       5
       5
       1
       2
       4
       2
       3
       4
       8
       8
       3
       5
       2
       5
       3
       2
       5
       7
       2
       4
       5
       4
       6
       1
       4
       5
       4
       9
       5
       6
       6
       4
       6
       5
      10
       8
       8
      13
      13
      12
      11
      14
      17
      10
      10
      14
       7
       9
       5
      11
       5
       6
       2
       5
       4
       3
       4
       7
       8
       2
       3
       4
       4
       3
       5
       8
       6
       4
       5
       8
       8
       6
       8
      11
      10
      25
      23
      27
      40
      27
      30
      36
      44
      45
      44
      33
      33
      22
      21
      14
       8
       7
       6
      11
       7
       7
       6
       7
       4
       8
       8
       4
       1
       7
       5
       4
       3
       5
       2
       3
       2
       4
       6
       5
       5
       3
       4
       3
       1
       1
       9
       3
       5
       3
       4
       1
       2
       4
       3
       3
       1
       7
       4
       8
       0
       3
       5
       3
       8
       5
       8
       7
       4
       1
       4
       2
       1
       7
       0
       3
       2
       4
       8
       3
       5
       2
       3
       1
       5
       4
       6
       7
       5
       3
       2
       1
       5
       5
       8
       4
       4
       3
       6
       4
       0
       4
       2
       2
       3
       5
       2
       2
       5
       2
       3
       3
       3
       6
       3
       3
       4
       6
       2
       2
       5
       5
       4
       3
       2
       2
       5
       3
       2
       4
       4
       2
       2
       5
       3
       3
       3
       4
       2
       2
       3
       6
       6
       4
       9
       4
       5
      10
       1
       2
       2
       3
       2
       6
       8
       2
       4
       3
       5
       2
       5
       6
       2
       5
       6
       5
       7
       3
       2
       2
       4
       4
       7
       5
       8
       6
       4
      10
       5
       3
       7
       3
       7
       3
       4
       8
       7
       1
       6
       9
       2
       8
       3
       5
       5
       8
       2
       2
       4
       6
       1
       3
       1
       3
       0
       3
       3
       5
       2
       5
       2
       4
       4
       6
       1
       7
       3
       4
       3
       2
       6
       6
       7
       2
       3
       6
       5
       7
       8
       2
      10
       3
       5
       4
       5
       4
       6
       0
       5
       2
       5
       3
       2
       5
       3
       6
       2
       3
       4
       3
       4
       7
       4
       2
       1
       6
       1
       4
       3
       6
       2
       2
       4
       1
      10
       3
       3
       3
       2
       7
       8
       5
       3
       5
       3
       6
       4
       2
       3
       2
       3
       3
       4
       4
       3
       5
       3
       0
       1
       2
       2
       4
       3
       5
       7
       7
       5
       6
       5
       5
       6
       4
       3
       4
       4
       3
       2
       4
       4
       4
       2
       4
       5
       4
       4
       2
       0
       5
       2
       7
       5
       5
       5
       2
       6
       3
       8
       5
       6
       6
       2
       5
       4
       2
       1
       4
       8
       5
       4
       4
       5
       3
       3
       5
       7
       6
       3
       5
       5
       6
       2
       2
       2
       4
       4
       4
       2
       5
       5
       5
       4
       4
       5
       5
       5
       4
       4
       6
       9
       3
       2
       4
       2
       1
       5
       8
       4
       5
       4
       1
       7
       6
       2
       7
       5
       4
       4
       3
       3
       7
       5
       1
       3
       1
       4
       4
       5
       6
       5
       1
       2
       5
       3
       4
       7
       3
       3
       3
       3
       6
       5
       5
       1
       2
       5
       4
       7
       4
      12
       6
       3
       3
       5
       2
       7
       3
       4
       6
       5
       5
       5
       2
       4
       5
       8
       6
       6
       1
       3
       2
       4
       6
       2
       3
       2
       4
       1
       2
       5
       5
       6
       4
       3
       4
       5
       3
       8
       5
       5
       4
       7
       2
       4
       3
       7
       5
       4
       6
       6
       4
       2
       6
       7
       3
       9
       3
       4
       6
       4
       4
       5
       4
       4
       4
       8
       7
       3
       6
       7
       4
       5
       6
       7
       4
       6
       3
       5
       8
       6
       2
       6
       5
       6
       5
       3
       6
       6
       3
       2
       9
       3
       5
       1
       4
       4
       3
       7
       3
       2
       2
       1
       6
       7
       2
       7
       1
       2
       1
       3
       2
       3
       2
       6
       5
       3
      10
       2
       6
       8
       7
       7
       8
       6
      10
       5
      10
       6
       4
      12
       6
       5
       5
       2
       6
      10
       7
       5
      11
      11
      17
      27
      16
      31
      36
      38
      60
      84
     100
      90
     142
     138
     164
     159
     163
     176
     172
     136
     133
     107
      96
      82
      41
      32
      20
      17
       7
       5
       8
       4
       1
       4
       4
       5
       3
       5
       4
       3
       5
       3
       4
       4
       6
       2
       5
       5
       2
       2
       2
       4
       5
       5
       2
       3
       1
       4
       5
       2
       5
       3
       3
       4
       4
       5
       5
       2
       9
       3
       4
       7
       7
       1
       4
       3
       4
       4
       5
       2
       5
       2
       4
       8
       5
       7
       5
       4
       5
       3
       5
       4
       4
       5
       3
       5
       3
       2
       6
       6
       3
       4
       4
       4
       3
       4
       4
       5
       3
       4
       3
       7
       9
       3
       4
       8
       1
       2
       3
       4
       7
       4
       4
       2
       4
       4
       4
       7
       5
       5
       5
       5
       3
       1
       1
       2
       6
       1
       3
       6
       6
       9
       7
       5
       4
       3
       4
       1
       2
       4
       1
       2
       3
       4
       5
       4
       6
       4
       9
       5
       4
       7
       3
       4
       4
       1
       4
       4
       4
       3
       1
       7
      10
       6
       4
       6
       6
       6
       5
       6
       5
       3
       6
       8
       6
       6
       5
       7
       9
       7
       6
       2
       8
       5
       8
       1
       3
       1
       5
       5
       3
       2
       8
       2
       7
       6
       5
      10
      10
       7
       4
      12
       6
       9
      14
       8
       9
      12
       6
       6
       6
       9
       3
       4
       4
       3
       2
       5
       7
       2
       2
       4
       3
       7
       4
       2
       1
       2
       3
       2
       4
       1
       3
       3
       3
       2
       3
       3
       2
       3
       2
       5
       5
       5
       0
       4
       3
       3
       2
       2
       5
       3
       3
       5
       4
       2
       6
       4
       3
       4
       5
       3
       5
       8
       1
       6
       8
       3
       3
       1
       2
       7
       4
       8
       6
       5
       6
       5
       6
       1
       4
       2
       4
       4
       3
       4
       1
       2
       4
       5
       5
       3
       2
       1
       4
       3
       2
       2
       5
       3
       2
       1
       2
       1
       5
       2
       4
       4
       0
       6
       6
       3
       7
       2
       2
       2
       2
       1
       4
       2
       5
       3
       2
       3
       2
       7
       4
       3
       2
       5
       4
       1
       3
       7
       5
       1
       2
       3
       2
       5
       2
       4
       3
       4
       3
       0
       2
       2
       3
       5
       2
       1
       4
       1
       3
       5
       5
       3
       6
       3
       7
       4
       7
       2
       3
       3
       2
       4
       3
       3
       6
       5
       2
       2
       4
       2
       3
       5
       1
       4
       3
       8
       3
       0
       2
       1
       2
       4
       1
       3
       7
       4
       5
       5
       5
       1
       2
       0
       5
       4
       3
       5
       6
       5
       2
       4
       3
       4
       2
       3
       7
       2
       6
       2
       6
       7
       5
       1
       2
       1
       0
       4
       2
       4
       4
       3
       1
       4
       1
       1
       5
       5
       5
       2
       3
       5
       7
       3
       3
       2
       2
       3
       2
       5
       1
       1
       1
       2
       4
       2
       6
       1
       2
       1
       2
       3
       0
       3
       5
       6
       5
       4
       0
       5
       3
       4
       4
       2
       2
       3
       0
       2
       6
       4
       4
       2
       6
       4
       5
       3
       5
       2
       5
       1
       2
       5
       2
       4
       2
       5
       7
       4
       1
       2
       2
       2
       4
       2
       2
       6
       0
       2
       6
       6
       5
       2
       2
       7
       1
       5
       3
       3
       4
       3
       2
       3
       1
       1
       5
       1
       3
       5
       4
       2
       4
       5
       5
       6
       2
       2
       3
       8
       7
       8
       5
       6
       3
       5
       8
       5
       6
       3
       2
       4
       1
       5
       3
       1
       1
       5
       0
       1
       4
       2
       6
       6
       6
       3
       5
       4
       2
       6
       3
       2
       1
       1
       4
       5
       6
       4
       0
       3
       3
       5
       4
       4
       4
       4
       4
       1
       7
       5
       2
       6
       5
       5
       5
       2
       1
       2
       5
       2
       2
       3
       0
       1
       3
       2
       3
       3
       1
       2
       4
       4
       2
       0
       2
       6
       2
       2
       3
       4
       4
       4
       2
       3
       4
       4
       3
       3
       2
       3
       1
       2
       4
       3
       4
       2
       0
       2
       1
       1
       2
       1
       3
       2
       1
       5
       3
       3
       3
       3
       3
       3
       1
       3
       4
       1
       2
       2
       1
       0
       7
       4
       3
       7
       0
       1
       1
       3
       1
       0
       2
       5
       2
       3
       3
       3
       2
       9
       0
       3
       6
       1
       1
       3
       2
       1
       7
       3
       2
       2
       1
       4
       4
       2
       0
       2
       3
       2
       2
       3
       1
       4
       3
       3
       5
       1
       1
       0
       3
       6
       2
       7
       3
       3
       3
       5
       4
       4
       1
       3
       2
       3
       3
       2
       3
       4
       3
       2
       5
       2
       2
       4
       6
       4
       4
       5
       2
       1
       3
       2
       5
       4
       2
       2
       0
       2
       1
       3
       5
       4
       3
       0
       2
       1
       2
       4
       2
       4
       3
       0
       4
       4
       3
       0
       3
       6
       1
       2
       3
       1
       2
       3
       3
       2
       4
       4
       5
       2
       2
       2
       5
       4
       3
       1
       4
       0
       1
       2
       4
       3
       3
       3
       2
       2
       0
       3
       1
       3
       3
       4
       2
       2
       6
       4
       1
       4
       1
       5
       0
       6
       2
       2
       3
       7
       4
       7
       3
       5
       3
       2
       1
       4
       3
       7
       2
       2
       0
       1
       1
       0
       3
       2
       2
       1
       7
       3
       2
       4
       4
       1
       3
       3
       3
       3
       3
       3
       1
       5
       3
       2
       4
       4
       4
       4
       3
       2
       3
       3
       4
       2
       1
       2
       2
       6
       2
       7
       2
       5
       3
       0
       1
       1
       1
       0
       3
       3
       2
       2
       2
       3
       2
       1
       2
       4
       2
       6
       1
       2
       2
       4
       6
       2
       3
       1
       2
       1
       0
       3
       1
       5
       2
       1
       0
       2
       2
       1
       1
       1
       4
       2
       1
       3
       1
       2
       4
       4
       3
       3
       6
       1
       3
       0
       5
       0
       3
       1
       2
       2
       1
       1
       2
       4
       3
       1
       3
       0
       1
       2
       2
       2
       4
       5
       3
       2
       1
       2
       1
       3
       0
       2
       1
       1
       4
       1
       3
       0
       3
       2
       2
       3
       6
       0
       5
       5
       2
       3
       5
       5
       8
       3
       4
       4
       9
       4
       7
      11
       5
       7
       7
       6
      10
      13
      10
       7
       4
       3
       3
       2
       4
       2
       2
       3
       0
       0
       4
       3
       3
       1
       1
       1
       2
       2
       6
       3
       1
       3
       7
       1
       0
       1
       3
       1
       2
       1
       1
       2
       4
       2
       4
       3
       4
       4
       4
       1
       4
       2
       3
       5
       0
       1
       4
       4
       2
       2
       2
       1
       1
       1
       5
       5
       4
       3
       4
       4
       1
       5
       1
       2
       3
       3
       4
       4
       3
       5
       4
       2
       0
       0
       3
       1
       2
       1
       5
       1
       6
       2
       3
       1
       5
       5
       2
       1
       6
       1
       2
       1
       1
       1
       4
       3
       1
       3
       3
       3
       1
       1
       1
       2
       1
       0
       0
       0
       3
       3
       1
       1
       4
       4
       1
       4
       3
       3
       0
       2
       4
       6
       0
       2
       0
       1
       5
       7
       4
       0
       2
       2
       1
       4
       1
       2
       4
       0
       2
       2
       1
       4
       2
       4
       4
       2
       2
       2
       5
       6
       8
       7
       5
       9
       6
      13
      19
      11
      20
      12
      14
      13
      17
      11
      13
      10
       7
       6
       7
       6
       4
       2
       2
       0
       3
       2
       0
       1
       3
       0
       6
       3
       1
       1
       1
       1
       1
       2
       4
       1
       3
       3
       4
       3
       1
       1
       1
       3
       1
       4
       2
       1
       1
       2
       0
       1
       1
       4
       1
       5
       3
       3
       0
       2
       2
       2
       2
       2
       2
       4
       1
       2
       1
       2
       1
       1
       7
       4
       2
       4
       2
       1
       2
       3
       7
       0
       6
       6
       5
       4
       8
       9
       6
      19
      16
      23
      23
      27
      38
      24
      27
      19
      31
      40
      26
      21
      22
      15
      12
      11
      12
       4
       3
       5
       3
       5
       0
       2
       1
       2
       2
       2
       0
       3
       0
       2
       1
       3
       4
       1
       4
       2
       1
       0
       1
       3
       1
       5
       3
       2
       2
       1
       2
       1
       1
       0
       2
       0
       3
       1
       4
       2
       2
       1
       2
       1
       0
       2
       1
       1
       1
       2
       3
       2
       2
       1
       3
       2
       3
       0
       4
       6
       2
       1
       4
       3
       3
       5
       3
       2
       1
       4
       4
       6
       6
       8
       9
      11
      19
      17
      24
      33
      36
      38
      45
      63
      57
      66
      77
      61
      59
      75
      79
      65
      61
      36
      37
      27
      22
       5
       5
       8
       7
       4
       1
       2
       3
       4
       0
       0
       4
       5
       2
       1
       1
       0
       1
       1
       1
       1
       6
       0
       2
       1
       2
       2
       1
       2
       2
       2
       1
       1
       2
       4
       2
       1
       2
       2
       1
       3
       0
       0
       2
       2
       2
       1
       2
       0
       2
       3
       6
       2
       1
       3
       1
       3
       2
       2
       5
       3
       2
       3
       1
       0
       3
       3
       3
       2
       3
       1
       2
       4
       2
       3
       2
       2
       2
       3
       1
       1
       1
       0
       3
       1
       1
       3
       1
       1
       2
       1
       1
       2
       3
       1
       3
       1
       0
       0
       2
       1
       3
       0
       4
       0
       1
       0
       4
       1
       3
       1
       1
       1
       4
       5
       4
       1
       0
       5
       0
       2
       0
       1
       3
       2
       2
       2
       4
       2
       0
       4
       1
       3
       3
       2
       1
       0
       2
       0
       0
       1
       1
       0
       2
       2
       1
       2
       0
       3
       3
       1
       1
       2
       1
       1
       2
       1
       5
       2
       0
       1
       0
       1
       2
       1
       2
       1
       2
       2
       2
       2
       3
       1
       3
       2
       6
       4
       1
       1
       1
       2
       1
       1
       3
       3
       5
       4
       4
       2
       1
       1
       1
       1
       2
       0
       3
       3
       0
       3
       2
       3
       5
       2
       2
       6
       4
       2
       4
       1
       2
       6
       5
       5
       1
       2
       6
       3
       5
       2
       5
       5
       5
       4
       2
       2
       2
       1
       5
       2
       1
       5
       4
       1
       4
       2
       4
       7
       8
       7
       8
       8
      10
      14
       7
       9
      11
      14
       7
      11
      10
      15
      13
      10
      11
       9
      14
      15
       8
       9
       5
      11
      11
       7
       5
       5
       3
       2
       3
       2
       1
       3
       1
       3
       5
       2
       2
       3
       0
       1
       5
       0
       3
       2
       3
       3
       1
       2
       3
       2
       1
       4
       2
       1
       2
       1
       1
       2
       3
       5
       4
       1
       0
       0
       3
       2
       4
       2
       1
       0
       2
       0
       1
       2
       0
       2
       5
       1
       0
       1
       0
       3
       1
       1
       3
       1
       2
       1
       2
       1
       1
       2
       0
       3
       3
       3
       4
       1
       3
       3
       1
       5
       3
       2
       2
       1
       1
       6
       2
       3
       2
       2
       1
       1
       1
       2
       1
       1
       4
       1
       1
       4
       2
       5
       2
       2
       1
       1
       1
       7
       2
       2
       3
       0
       2
       4
       4
       5
       4
       6
       3
       8
       7
       7
       5
       4
       3
       3
       3
       4
       3
       5
       7
       1
       0
       3
       4
       3
       1
       1
       4
       1
       3
       1
       4
       2
       2
       0
       3
       2
       1
       2
       3
       2
       2
       2
       2
       5
       5
       0
       2
       2
       1
       3
       5
       1
       2
       3
       3
       2
       1
       1
       1
       2
       2
       2
       1
       2
       3
       8
       3
       4
       1
       2
       3
       2
       1
       4
       0
       3
       1
       2
       0
       4
       0
       2
       3
       3
       3
       1
       1
       2
       1
       2
       3
       3
       3
       1
       0
       3
       1
       3
       0
       1
       2
       6
       2
       1
       0
       3
       2
       3
       3
       2
       4
       3
       0
       4
       2
       2
       1
       1
       3
       0
       3
       2
       3
       3
       3
       0
       0
       2
       1
       0
       2
       0
       3
       3
       1
       4
       2
       2
       3
       0
       2
       2
       2
       4
       2
       2
       1
       1
       0
       1
       3
       2
       4
       1
       3
       1
       1
       3
       1
       2
       1
       4
       0
       0
       0
       4
       0
       3
       0
       2
       0
       2
       2
       4
       3
       3
       2
       1
       0
       1
       2
       2
       2
       2
       2
       2
       1
       0
       0
       1
       4
       5
       5
       4
       1
       2
       2
       2
       1
       1
       2
       2
       7
       2
       2
       1
       3
       1
       2
       1
       2
       3
       4
       2
       0
       1
       2
       4
       4
       3
       1
       2
       3
       1
       1
       2
       0
       0
       2
       3
       1
       3
       2
       0
       4
       1
       1
       1
       2
       2
       1
       0
       1
       3
       2
       1
       4
       2
       4
       1
       4
       2
       4
       3
       2
       2
       3
       4
       1
       3
       1
       4
       1
       2
       3
       4
       1
       4
       1
       4
       3
       0
       1
       1
       2
       1
       1
       2
       0
       0
       3
       3
       1
       2
       2
       1
       1
       4
       1
       5
       0
       3
       1
       3
       2
       0
       2
       6
       4
       1
       0
       4
       3
       4
       3
       1
       0
       2
       2
       0
       4
       4
       3
       4
       3
       0
       1
       4
       0
       1
       3
       2
       2
       2
       3
       0
       0
       0
       1
       2
       5
       5
       4
       3
       5
       3
       1
       0
       0
       2
       1
       2
       2
       3
       4
       3
       2
       2
       5
       6
       1
       2
       5
       1
       1
       1
       3
       3
       3
       0
       1
       2
       3
       2
       5
       2
       4
       2
       3
       4
       3
       5
       3
       1
       2
       1
       2
       1
       1
       2
       1
       2
       3
       0
       4
       2
       2
       2
       0
       2
       3
       1
       3
       8
       3
       5
       1
       0
       4
       0
       5
       1
       1
       1
       2
       1
       2
       3
       1
       2
       4
       2
       1
       2
       2
       2
       1
       0
       4
       2
       0
       1
       0
       2
       2
       2
       2
       1
       1
       1
       1
       2
       2
       6
       3
       3
       1
       2
       2
       4
       1
       1
       3
       2
       2
       2
       0
       2
       3
       4
       3
       7
       5
       1
       2
       2
       2
       3
       1
       3
       3
       5
       3
       2
       4
       2
       2
       3
       3
       5
       3
       6
       2
       2
       2
       0
       8
       4
       2
       1
       3
       6
       1
       2
       2
       0
       4
       1
       2
       5
       4
       2
       3
       3
       2
       5
       3
       1
       5
       4
       2
       6
       4
       2
       6
       9
       8
       7
       7
       3
       8
       5
       5
       3
       3
       4
       1
       0
       2
       2
       0
       5
       0
       2
       5
       2
       3
       4
       5
       1
       2
       2
       3
       2
       4
       4
       3
       1
       3
       5
       2
       3
       2
       5
       5
       2
       4
       5
       2
       4
       4
       1
       2
       2
       2
       2
       1
       2
       3
       2
       3
       2
       2
       5
       1
       2
       1
       0
       2
       2
       3
       0
       2
       3
       2
       3
       2
       2
       1
       0
       2
       1
       2
       4
       2
       2
       3
       1
       4
       3
       2
       4
       2
       1
       4
       1
       6
       5
       3
      10
       7
       5
       9
       8
       5
       8
       7
       4
       7
       3
       2
       1
       8
       0
       1
       3
       1
       4
       2
       1
       4
       3
       0
       3
       4
       1
       2
       2
       1
       1
       1
       6
       5
       3
       2
       2
       3
       3
       2
       3
       2
       3
       4
       1
       2
       4
       6
       3
       1
       4
       1
       2
       5
       5
       3
       2
       5
       2
       2
       3
       3
       3
       3
       2
       2
       1
       2
       1
       4
       2
       1
       3
       5
       3
       1
       1
       2
       2
       4
       4
       2
       1
       1
       3
       2
       2
       4
       2
       5
       2
       5
       3
       0
       1
       7
       2
       4
       2
       5
       3
       5
       3
       4
       3
       2
       4
       2
       1
       0
       0
       2
       4
       4
       0
       1
       5
       0
       4
       2
       3
       3
       2
       1
       4
       2
       4
       2
       4
       3
       1
       1
       2
       4
       3
       3
       4
       3
       1
       3
       2
       1
       3
       2
       1
       1
       2
       1
       4
       1
       3
       5
       0
       3
       6
       4
       1
       3
       4
       3
       4
       4
       2
       3
       3
       3
       5
       0
       1
       0
       5
       3
       4
       7
       5
       3
       3
       4
       2
       3
       2
       3
       4
       4
       3
       2
       4
       1
       4
       1
       2
       2
       4
       2
       2
       5
       2
       1
       2
       3
       1
       0
       0
       1
       5
       1
       2
       1
       3
       1
       5
       1
       3
       1
       5
       7
       4
       5
       1
       5
       3
       2
       4
       5
       6
       6
       2
       2
      11
       6
       2
       2
       3
       1
       1
       2
       1
       5
       0
       0
       4
       2
       0
       2
       3
       4
       4
       3
       5
       1
       3
       2
       1
       2
       3
       3
       1
       0
       1
       5
       3
       2
       2
       2
       1
       2
       6
       1
       3
       2
       3
       4
       3
       3
       3
       2
       2
       4
       2
       4
       3
       5
       3
       1
       0
       2
       5
       4
       3
       1
       4
       4
       1
       4
       3
       4
       1
       3
       4
       4
       2
       7
       1
       3
       3
       5
       6
       5
       4
       4
       6
       5
       2
       0
       3
       2
       4
       0
       5
       4
       4
       2
       3
       5
       5
       2
       1
       3
       3
       4
       2
       1
       6
       2
       5
       4
       1
       6
       1
       5
       4
       2
       3
       0
       5
       5
       2
       2
       3
       5
       5
       3
       1
       1
       7
       1
       1
       2
       5
       4
       3
       5
       5
       4
       3
       2
       5
       4
       4
       4
       4
       5
       3
       2
       2
       2
       5
       2
       5
      12
       3
       4
       2
       1
       5
       0
       3
       4
       6
       3
       3
       5
       5
       4
       2
       4
       3
       3
       2
       2
       1
       2
       1
       2
       2
       3
       1
       3
       3
       0
       5
       2
       0
       0
       4
       0
       2
       4
       1
       3
       5
       1
       2
       2
       1
       1
       8
       2
       4
       1
       1
       4
       2
       1
       4
       4
       4
       2
       5
       2
       5
       3
       3
       0
       2
       1
       2
       0
       2
       8
       3
       4
       2
       1
       1
       5
       3
       2
       2
       4
       3
       9
       2
       2
       4
       3
       4
       4
       1
       4
       2
       6
       4
       3
       3
       1
       6
       2
       5
       2
       4
       3
       8
       3
       0
       3
       4
       5
       2
       2
       2
       1
       4
       5
       7
      10
       2
       0
       2
       1
       5
       5
       2
       2
       2
       3
       1
       2
       1
       3
       0
       3
       3
       3
       4
       1
       5
       4
       1
       6
       2
       3
       4
       4
       2
       1
       3
       4
       4
       1
       4
       1
       1
       3
       3
       2
       1
       0
       3
       3
       2
       5
       5
       5
       8
       3
       2
       2
       2
       3
       2
       2
       1
       3
       3
       3
       7
       1
       2
       2
       4
       2
       7
       3
       0
       0
       0
       5
       4
       1
       2
       3
       6
       5
       3
       2
       4
       2
       4
       2
       1
       2
       3
       7
       6
       4
       2
       4
       1
       5
       2
       3
       4
       3
       1
       4
       3
       3
       4
       3
       2
       0
       2
       2
       2
       0
       0
       2
       4
       1
       5
       4
       1
       1
       2
       4
       0
       4
       3
       5
       2
       0
       2
       3
       2
       2
       4
       2
       4
       2
       1
       4
       0
       2
       5
       2
       3
       2
       2
       4
       5
       9
       5
       3
       7
       2
       6
       6
       1
       3
       3
       2
       2
       2
       3
       3
       2
       4
       4
       6
       2
       2
       8
       3
       4
       3
       3
       0
       6
       2
       5
       6
       5
       3
       1
       3
       4
       2
       1
       2
       1
       5
       2
       2
       4
       1
       4
       4
       5
       3
       4
       6
       2
       1
       1
       4
       2
       3
       2
       5
       6
       2
       3
       1
       0
       1
       3
       0
       2
       1
       4
       2
       6
       4
       5
       4
       2
       3
       5
       5
       2
       4
       4
       2
       3
       4
       3
       4
       2
       2
       2
       2
       5
       2
       2
       4
       0
       2
       3
       4
       4
       1
       3
       1
       4
       0
       4
       6
       4
       1
       2
       3
       2
       1
       0
       1
       1
       0
       2
       5
       4
       2
       4
       7
       3
       2
       3
       0
       2
       2
       2
       4
       0
       1
       1
       1
       4
       4
       2
       3
       1
       4
       3
       3
       3
       4
       2
       4
       2
       0
       2
       4
       2
       2
       2
       2
       2
       2
       3
       3
       4
       3
       3
       4
       2
       0
       2
       4
       3
       1
       1
       2
       5
       2
       3
       2
       1
       1
       1
       2
       0
       1
       2
       1
       3
       2
       3
       3
       2
       1
       5
       2
       4
       2
       1
       0
       1
       3
       2
       1
       1
       2
       1
       5
       3
       4
       2
       1
       3
       3
       5
       3
       0
       1
       1
       0
       5
       2
       1
       1
       1
       6
       4
       1
       3
       1
       5
       1
       1
       3
       4
       1
       4
       2
       4
       2
       0
       0
       3
       5
       5
       2
       4
       2
       0
       5
       2
       2
       3
       3
       4
       3
       3
       3
       2
       5
       5
       5
       1
       5
       1
       2
       1
       1
       1
       1
       1
       5
       2
       1
       3
       4
       1
       1
       5
       1
       2
       1
       2
       2
       1
       3
       5
       2
       1
       5
       4
       0
       1
       2
       1
       2
       2
       3
       2
       1
       2
       4
       4
       2
       1
       2
       6
       1
       0
       2
       2
       2
       0
       2
       2
       2
       1
       2
       1
       6
       2
       4
       0
       5
       0
       7
       4
       1
       4
       2
       7
       3
       3
       3
       1
       2
       1
       1
       1
       2
       0
       9
       2
       1
       1
       0
       1
       2
       0
       1
       2
       5
       1
       0
       2
       2
       4
       2
       5
       5
       3
       3
       2
       4
       2
       3
       0
       0
       1
       1
       4
       2
       5
       2
       1
       1
       0
       3
       6
       2
       2
       2
       2
       0
       1
       1
       1
       3
       4
       2
       2
       2
       3
       3
       1
       2
       1
       2
       0
       3
       0
       3
       2
       4
       1
       1
       0
       1
       6
       1
       1
       1
       0
       2
       1
       0
       4
       1
       3
       2
       5
       1
       3
       2
       3
       1
       2
       1
       2
       0
       1
       2
       2
       2
       4
       1
       1
       2
       1
       3
       0
       3
       3
       2
       1
       1
       1
       1
       0
       4
       0
       1
       2
       0
       0
       3
       2
       1
       6
       2
       1
       4
       3
       3
       2
       0
       2
       1
       1
       1
       1
       2
       0
       4
       0
       0
       1
       5
       1
       0
       2
       1
       2
       3
       2
       1
       5
       4
       3
       2
       2
       4
       2
       3
       1
       1
       3
       2
       4
       2
       4
       0
       2
       0
       1
       4
       2
       2
       2
       3
       1
       3
       1
       4
       3
       1
       3
       0
       1
       4
       1
       2
       3
       1
       3
       3
       1
       2
       0
       2
       4
       0
       1
       4
       0
       5
       1
       1
       3
       0
       3
       2
       0
       1
       2
       5
       1
       1
       1
       2
       0
       1
       1
       1
       1
       1
       2
       2
       0
       2
       2
       3
       1
       4
       2
       5
       1
       3
       0
       3
       0
       1
       3
       0
       0
       1
       2
       3
       4
       1
       1
       0
       2
       1
       0
       3
       4
       1
       1
       2
       3
       2
       1
       1
       3
       3
       0
       1
       0
       3
       1
       0
       0
       4
       1
       2
       1
       1
       1
       2
       3
       1
       0
       1
       1
       1
       1
       2
       0
       1
       3
       1
       1
       3
       0
       2
       0
       4
       1
       2
       1
       2
       1
       3
       5
       2
       4
       1
       2
       3
       2
       1
       0
       2
       4
       1
       1
       4
       0
       2
       1
       1
       1
       1
       1
       1
       2
       5
       3
       5
       1
       2
       2
       1
       2
       3
       0
       1
       6
       2
       1
       2
       0
       0
       0
       3
       0
       1
       3
       3
       1
       1
       1
       2
       5
       2
       2
       2
       1
       1
       2
       0
       2
       0
       1
       3
       2
       3
       0
       4
       1
       0
       2
       2
       5
       3
       3
       2
       2
       1
       1
       3
       1
       3
       1
       3
       4
       2
       1
       5
       3
       2
       3
       3
       6
       2
       1
       2
       2
       1
       1
       1
       2
       2
       0
       0
       1
       1
       3
       1
       2
       0
       1
       0
       0
       2
       0
       3
       1
       2
       3
       2
       5
       0
       1
       0
       3
       0
       1
       2
       1
       0
       0
       2
       2
       1
       1
       2
       2
       2
       1
       2
       2
       1
       2
       1
       1
       3
       0
       2
       2
       1
       1
       1
       0
       0
       2
       1
       1
       1
       0
       0
       2
       0
       0
       0
       0
       1
       1
       0
       0
       2
       0
       2
       1
       0
       4
       1
       2
       0
       2
       3
       3
       4
       0
       2
       2
       1
       4
       2
       0
       2
       2
       3
       2
       0
       0
       3
       0
       1
       3
       2
       4
       3
       3
       1
       0
       1
       2
       2
       1
       1
       2
       1
       3
       1
       1
       2
       1
       2
       2
       0
       1
       1
       1
       2
       3
       1
       1
       0
       1
       4
       1
       0
       1
       1
       3
       0
       0
       5
       0
       0
       0
       1
       1
       0
       0
       1
       3
       0
       1
       2
       0
       0
       3
       2
       3
       0
       0
       1
       1
       1
       0
       2
       3
       0
       1
       0
       1
       0
       0
       1
       3
       1
       2
       1
       2
       2
       0
       2
       2
       2
       1
       1
       2
       0
       1
       1
       0
       1
       0
       3
       2
       1
       2
       3
       1
       3
       2
       1
       3
       1
       2
       0
       1
       3
       0
       2
       2
       2
       3
       3
       2
       0
       2
       2
       3
       2
       1
       3
       1
       1
       2
       2
       0
       1
       2
       2
       0
       1
       1
       0
       2
       2
       1
       1
       3
       1
       2
       1
       0
       2
       2
       3
       1
       2
       2
       0
       3
       1
       1
       2
       1
       1
       0
       1
       3
       3
       1
       0
       2
       3
       0
       4
       0
       2
       0
       2
       1
       2
       0
       1
       2
       0
       2
       2
       1
       0
       0
       3
       2
       1
       1
       4
       3
       0
       2
       1
       3
       0
       2
       0
       2
       2
       1
       1
       1
       1
       1
       2
       1
       3
       1
       2
       3
       2
       0
       0
       0
       0
       1
       0
       1
       1
       0
       2
       1
       2
       3
       3
       1
       1
       0
       1
       2
       0
       1
       3
       1
       0
       2
       1
       2
       2
       0
       3
       1
       0
       2
       1
       1
       0
       2
       1
       2
       2
       3
       0
       0
       3
       0
       0
       1
       0
       2
       1
       1
       0
       2
       0
       0
       0
       0
       1
       2
       1
       2
       0
       3
       2
       0
       2
       0
       0
       1
       0
       1
       2
       1
       4
       2
       1
       3
       2
       0
       1
       0
       1
       2
       1
       1
       2
       1
       1
       1
       0
       1
       2
       0
       0
       0
       2
       2
       1
       0
       2
       1
       1
       2
       0
       1
       1
       2
       2
       2
       2
       0
       2
       2
       2
       3
       2
       1
       2
       4
       1
       0
       2
       1
       0
       4
       4
       0
       1
       1
       2
       1
       3
       0
       2
       2
       1
       4
       1
       2
       1
       0
       1
       1
       1
       4
       2
       4
       2
       1
      11
       5
      10
       6
      15
      16
      23
      25
      33
      42
      48
      45
      62
      73
      92
      90
      94
     122
     146
     114
     126
     132
      95
     104
      85
      71
      59
      52
      42
      29
      20
      17
       7
       6
       5
       4
       0
       4
       2
       1
       0
       0
       1
       0
       2
       1
       2
       0
       1
       0
       2
       1
       0
       0
       1
       1
       0
       2
       0
       0
       2
       0
       0
       0
       0
       1
       0
       0
       3
       0
       0
       0
       2
       0
       2
       0
       1
       3
       4
       3
       1
       1
       2
       1
       4
       0
       0
       2
       2
       2
       0
       3
       3
       4
       2
       1
       2
       5
       6
       4
       6
       5
       3
       4
       1
       4
       2
       2
       3
       2
       2
       2
       2
       0
       2
       1
       1
       0
       2
       0
       1
       0
       1
       0
       0
       0
       0
       3
       1
       2
       0
       1
       1
       0
       0
       2
       0
       2
       2
       1
       1
       2
       0
       0
       1
       4
       0
       1
       0
       1
       0
       1
       0
       1
       0
       0
       2
       1
       1
       0
       1
       2
       2
       0
       0
       2
       0
       1
       0
       0
       0
       2
       3
       0
       1
       1
       1
       1
       1
       0
       0
       3
       2
       1
       0
       1
       2
       1
       1
       2
       0
       0
       2
       4
       1
       0
       3
       0
       0
       2
       1
       1
       1
       1
       1
       0
       0
       0
       0
       0
       0
       0
       0
       2
       2
       1
       0
       1
       0
       0
       1
       1
       0
       1
       1
       2
       0
       0
       3
       0
       0
       0
       1
       2
       0
       0
       0
       0
       0
       2
       4
       1
       2
       1
       1
       0
       2
       1
       1
       0
       1
       2
       1
       1
       3
       1
       0
       2
       2
       0
       2
       0
       0
       1
       2
       0
       0
       1
       3
       3
       1
       1
       0
       1
       2
       0
       0
       0
       2
       1
       1
       1
       2
       1
       1
       0
       2
       1
       1
       1
       1
       0
       0
       0
       0
       0
       1
       1
       1
       3
       0
       2
       2
       2
       0
       3
       0
       0
       0
       1
       2
       1
       2
       1
       4
       0
       0
       0
       0
       0
       0
       0
       1
       1
       0
       4
       0
       1
       1
       1
       2
       1
       1
       1
       0
       3
       0
       1
       0
       2
       1
       1
       1
       0
       1
       0
       3
       1
       1
       1
       1
       0
       1
       1
       3
       1
       0
       3
       0
       0
       3
       0
       1
       0
       0
       0
       2
       2
       1
       0
       0
       0
       0
       0
       2
       0
       0
       1
       0
       0
       2
       1
       0
       2
       1
       0
       1
       2
       0
       3
       0
       2
       0
       1
       2
       0
       0
       2
       1
       3
       1
       1
       0
       1
       1
       1
       2
       1
       1
       1
       4
       1
       0
       0
       3
       0
       0
       1
       0
       0
       1
       1
       1
       0
       2
       0
       2
       0
       0
       1
       2
       4
       1
       0
       1
       0
       0
       0
       2
       1
       1
       3
       1
       1
       0
       1
       1
       0
       0
       0
       3
       1
       2
       2
       0
       0
       1
       0
       2
       2
       0
       1
       1
       2
       0
       1
       4
       4
       1
       1
       3
       2
       3
       2
       1
       2
       1
       6
       5
       1
       5
       2
       5
       2
       2
       6
       3
       5
       3
       3
       5
       0
       2
       2
       3
       1
       0
       0
       1
       2
       0
       0
       0
       3
       1
       1
       2
       0
       0
       1
       2
       0
       2
       0
       0
       5
       1
       1
       0
       2
       2
       1
       1
       2
       3
       1
       1
       0
       0
       2
       1
       1
       2
       3
       0
       2
       0
       2
       1
       1
       1
       1
       1
       3
       1
       2
       1
       2
       0
       1
       0
       1
       1
       1
       0
       1
       1
       1
       2
       1
       0
       1
       1
       2
       0
       2
       1
       0
       2
       0
       0
       3
       2
       1
       2
       0
       2
       2
       3
       2
       0
       0
       0
       3
       2
       0
       1
       1
       0
       1
       0
       0
       2
       1
       2
       1
       0
       1
       0
       1
       0
       2
       2
       6
       1
       1
       3
       2
       2
       0
       1
       2
       0
       2
       2
       4
       0
       0
       0
       2
       1
       0
       1
       0
       2
       0
       1
       0
       4
       3
       1
       0
       1
       2
       1
       0
       0
       1
       1
       1
       1
       1
       0
       1
       1
       2
       1
       1
       1
       2
       0
       1
       0
       0
       0
       2
       0
       2
       0
       0
       0
       1
       0
       0
       3
       0
       2
       4
       0
       1
       1
       2
       2
       0
       0
       4
       1
       0
       1
       0
       1
       2
       1
       0
       0
       1
       1
       1
       1
       0
       0
       0
       2
       2
       2
       0
       1
       0
       2
       1
       2
       1
       2
       1
       0
       0
       1
       2
       0
       2
       3
       1
       2
       0
       0
       1
       2
       0
       1
       0
       1
       0
       2
       1
       4
       6
       5
       2
       6
       4
       4
       5
       7
       1
       5
       7
      11
       8
       9
       7
       8
       5
       6
       9
       6
       9
       9
       5
       2
       3
       3
       2
       4
       2
       2
       2
       0
       0
       5
       4
       3
       2
       1
       0
       2
       0
       2
       0
       1
       0
       2
       2
       1
       1
       1
       1
       0
       0
       0
       0
       1
       0
       3
       1
       1
       1
       1
       2
       1
       3
       2
       1
       1
       2
       0
       2
       2
       0
       1
       1
       2
       2
       2
       1
       3
       4
       1
       1
       3
       0
       0
       2
       0
       1
       0
       2
       2
       2
       1
       0
       1
       3
       0
       3
       2
       0
       0
       2
       5
       1
       3
       4
       3
       2
       7
       3
       2
       1
       4
       6
       0
       1
       2
       2
       1
       2
       2
       2
       0
       1
       1
       0
       2
       3
       0
       1
       3
       3
       0
       2
       2
       0
       0
       2
       3
       3
       2
       2
       1
       1
       1
       0
       0
       0
       2
       1
       0
       1
       1
       0
       1
       1
       2
       2
       2
       1
       0
       1
       3
       1
       1
       2
       1
       1
       2
       1
       0
       1
       1
       3
       1
       0
       0
       2
       1
       2
       0
       2
       1
       2
       1
       4
       0
       0
       3
       1
       2
       0
       2
       3
       1
       1
       3
       1
       0
       1
       0
       4
       0
       4
       0
       3
       0
       0
       0
       0
       1
       0
       0
       1
       1
       0
       1
       2
       1
       3
       1
       2
       0
       1
       2
       2
       1
       1
       1
       0
       1
       0
       2
       2
       2
       1
       0
       2
       5
       1
       2
       1
       1
       0
       2
       0
       0
       1
       1
       0
       1
       0
       0
       1
       2
       0
       1
       0
       0
       1
       0
       0
       0
       0
       1
       2
       1
       0
       1
       0
       2
       2
       3
       0
       2
       1
       3
       2
       1
       0
       1
       1
       1
       2
       2
       0
       2
       2
       0
       0
       3
       0
       2
       0
       3
       0
       2
       0
       0
       1
       0
       1
       1
       1
       1
       1
       0
       2
       1
       0
       3
       2
       2
       3
       0
       1
       1
       1
       1
       1
       0
       1
       1
       1
       2
       2
       0
       1
       3
       2
       0
       0
       0
       1
       1
       2
       0
       1
       1
       0
       0
       1
       1
       1
       1
       0
       1
       1
       1
       1
       2
       0
       1
       0
       2
       0
       0
       1
       0
       0
       1
       0
       1
       0
       2
       0
       2
       1
       1
       0
       1
       3
       0
       1
       2
       0
       2
       0
       1
       2
       0
       1
       3
       0
       2
       2
       3
       1
       1
       0
       2
       1
       1
       0
       0
       2
       0
       1
       2
       3
       2
       0
       1
       2
       0
       0
       0
       1
       3
       1
       0
       3
       0
       1
       0
       0
       1
       3
       1
       0
       3
       1
       2
       1
       1
       2
       0
       0
       0
       0
       1
       1
       0
       3
       0
       1
       0
       0
       2
       0
       1
       0
       2
       0
       2
       1
       1
       0
       1
       1
       2
       0
       2
       0
       0
       0
       0
       1
       2
       1
       1
       0
       2
       2
       1
       2
       0
       1
       0
       2
       2
       0
       1
       1
       0
       2
       0
       4
       0
       0
       1
       1
       1
       0
       0
       2
       0
       1
       3
       2
       0
       1
       0
       2
       0
       2
       0
       0
       4
       2
       0
       0
       0
       1
       0
       0
       1
       2
       1
       1
       3
       1
       1
       2
       0
       1
       1
       1
       2
       0
       0
       1
       1
       0
       2
       2
       0
       2
       2
       2
       3
       3
       1
       0
       0
       0
       0
       0
       1
       1
       0
       2
       2
       0
       0
       0
       1
       1
       0
       2
       2
       3
       1
       0
       1
       0
       1
       0
       0
       3
       0
       0
       2
       2
       1
       1
       2
       3
       2
       1
       0
       2
       2
       4
       0
       0
       4
       0
       0
       1
       0
       2
       0
       0
       1
       1
       1
       1
       0
       0
       1
       0
       2
       2
       3
       3
       3
       3
       1
       0
       1
       3
       1
       1
       1
       1
       1
       1
       0
       2
       2
       1
       1
       1
       0
       3
       2
       3
       1
       1
       3
       3
       1
       0
       2
       2
       1
       1
       0
       2
       1
       1
       1
       2
       2
       0
       2
       1
       2
       0
       0
       0
       2
       3
       0
       2
       2
       1
       4
       0
       0
       0
       1
       1
       1
       3
       1
       1
       0
       1
       0
       2
       1
       1
       3
       1
       1
       1
       3
       3
       1
       0
       0
       2
       0
       0
       0
       2
       0
       0
       2
       0
       1
       3
       2
       2
       0
       0
       0
       1
       0
       1
       2
       2
       2
       0
       0
       0
       0
       2
       3
       0
       1
       1
       2
       1
       2
       3
       1
       2
       3
       2
       0
       3
       2
       4
       0
       1
       0
       0
       1
       1
       1
       0
       2
       0
       0
       0
       2
       2
       1
       1
       2
       0
       1
       1
       0
       5
       1
       1
       3
       0
       0
       1
       1
       1
       1
       0
       0
       0
       2
       0
       0
       0
       3
       6
       0
       1
       0
       1
       1
       1
       1
       0
       1
       0
       1
       0
       3
       3
       1
       2
       0
       3
       0
       2
       2
       1
       1
       3
       1
       1
       1
       3
       1
       2
       3
       1
       0
       0
       0
       0
       1
       2
       2
       1
       1
       3
       1
       1
       2
       4
       2
       3
       0
       4
       0
       2
       0
       2
       3
       2
       0
       1
       1
       2
       0
       0
       1
       2
       4
       1
       2
       0
       0
       0
       2
       0
       2
       2
       2
       3
       1
       1
       1
       1
       2
       2
       1
       0
       1
       0
       0
       2
       1
       3
       0
       2
       1
       0
       0
       5
       0
       1
       0
       2
       2
       1
       3
       1
       4
       1
       1
       2
       1
       2
       1
       0
       1
       0
       1
       3
       3
       1
       4
       2
       1
       1
       3
       2
       0
       1
       4
       2
       1
       3
       2
       0
       3
       1
       1
       3
       3
       1
       0
       1
       1
       1
       0
       3
       1
       0
       1
       0
       2
       0
       1
       1
       2
       1
       2
       3
       3
       1
       2
       0
       3
       1
       4
       1
       2
       1
       0
       3
       3
       3
       1
       3
       0
       1
       2
       2
       4
       0
       2
       1
       1
       3
       1
       2
       0
       0
       1
       2
       1
       0
       2
       1
       1
       1
       3
       0
       1
       0
       3
       2
       1
       3
       3
       4
       3
       1
       0
       1
       1
       2
       1
       1
       2
       4
       1
       0
       0
       1
       1
       1
       0
       2
       0
       3
       0
       1
       1
       2
       0
       1
       2
       0
       1
       1
       0
       0
       4
       2
       1
       0
       0
       2
       3
       1
       3
       2
       3
       2
       1
       3
       1
       4
       2
       3
       2
       1
       2
       3
       1
       1
       1
       2
       1
       0
       1
       1
       3
       1
       0
       1
       1
       1
       1
       0
       3
       3
       1
       1
       2
       2
       1
       2
       0
       0
       2
       0
       1
       4
       1
       1
       2
       3
       1
       1
       0
       1
       1
       2
       1
       0
       2
       3
       1
       0
       0
       1
       0
       4
       0
       1
       0
       1
       4
       3
       2
       1
       0
       1
       1
       4
       2
       3
       3
       1
       0
       3
       1
       3
       2
       3
       1
       0
       0
       2
       0
       1
       3
       0
       0
       3
       0
       1
       5
       3
       1
       1
       1
       1
       2
       2
       2
       3
       3
       3
       0
       0
       2
       3
       0
       0
       0
       2
       0
       1
       2
       0
       3
       0
       2
       0
       1
       5
       0
       4
       3
       0
       1
       1
       1
       1
       0
       2
       1
       3
       0
       2
       5
       1
       1
       1
       3
       1
       0
       0
       2
       0
       0
       1
       1
       2
       2
       1
       0
       1
       1
       1
       1
       0
       0
       2
       1
       0
       2
       0
       3
       1
       2
       0
       0
       1
       2
       3
       0
       1
       1
       0
       0
       2
       0
       0
       1
       1
       1
       1
       2
       2
       0
       2
       1
       2
       1
       0
       3
       3
       2
       0
       2
       1
       2
       0
       1
       0
       2
       1
       1
       4
       1
       0
       0
       2
       1
       2
       2
       1
       2
       1
       1
       3
       1
       1
       4
       2
       1
       0
       3
       2
       4
       2
       2
       2
       1
       1
       0
       3
       0
       0
       3
       3
       2
       0
       0
       2
       2
       1
       1
       1
       4
       1
       2
       1
       1
       1
       1
       0
       4
       1
       0
       2
       0
       3
       1
       1
       0
       1
       0
       2
       3
       1
       1
       1
       0
       0
       0
       1
       0
       1
       2
       0
       2
       1
       2
       1
       0
       3
       4
       1
       1
       1
       1
       0
       1
       1
       3
       1
       0
       3
       2
       3
       3
       4
       0
       0
       0
       0
       3
       0
       0
       3
       3
       0
       1
       1
       0
       0
       0
       1
       1
       2
       2
       1
       1
       0
       2
       1
       3
       3
       2
       1
       2
       2
       1
       2
       2
       2
       5
       3
       4
       4
       7
       2
       4
       8
       6
       5
       8
      11
       4
       6
       6
       9
       5
       5
       5
       1
       0
       4
       0
       1
       2
       2
       3
       2
       3
       0
       3
       2
       1
       2
       0
       1
       3
       2
       0
       1
       2
       5
       1
       0
       1
       1
       0
       1
       0
       2
       1
       0
       1
       1
       0
       1
       2
       0
       2
       0
       2
       0
       4
       1
       1
       0
       1
       1
       0
       1
       3
       0
       0
       0
       1
       2
       2
       2
       0
       0
       3
       4
       4
       0
       1
       0
       1
       0
       3
       1
       1
       1
       3
       2
       0
       2
       1
       0
       0
       0
       2
       2
       0
       2
       0
       0
       4
       0
       0
       1
       0
       2
       0
       1
       1
       3
       2
       3
       1
       2
       6
       2
       1
       1
       4
       0
       0
       2
       1
       2
       2
       0
       0
       0
       0
       1
       0
       1
       2
       0
       2
       3
       3
       1
       1
       1
       3
       0
       0
       2
       0
       2
       1
       0
       0
       0
       2
       1
       2
       1
       2
       1
       1
       4
       2
       0
       1
       0
       2
       0
       1
       4
       2
       0
       0
       0
       0
       1
       0
       1
       1
       2
       1
       3
       2
       2
       1
       0
       0
       2
       0
       1
       0
       2
       2
       1
       0
       0
       1
       0
       2
       0
       0
       1
       2
       1
       1
       1
       1
       2
       0
       0
       0
       1
       0
       3
       1
       4
       1
       1
       0
       2
       0
       2
       0
       2
       0
       1
       1
       3
       0
       0
       0
       3
       1
       0
       1
       1
       1
       1
       0
       1
       1
       1
       1
       1
       2
       1
       1
       0
       0
       1
       3
       0
       1
       0
       0
       1
       1
       2
       1
       0
       0
       1
       0
       0
       2
       0
       4
       3
       1
       0
       0
       0
       0
       1
       0
       1
       1
       3
       2
       4
       0
       2
       0
       1
       1
       2
       1
       1
       1
       1
       1
       0
       2
       4
       0
       1
       0
       1
       0
       1
       1
       1
       3
       1
       0
       1
       2
       0
       0
       0
       1
       1
       3
       1
       2
       1
       1
       3
       0
       0
       0
       2
       2
       0
       0
       1
       0
       0
       0
       1
       0
       1
       0
       1
       0
       0
       2
       1
       1
       1
       1
       2
       1
       0
       1
       2
       0
       0
       0
       0
       0
       0
       1
       2
       2
       1
       1
       2
       3
       1
       2
       0
       0
       2
       1
       0
       0
       0
       0
       0
       0
       0
       1
       2
       1
       2
       3
       0
       2
       0
       0
       0
       0
       3
       0
       0
       0
       1
       0
       0
       0
       1
       1
       1
       3
       2
       1
       2
       0
       0
       0
       0
       0
       0
       1
       0
       1
       0
       0
       0
       1
       0
       2
       1
       0
       2
       0
       0
       0
       1
       1
       0
       0
       0
       0
       2
       2
       2
       0
       0
       2
       1
       0
       1
       1
       0
       0
       1
       1
       0
       1
       0
       1
       1
       0
       1
       1
       0
       2
       1
       1
       3
       1
       1
       1
       1
       1
       0
       1
       1
       1
       0
       2
       1
       2
       0
       0
       1
       0
       0
       2
       0
       1
       1
       0
       0
       1
       1
       2
       1
       2
       1
       0
       2
       0
       1
       1
       0
       0
       0
       0
       0
       2
       0
       0
       0
       0
       0
       3
       1
       2
       2
       0
       0
       0
       3
       0
       1
       0
       0
       0
       1
       1
       0
       0
       3
       0
       0
       0
       1
       1
       0
       0
       0
       2
       2
       1
       0
       0
       0
       1
       0
       0
       0
       1
       1
       0
       1
       0
       1
       0
       0
       0
       2
       0
       0
       2
       0
       0
       0
       0
       0
       0
       2
       1
       2
       0
       0
       0
       0
       1
       0
       1
       0
       0
       1
       0
       0
       0
       1
       1
       1
       1
       1
       0
       2
       1
       0
       0
       1
       0
       0
       1
       0
       0
       1
       1
       2
       0
       2
       1
       1
       0
       0
       0
       0
       0
       0
       1
       0
       1
       0
       0
       2
       0
       1
       0
       0
       0
       0
       1
       0
       1
       0
       0
       0
       2
       2
       2
       0
       0
       1
       0
       0
       0
       0
       1
       0
       0
       0
       1
       0
       0
       0
       0
       0
       0
       2
       0
       2
       0
       3
       0
       0
       1
       2
       0
       1
       1
       0
       1
       0
       1
       0
       0
       0
       1
       0
       0
       0
       0
       0
       0
       0
       1
       0
       0
       1
       1
       3
       0
       0
       1
       0
       0
       0
       1
       0
       0
       0
       0
       0
       1
       4
       0
       0
       0
       1
       1
       0
       0
       1
       0
       0
       1
       0
       1
       0
       0
       1
       0
       0
       0
       0
       1
       0
       1
       0
       0
       0
       1
       3
       1
       0
       2
       0
       1
       0
       0
       1
       2
       0
       1
       0
       0
       0
       1
       1
       0
       0
       1
       2
       0
       0
       1
       0
       0
       0
       1
       0
       1
       0
       0
       0
       1
       0
       0
       1
       0
       0
       0
       0
       2
       1
       1
       0
       0
       0
       1
       1
       0
       0
       0
       0
       1
       0
       0
       0
       0
       0
       0
       1
       0
       0
       0
       2
       0
       0
       0
       2
       0
       1
       0
       0
       1
       1
       0
       0
       0
       1
       0
       0
       0
       0
       1
       1
       0
       0
       0
       3
       0
       0
       0
       0
       1
       2
       0
       0
       0
       0
       1
       0
       1
       2
       1
       0
       0
       0
       0
       0
       0
       0
       0
       0
       0
       0
       1
       0
       2
       2
       0
       1
       1
       1
       1
       0
       1
       1
       0
       0
       0
       0
       1
       1
       0
       0
       1
       1
       1
       2
       1
       2
       0
       0
       0
       0
       1
       0
       1
       1
       1
       0
       0
       0
       0
       0
       0
       1
       0
       1
       1
       1
       0
       2
       0
       0
       1
       1
       0
       1
       0
       0
       0
       0
       0
       1
       0
       0
       1
       0
       1
       1
       0
       1
       0
       0
       1
       0
       1
       1
       0
       0
       0
       0
       0
       0
       0
       1
       0
       0
       0
       1
       0
       0
       1
       0
       0
       0
       0
       0
       0
       0
       1
       0
       0
       0
       0
       0
       0
       1
       1
       0
       1
       0
       2
       0
       0
       0
       1
       2
       0
       0
       2
       0
       0
       0
       0
       0
       0
       1
       1
       0
       0
       1
       3
       0
       2
       3
       3
       4
       3
      10
       5
      10
       9
       9
      12
       8
      15
      14
      16
      18
      15
       8
      13
      19
      16
       6
      11
      10
       9
       6
       9
       2
       2
       3
       3
       0
       0
       0
       0
       3
       0
       1
       0
       0
       1
       0
       0
       0
       0
       0
       1
       0
       0
       0
       0
       0
       1
       0
       0
       0
       0
       1
       1
       0
       0
       0
       1
       0
       0
       1
       0
       1
       0
       1
       1
       0
       0
       0
       0
       1
       0
       0
       0
       0
       1
       0
       0
       0
       0
       0
       0
       0
       0
       0
       0
       0
       0
       0
       0
       0
       0
       3
       0
       0
       0
       1
       1
       1
       0
       1
       0
       1
       1
       0
       0
       1
       0
       0
       0
       0
       0
       0
       0
       0
       0
       0
       0
       0
       0
       0
       0
       0
       0
       0
       0
       0
       0
       0
       0
       0
       0
       0
       0
       0
       0
       0
       0
       0
       0
       0
       0
       0
       0
       0
       0
       0
       0
       0
       0
       0
       0
       0
       0
       0
       0
       0
       0
       0
       0
       0
       0
       0
       0
       0
       0
       0
       0
       0
       0
       0
       0
       0
       0
       0
       0
       0
       0
       0
       0
       0
       0
       0
       0
       0
       0
       0
       0
       0
       0
       0
       0
       0
       0
       0
       0
       0
       0
       0
       0
       0
       0
       0
       0
       0
       0
       0
       0
       0
       0
       0
       0
       0
       0
       0
       0
       0
       0
       0
       0
       0
       0
       0
       0
       0
       0
       0
       0
       0
       0
       0
       0
       0
       0
       0
       0
       0
       0
       0
       0
       0
       0
       0
       0
       0
       0
       0
       0
       0
       0
       0
       0
       0
       0
       0
       0
       0
       0
       0
       0
       0
       0
       0
       0
       0
       0
       0
       0
       0
       0
       0
       0
       0
       0
       0
       0
       0
       0
       0
       0
       0
       0
       0
       0
       0
       0
       0
       0
       0
       0
       0
       0
       0
       0
       0
       0
       0
       0
       0
       0
       0
       0
       0
       0
       0
       0
       0
       0
       0
       0
       0
       0
       0
       0
       0
       0
       0
       0
       0
       0
       0
       0
       0
       0
       0
       0
       0
       0
       0
       0
       0
       0
       0
       0
       0
       0
       0
       0
       0
       0
       0
       0
       0
       0
       0
       0
       0
       0
       0
       0
       0
       0
       0
       0
       0
       0
       0
       0
       0
       0
       0
       0
       0
       0
$ROI:
11
583 647
961 1022
1579 1617
1945 1972
2543 2573
3149 3192
3710 3760
4621 4695
5562 5597
6799 6831
13202 13243
$PRESETS:
None
0
0
$ENER_FIT:
0.397847 0.199192
$MCA_CAL:
3
3.978472E-001 1.991916E-001 0.000000E+000 keV
$SHAPE_CAL:
3
5.030225E+000 9.745300E-004 0.000000E+000
