$SPEC_ID:
No sample description was entered.
$SPEC_REM:
DET# 1
DETDESC# DESKTOP-9VUPE7E Model 927 SN 7115241 Input 1
AP# Maestro Version 7.01
$DATE_MEA:
12/07/2025 11:07:05
$MEAS_TIM:
829 870
$DATA:
0 16383
       0
       0
       0
       0
       0
       0
       0
       0
       0
       0
       0
       0
       0
       0
       0
       0
       0
       0
       0
       0
       0
       0
       0
       0
       0
       0
       0
       0
       0
       0
       0
       0
       0
       0
       0
       0
       0
       0
       0
       0
       0
       0
       0
       0
       0
       0
       0
       0
       0
       0
       0
       0
       0
       0
       0
       0
       0
       0
       0
       0
       0
       0
       0
       0
       0
       0
       0
       0
       0
       0
       0
       0
       0
       0
       0
       0
       0
       0
       0
       0
       0
       0
       0
       0
       0
       0
       0
       0
       0
       0
       0
       0
       0
       0
       0
       0
       0
       0
       0
       0
       0
       0
       0
       0
       0
       0
       0
       0
       0
       0
       0
       0
       0
       0
       0
       0
       0
       0
       0
       0
       0
       0
       0
       0
       0
       0
       0
       0
       0
       0
       0
       0
       0
       0
       0
       0
       0
       0
       0
       0
       0
       0
       0
       0
       0
       0
       0
       0
       0
       0
       0
       0
       0
       0
       0
       0
       0
       0
       0
       0
       0
       0
       0
       0
       0
       0
       0
       0
       0
       0
       0
       0
       0
       0
       0
       0
       0
       0
       0
       0
       0
       0
       0
       0
       0
       0
       0
       0
       0
       0
       0
       0
       0
       0
       0
       0
       0
       0
       0
       0
       0
       0
       0
       0
       0
       0
       0
       0
       0
       0
       0
       0
       0
       0
       0
       0
       0
       0
       0
       0
       0
       0
       0
       0
       0
       0
       0
       0
       0
       0
       0
       0
       0
       0
       0
       0
       0
       0
       0
       0
       0
       0
       0
       0
       0
       0
       0
       0
       0
       0
       0
       0
       0
       0
       0
       0
       0
       0
       0
       0
       0
       0
       0
       0
       0
       0
       0
       0
       0
       0
       0
       0
       0
       0
       0
       0
       0
       0
       0
       0
       0
       0
       0
       0
       0
       0
       0
       0
       0
       0
       0
       0
       0
       0
       0
       0
       0
       0
       0
       0
       0
       0
       0
       0
       0
       0
       0
       0
       0
       0
       0
       0
       0
       0
       0
       0
       0
       0
       0
       0
       0
       0
       0
       0
       0
       0
       0
       0
       0
       0
       0
       0
       0
       0
       0
       0
       0
       0
       0
       0
       0
       0
       0
       0
       0
       0
       0
       0
       0
       0
       0
       0
       0
       0
       0
       0
       0
       0
       0
       0
       0
       0
       0
       0
       0
       0
       0
       0
       0
       0
       0
       0
       0
       0
       0
       0
       0
       0
       0
       0
       0
       0
       0
       0
       0
       0
       0
       0
       0
       0
       0
       0
       0
       0
       0
       0
       0
       0
       2
      21
     105
     178
     199
     216
     222
     184
     207
     218
     230
     211
     227
     210
     238
     229
     187
     207
     211
     216
     202
     196
     223
     214
     204
     238
     241
     208
     244
     232
     225
     190
     221
     224
     218
     200
     214
     217
     229
     246
     249
     230
     223
     239
     239
     219
     274
     214
     210
     268
     247
     224
     246
     244
     250
     243
     217
     212
     230
     225
     228
     225
     210
     238
     207
     224
     222
     247
     251
     252
     246
     192
     249
     209
     223
     219
     223
     248
     232
     239
     224
     219
     215
     223
     194
     223
     231
     216
     223
     186
     240
     208
     228
     222
     204
     224
     216
     222
     193
     216
     227
     222
     204
     217
     244
     193
     245
     233
     210
     256
     228
     238
     203
     193
     210
     238
     236
     219
     238
     240
     240
     213
     227
     224
     213
     225
     214
     223
     237
     220
     222
     221
     212
     223
     246
     218
     220
     254
     218
     226
     210
     245
     235
     203
     225
     227
     247
     240
     208
     241
     215
     221
     235
     217
     218
     286
     266
     275
     251
     251
     255
     246
     260
     247
     251
     255
     260
     231
     256
     235
     237
     250
     250
     250
     256
     259
     233
     236
     263
     297
     251
     301
     255
     264
     267
     294
     253
     259
     257
     261
     266
     270
     272
     270
     302
     236
     276
     266
     266
     263
     291
     301
     364
     520
     641
     889
    1185
    1512
    1624
    1606
    1485
    1142
     916
     654
     489
     392
     316
     277
     267
     257
     251
     243
     236
     220
     272
     241
     249
     254
     256
     251
     240
     241
     253
     248
     243
     260
     235
     236
     276
     247
     253
     257
     265
     262
     268
     240
     259
     259
     286
     267
     278
     252
     284
     272
     262
     295
     258
     275
     256
     259
     243
     304
     263
     320
     265
     283
     284
     263
     276
     222
     270
     244
     265
     264
     239
     316
     279
     286
     247
     273
     303
     261
     291
     287
     317
     286
     281
     304
     307
     295
     307
     297
     279
     309
     301
     271
     265
     272
     267
     295
     269
     314
     253
     298
     318
     308
     293
     284
     289
     271
     286
     272
     279
     241
     302
     285
     260
     278
     303
     280
     300
     299
     299
     267
     312
     289
     300
     284
     271
     257
     297
     299
     292
     294
     292
     340
     269
     297
     288
     283
     291
     273
     266
     286
     287
     298
     331
     282
     274
     265
     296
     289
     307
     331
     303
     265
     279
     294
     288
     285
     270
     276
     284
     273
     284
     270
     282
     293
     318
     289
     278
     274
     289
     280
     297
     305
     272
     291
     291
     285
     325
     310
     278
     293
     294
     267
     276
     313
     304
     257
     276
     283
     281
     305
     278
     302
     251
     250
     307
     270
     301
     293
     293
     319
     280
     241
     277
     313
     286
     292
     282
     277
     315
     270
     275
     295
     284
     287
     310
     283
     269
     248
     272
     279
     265
     299
     270
     294
     240
     267
     287
     264
     287
     291
     273
     275
     277
     285
     279
     261
     304
     269
     252
     280
     300
     296
     289
     287
     273
     302
     293
     271
     256
     276
     253
     289
     257
     256
     286
     256
     294
     289
     262
     276
     258
     290
     275
     267
     281
     291
     261
     295
     263
     278
     294
     269
     296
     309
     285
     330
     301
     284
     247
     277
     289
     292
     283
     260
     285
     277
     275
     260
     257
     271
     280
     302
     284
     281
     278
     292
     288
     290
     290
     307
     276
     249
     285
     268
     279
     302
     267
     296
     258
     275
     269
     275
     268
     306
     286
     279
     293
     274
     264
     272
     265
     251
     258
     245
     286
     257
     251
     286
     247
     296
     310
     297
     241
     241
     300
     302
     300
     301
     285
     286
     280
     290
     255
     264
     249
     290
     302
     248
     283
     281
     282
     288
     294
     280
     308
     300
     275
     297
     272
     265
     283
     295
     268
     269
     257
     281
     282
     284
     265
     265
     256
     261
     275
     286
     314
     283
     255
     325
     315
     452
     557
     871
    1254
    1703
    2138
    2362
    2316
    2097
    1728
    1266
     895
     596
     371
     326
     280
     270
     237
     226
     244
     245
     291
     269
     255
     273
     246
     235
     217
     235
     241
     254
     232
     260
     251
     270
     242
     249
     242
     251
     236
     251
     258
     254
     263
     242
     270
     257
     221
     237
     226
     247
     238
     257
     257
     237
     227
     255
     275
     241
     255
     241
     255
     231
     240
     281
     246
     237
     229
     230
     255
     249
     235
     238
     244
     262
     245
     216
     244
     270
     240
     230
     263
     220
     229
     242
     258
     250
     253
     217
     242
     239
     245
     233
     232
     225
     236
     213
     254
     258
     268
     210
     251
     232
     227
     247
     236
     234
     246
     243
     260
     225
     256
     241
     254
     246
     245
     240
     251
     249
     234
     238
     252
     232
     233
     256
     227
     244
     249
     220
     246
     282
     252
     244
     235
     271
     244
     259
     214
     251
     221
     272
     251
     210
     253
     227
     238
     251
     228
     263
     249
     200
     245
     237
     220
     242
     255
     236
     255
     228
     258
     258
     251
     221
     247
     230
     258
     263
     223
     240
     251
     227
     242
     228
     239
     251
     242
     250
     235
     248
     232
     256
     235
     268
     251
     249
     223
     231
     254
     245
     271
     266
     212
     245
     222
     245
     223
     255
     249
     224
     252
     243
     241
     263
     227
     217
     271
     215
     270
     246
     250
     232
     218
     264
     242
     240
     240
     243
     228
     223
     210
     210
     251
     226
     202
     230
     242
     214
     236
     267
     245
     259
     233
     247
     254
     242
     219
     209
     225
     241
     206
     195
     235
     260
     223
     194
     226
     248
     214
     255
     234
     199
     229
     217
     206
     223
     214
     231
     209
     236
     225
     239
     236
     233
     230
     214
     238
     208
     218
     214
     214
     246
     215
     217
     238
     224
     254
     226
     245
     210
     224
     221
     199
     227
     227
     222
     197
     228
     196
     249
     222
     234
     215
     211
     257
     244
     212
     221
     214
     221
     237
     239
     253
     213
     205
     221
     219
     216
     227
     213
     238
     210
     217
     226
     214
     222
     221
     223
     229
     212
     216
     217
     253
     236
     232
     201
     209
     228
     236
     220
     245
     213
     226
     232
     221
     228
     213
     238
     234
     216
     244
     218
     233
     242
     225
     214
     230
     199
     230
     222
     217
     209
     233
     198
     208
     222
     203
     237
     224
     217
     217
     212
     243
     220
     202
     198
     218
     202
     203
     199
     203
     241
     229
     197
     229
     232
     204
     192
     223
     192
     196
     203
     208
     201
     214
     245
     211
     221
     206
     236
     191
     198
     202
     219
     216
     237
     223
     209
     223
     193
     214
     212
     195
     246
     236
     223
     233
     234
     243
     218
     209
     216
     221
     210
     214
     205
     217
     217
     201
     225
     193
     226
     201
     169
     211
     194
     198
     194
     215
     253
     229
     215
     216
     204
     224
     209
     219
     224
     190
     219
     221
     225
     212
     229
     216
     198
     191
     208
     194
     202
     193
     220
     198
     222
     209
     196
     230
     241
     214
     209
     212
     193
     236
     220
     212
     185
     182
     215
     195
     235
     188
     192
     196
     226
     193
     177
     181
     225
     219
     216
     194
     214
     220
     204
     205
     204
     191
     185
     209
     182
     210
     196
     199
     209
     188
     207
     195
     183
     207
     192
     197
     223
     183
     196
     220
     208
     192
     186
     182
     193
     193
     202
     206
     181
     180
     171
     207
     196
     184
     208
     197
     183
     183
     189
     205
     213
     174
     216
     210
     188
     208
     189
     204
     208
     183
     173
     180
     191
     204
     213
     190
     204
     191
     186
     176
     172
     204
     174
     181
     234
     182
     185
     197
     194
     194
     201
     184
     192
     214
     191
     183
     191
     188
     174
     174
     203
     201
     193
     181
     185
     187
     172
     183
     179
     178
     193
     181
     198
     193
     194
     182
     188
     188
     199
     198
     187
     182
     193
     207
     202
     179
     157
     178
     187
     192
     201
     186
     189
     179
     180
     173
     186
     166
     194
     178
     200
     161
     193
     187
     189
     184
     205
     197
     183
     169
     225
     208
     198
     177
     221
     236
     255
     253
     236
     219
     233
     222
     196
     196
     186
     202
     179
     188
     179
     199
     161
     193
     190
     199
     166
     193
     192
     202
     168
     186
     170
     189
     182
     180
     188
     194
     170
     175
     169
     157
     166
     180
     171
     180
     163
     205
     159
     176
     186
     176
     195
     183
     178
     182
     189
     179
     169
     195
     175
     168
     183
     178
     166
     162
     177
     160
     179
     151
     162
     181
     184
     170
     184
     165
     171
     161
     186
     188
     183
     175
     147
     181
     169
     154
     164
     154
     170
     167
     161
     184
     187
     179
     166
     179
     166
     167
     178
     158
     165
     152
     166
     171
     168
     178
     182
     146
     174
     163
     173
     154
     159
     158
     135
     188
     162
     165
     156
     146
     175
     171
     156
     161
     148
     143
     164
     166
     149
     193
     168
     143
     175
     162
     166
     126
     137
     133
     145
     177
     132
     164
     163
     135
     147
     144
     145
     145
     163
     142
     173
     148
     164
     135
     150
     152
     156
     149
     148
     156
     153
     139
     149
     151
     151
     160
     154
     150
     181
     173
     149
     160
     144
     135
     145
     165
     156
     136
     135
     137
     153
     147
     153
     134
     173
     138
     138
     164
     151
     144
     146
     156
     149
     143
     139
     158
     170
     157
     151
     132
     140
     154
     154
     153
     153
     150
     137
     140
     164
     130
     138
     153
     127
     153
     143
     156
     147
     132
     155
     132
     132
     155
     128
     150
     140
     140
     147
     144
     141
     115
     123
     146
     148
     150
     145
     135
     141
     139
     131
     170
     147
     136
     172
     154
     150
     153
     143
     138
     147
     134
     147
     149
     144
     159
     160
     152
     140
     142
     118
     134
     137
     136
     127
     116
     129
     139
     142
     148
     130
     144
     142
     121
     145
     128
     167
     137
     126
     142
     142
     154
     149
     125
     148
     136
     130
     147
     129
     142
     161
     145
     138
     130
     145
     116
     137
     145
     141
     140
     131
     126
     127
     147
     118
     114
     126
     140
     126
     139
     139
     110
     115
     132
     119
     132
     133
     158
     113
     136
     107
     136
     120
     139
     143
     121
     138
     146
     136
     113
     126
     120
     128
     141
     137
     114
     133
     131
     134
     125
     117
     125
     124
     149
     116
     117
     128
     112
     127
     116
     142
     125
     147
     120
     156
      98
     149
     118
     135
     140
     136
     113
     111
     124
     105
     130
     116
     141
     121
     110
     143
     139
     132
     118
     123
     104
     124
     110
     118
     110
     100
     128
     135
     133
     115
     109
     121
     112
     109
     122
     119
     114
     137
     116
     107
     113
     130
     132
     123
     121
     131
     128
     130
     117
     120
     119
     109
     118
     125
     111
     113
     110
     140
     141
     109
     112
     113
     131
     119
     121
     119
      99
     136
     129
     124
     120
     119
     124
     124
     112
     136
     119
     116
     113
     124
     130
     115
     116
     120
     116
     114
     127
     125
     113
     121
     112
     112
     101
     102
     109
     121
     122
     120
     110
     121
     123
     113
     132
     117
     119
     125
     118
     111
      95
     137
     121
     101
     132
     132
     122
     109
     114
     117
     103
     105
     121
     137
     142
     159
     190
     219
     232
     256
     260
     211
     206
     179
     136
     135
     112
     121
     114
     120
     111
     124
     111
     102
     110
     110
     112
     126
     106
     115
     113
     115
     104
     116
     110
     111
     109
     113
     125
     103
      96
     108
     111
     104
     102
     101
     102
     105
      98
     110
     104
     113
     113
     127
     104
     110
     102
     117
      97
     103
      97
     103
     106
     124
     117
      96
     107
     108
     106
      99
      84
     121
      91
     106
     123
      96
     112
      84
     103
     104
     111
     102
     113
     101
     104
     102
     106
     127
     123
     133
     121
     110
     130
     123
     101
     130
     105
     110
     115
     114
     112
     144
     112
     129
     123
     100
     106
      88
     114
     123
      98
      96
      96
     104
     108
     112
      90
      91
      89
     104
      98
     105
     114
     103
     112
      86
     109
     107
      98
      95
      83
      90
     112
      94
     107
      94
      95
     107
      86
      94
      98
      96
     104
     100
      96
     132
     107
     124
     114
     118
     108
      88
     109
      87
      97
     102
      82
     109
     117
      86
      97
     119
     111
      91
     121
     105
      91
     106
     115
      84
      98
      92
      94
      92
     121
      98
      89
      84
      70
      92
      90
     115
      88
      78
      84
     114
     102
      99
     102
     103
     101
     104
      89
      97
      98
      98
      93
     104
      90
      89
      94
      85
      89
      96
     104
      86
     104
      83
     106
     103
      77
     111
     100
      98
     100
      90
      89
      92
     114
      91
      99
      91
      99
      79
      89
      87
      98
     101
      93
      75
      95
      84
      83
      92
      87
      97
      91
      85
     101
     106
     110
      96
      82
      76
     101
      96
      93
      81
      98
      81
     102
      87
      90
      88
      71
      98
      75
      84
      98
      99
      88
      95
      87
      79
      92
      91
      87
      90
     106
      89
      77
     104
      94
      67
      93
      96
      94
      92
     104
      77
      98
      98
      81
      93
      81
      83
      93
     105
      94
      84
      90
     109
      84
      92
      94
      84
      94
      80
      79
      95
      88
      69
      87
     105
      95
     104
      89
      89
      80
      88
      85
      82
      68
     103
      88
      88
      94
     106
      83
     107
     104
     110
     107
     120
     111
     135
     114
     116
     106
     108
     103
      82
      97
      81
      77
      92
      92
      89
     109
      99
      88
      88
      94
      86
      76
      95
      99
      93
      81
      79
     113
      82
      78
      84
      94
      75
     100
     101
      87
      84
      79
      96
      95
      70
      72
      77
      75
      82
      82
      79
      76
      70
      92
      88
      84
      89
      99
      83
      98
      82
      83
     102
      84
      86
      78
      81
      80
     102
      91
      79
      91
      84
      71
      74
      93
      81
      83
      80
      76
      86
      94
      78
      74
      86
      75
      86
      88
      82
      98
      81
      79
      93
      72
      77
      94
      85
      96
      89
      90
      80
      83
      94
      78
      91
      84
      69
      62
      84
      94
      77
      83
      85
      68
      77
      76
      79
      74
      83
      83
      87
      96
      69
      81
     101
      86
      87
      91
     100
      96
      89
      87
      78
      81
      84
      84
      82
      88
      83
      86
      98
      86
      66
     101
      80
     112
     102
      73
     105
      76
      89
      70
      99
      98
      84
     112
     102
     129
      98
     123
     156
     169
     191
     224
     291
     315
     376
     467
     578
     749
     781
     923
    1091
    1146
    1157
    1129
    1186
    1088
    1087
     930
     938
     779
     629
     590
     449
     372
     323
     228
     204
     173
     128
     124
     128
     102
     106
      91
      89
      83
      88
      77
      79
      93
      87
      68
      82
      71
      79
      93
      68
      80
      65
      69
      67
      68
      67
      80
      77
      60
      62
      70
      60
      66
      73
      63
      71
      78
      82
      71
      45
      60
      83
      71
      65
      93
      80
      78
      71
      66
      83
      71
      72
      60
      74
      57
      64
      49
      62
      81
      84
      68
      58
      52
      64
      83
      67
      73
      67
      69
      76
      68
      68
      76
      73
      67
      58
      84
      58
      77
      81
      58
      58
      71
      64
      67
      65
      60
      81
      68
      61
      68
      60
      65
      69
      73
      75
      54
      66
      71
      74
      70
      73
      64
      94
      72
      77
      70
      62
      71
      80
      72
      78
      63
      63
      70
      68
      55
      63
      72
      64
      62
      59
      54
      61
      69
      61
      68
      59
      58
      64
      77
      73
      74
      71
      84
      77
      68
      81
      56
      78
      82
      86
      97
     108
     101
      98
      98
     108
      79
      77
      82
      68
      70
      65
      75
      84
      69
      67
      66
      77
      62
      85
      68
      59
      58
      65
      56
      68
      67
      84
      75
      75
      78
      76
      76
      96
     142
     169
     209
     288
     405
     485
     588
     572
     585
     492
     370
     346
     227
     180
     140
      99
     108
      96
     113
     128
     151
     143
     182
     138
     141
     132
      87
      84
      72
      72
      72
      59
      51
      68
      53
      62
      55
      74
      57
      61
      60
      65
      72
      54
      63
      68
      63
      66
      82
      56
      59
      56
      60
      56
      74
      53
      63
      67
      64
      67
      70
      48
      66
      67
      67
      77
      59
      75
      72
      70
      58
      58
      71
      72
      67
      73
      65
      62
      65
      65
      57
      44
      63
      57
      58
      52
      68
      58
      52
      70
      53
      59
      59
      62
      73
      60
      76
      59
      52
      58
      69
      65
      66
      76
      76
      67
      64
      63
      67
      69
      75
      76
      94
      99
     102
      98
     117
     110
      94
      89
     108
      68
      61
      68
      69
      68
      65
      59
      71
      65
      63
      73
      54
      56
      62
      49
      64
      61
      70
      51
      56
      69
      60
      51
      54
      64
      46
      60
      67
      63
      51
      49
      51
      61
      57
      75
      53
      58
      47
      53
      61
      78
      78
      69
      71
      62
      68
      53
      68
      70
      68
      77
      65
      70
      63
      74
      79
      73
      69
      45
      71
      56
      59
      59
      57
      53
      65
      48
      57
      68
      71
      64
      64
      81
      83
      72
      59
      68
      70
      69
      72
      64
      64
      61
      61
      48
      60
      54
      66
      62
      53
      72
      66
      63
      70
      49
      66
      77
      58
      63
      73
      51
      66
      71
      60
      69
      64
      49
      74
      57
      69
      63
      79
      64
      60
      62
      61
      59
      59
      64
      66
      67
      68
      57
      69
      62
      63
      63
      69
      66
      59
      67
      55
      69
      81
      73
      98
     105
     155
     197
     235
     279
     286
     309
     336
     296
     255
     212
     196
     130
     115
      72
      71
      71
      62
      62
      69
      54
      51
      45
      66
      72
      59
      74
      60
      60
      64
      62
      52
      65
      55
      71
      60
      59
      62
      72
      64
      71
      69
      61
      66
      65
      60
      70
      63
      81
      81
     106
      90
     111
     141
     161
     177
     181
     145
     127
     105
     118
      87
      79
      85
      67
      71
      67
      64
      66
      66
      68
      61
      55
      63
      70
      74
      75
      79
      68
      69
      69
      65
      74
      65
      73
      83
      86
     106
     116
     122
     114
     102
      93
     104
      95
      87
      90
      78
      72
      60
      69
      76
      61
      59
      63
      56
      72
      64
      70
      81
      69
      58
      67
      60
      60
      60
      60
      49
      77
      72
      72
      67
      71
      49
      71
      66
      74
      69
      61
      56
      69
      53
      67
      62
      68
      67
      53
      74
      54
      81
      67
      93
     124
     141
     178
     268
     279
     345
     362
     416
     419
     369
     310
     262
     180
     154
     121
     109
      92
     110
     120
     129
     151
     194
     205
     233
     271
     227
     249
     275
     219
     225
     205
     169
     150
     107
      94
      94
      71
      82
      69
      61
      72
      53
      73
      71
      67
      63
      56
      61
      67
      64
      66
      73
      64
      68
      53
      63
      65
      64
      62
      73
      72
      69
      70
      68
      61
      76
      71
      84
      65
      63
      64
      55
      60
      64
      66
      55
      61
      69
      70
      63
      63
      67
      57
      57
      64
      61
      64
      51
      58
      74
      60
      76
      62
      64
      54
      68
      64
      66
      57
      69
      61
      54
      66
      58
      53
      54
      48
      52
      45
      48
      63
      59
      53
      63
      78
      53
      46
      49
      71
      74
      89
      98
     101
     114
     159
     136
     143
     145
     114
     104
      96
      93
      76
      53
      52
      56
      71
      68
      41
      60
      67
      57
      46
      61
      67
      52
      46
      44
      64
      53
      48
      57
      56
      46
      57
      52
      51
      56
      55
      66
      46
      52
      47
      44
      45
      57
      49
      46
      57
      60
      44
      58
      50
      47
      54
      60
      53
      60
      43
      64
      56
      72
      58
      68
      65
      75
      67
      81
      61
      81
      57
      54
      51
      65
      55
      51
      57
      42
      44
      52
      38
      42
      49
      55
      48
      45
      57
      49
      48
      48
      56
      43
      46
      50
      36
      54
      48
      41
      45
      42
      61
      47
      45
      46
      56
      56
      55
      52
      54
      42
      51
      56
      58
      58
      65
      59
      70
      79
      97
     120
     174
     223
     287
     387
     421
     419
     445
     427
     331
     290
     220
     168
     108
      79
      50
      63
      43
      50
      46
      46
      44
      44
      52
      56
      50
      49
      55
      46
      56
      51
      64
      42
      38
      46
      46
      56
      54
      42
      45
      44
      38
      51
      49
      52
      36
      43
      50
      37
      51
      47
      57
      49
      48
      40
      42
      40
      63
      49
      43
      39
      46
      46
      45
      38
      48
      42
      50
      46
      56
      46
      57
      46
      46
      42
      53
      57
      52
      50
      49
      48
      50
      37
      43
      52
      46
      57
      47
      37
      39
      39
      48
      44
      36
      46
      63
      70
      65
      87
      71
      86
      82
      92
      70
      89
      83
      70
      59
      61
      52
      63
      46
      41
      35
      43
      43
      39
      38
      48
      34
      36
      35
      48
      46
      45
      52
      47
      55
      51
      67
      58
      47
      67
      63
      62
      53
      44
      53
      45
      48
      49
      56
      62
      44
      51
      41
      48
      42
      38
      53
      45
      43
      37
      44
      42
      42
      37
      43
      40
      39
      37
      48
      47
      39
      39
      36
      47
      44
      47
      51
      50
      48
      37
      46
      40
      38
      42
      43
      42
      49
      41
      43
      35
      46
      46
      50
      40
      45
      50
      42
      56
      48
      40
      47
      57
      46
      32
      46
      38
      37
      45
      44
      46
      31
      45
      51
      35
      40
      53
      49
      51
      44
      46
      32
      46
      43
      54
      51
      38
      49
      33
      44
      42
      37
      39
      39
      41
      53
      54
      46
      35
      29
      43
      27
      40
      42
      55
      37
      53
      58
      49
      56
      56
      71
      66
      78
      77
      95
      80
      68
      69
      63
      65
      59
      48
      45
      52
      60
      33
      48
      43
      43
      43
      37
      42
      40
      45
      32
      39
      38
      36
      32
      44
      29
      42
      42
      40
      43
      41
      46
      46
      49
      52
      51
      40
      52
      37
      43
      30
      36
      47
      41
      45
      53
      40
      39
      39
      33
      45
      37
      39
      36
      42
      34
      31
      35
      43
      41
      31
      31
      41
      36
      39
      48
      22
      37
      37
      30
      41
      41
      39
      38
      49
      46
      52
      60
      75
      90
      90
      88
      72
      88
      77
      77
      53
      52
      45
      53
      32
      44
      41
      37
      42
      48
      30
      63
      41
      86
      77
     121
     156
     194
     226
     268
     311
     313
     286
     257
     241
     180
     156
      92
      72
      73
      36
      60
      55
      46
      47
      44
      49
      44
      40
      40
      33
      28
      48
      42
      27
      39
      48
      36
      36
      30
      29
      39
      27
      33
      35
      32
      39
      36
      32
      27
      38
      29
      38
      36
      36
      34
      39
      43
      32
      34
      44
      30
      36
      29
      39
      41
      31
      41
      33
      38
      37
      32
      33
      32
      33
      25
      35
      44
      27
      32
      29
      42
      36
      32
      32
      38
      33
      32
      30
      35
      30
      38
      31
      43
      41
      43
      28
      33
      44
      40
      45
      51
      40
      42
      38
      46
      31
      41
      42
      32
      34
      37
      23
      34
      47
      43
      36
      37
      32
      42
      39
      39
      28
      43
      33
      38
      29
      29
      31
      39
      26
      34
      32
      43
      32
      25
      40
      30
      45
      28
      42
      40
      32
      29
      46
      36
      31
      37
      33
      36
      34
      33
      36
      32
      32
      23
      32
      30
      30
      25
      34
      35
      38
      32
      32
      34
      31
      38
      27
      33
      36
      31
      29
      43
      40
      27
      27
      27
      30
      32
      32
      34
      35
      41
      33
      31
      30
      36
      34
      31
      24
      40
      43
      34
      30
      36
      31
      34
      26
      27
      33
      37
      29
      32
      41
      37
      36
      39
      31
      33
      32
      45
      45
      46
      38
      30
      45
      40
      37
      35
      37
      38
      40
      27
      35
      36
      33
      35
      27
      34
      37
      29
      32
      43
      28
      41
      32
      43
      38
      38
      26
      34
      33
      30
      35
      26
      28
      24
      22
      32
      34
      32
      25
      25
      37
      32
      23
      38
      45
      33
      47
      41
      52
      77
      87
     131
     149
     190
     219
     219
     184
     206
     177
     155
      94
      89
      44
      54
      44
      30
      35
      22
      35
      37
      42
      26
      32
      28
      26
      32
      32
      30
      34
      43
      32
      42
      39
      45
      24
      25
      21
      40
      38
      33
      26
      32
      30
      31
      16
      35
      27
      25
      28
      33
      30
      20
      29
      40
      36
      31
      37
      29
      27
      38
      40
      39
      56
      65
      53
      55
      48
      59
      35
      48
      39
      42
      28
      31
      34
      33
      32
      30
      32
      32
      22
      35
      19
      36
      31
      40
      41
      23
      28
      34
      25
      35
      25
      26
      41
      29
      27
      38
      30
      44
      31
      33
      32
      30
      31
      33
      38
      26
      31
      41
      29
      34
      25
      26
      30
      28
      27
      33
      35
      29
      32
      20
      29
      28
      38
      27
      34
      20
      28
      28
      28
      27
      36
      23
      26
      32
      29
      43
      27
      27
      34
      30
      33
      34
      27
      26
      29
      30
      39
      32
      37
      32
      28
      31
      37
      28
      24
      32
      32
      27
      36
      30
      25
      30
      30
      31
      31
      26
      31
      29
      31
      35
      36
      35
      23
      30
      28
      31
      37
      45
      52
      66
      51
      63
      77
      71
      58
      56
      65
      53
      57
      51
      38
      34
      36
      25
      31
      25
      27
      31
      20
      37
      37
      34
      34
      30
      25
      40
      28
      29
      34
      29
      30
      33
      37
      37
      22
      41
      24
      20
      40
      35
      30
      34
      37
      26
      38
      30
      32
      28
      40
      33
      50
      55
      74
     109
     149
     236
     359
     525
     744
    1125
    1377
    1875
    2118
    2255
    2294
    2168
    1917
    1503
    1173
     813
     544
     347
     197
     118
      79
      53
      45
      27
      32
      31
      17
      37
      40
      28
      31
      25
      31
      23
      22
      34
      24
      21
      30
      30
      26
      22
      22
      33
      25
      27
      26
      22
      18
      38
      24
      28
      35
      40
      44
      46
      77
      90
     103
     108
      98
     115
     106
      96
      72
      50
      51
      36
      34
      32
      31
      37
      25
      17
      25
      29
      31
      24
      24
      25
      21
      33
      18
      18
      29
      20
      29
      21
      22
      24
      24
      28
      34
      31
      19
      20
      19
      30
      22
      26
      31
      27
      24
      21
      17
      16
      23
      22
      22
      24
      25
      16
      24
      17
      33
      20
      30
      27
      21
      25
      33
      33
      37
      38
      41
      37
      48
      38
      32
      33
      27
      31
      32
      28
      26
      22
      29
      32
      18
      20
      22
      27
      27
      23
      19
      24
      33
      26
      17
      20
      24
      23
      24
      34
      19
      27
      18
      14
      27
      24
      17
      24
      20
      33
      14
      25
      27
      21
      24
      23
      30
      33
      20
      33
      38
      20
      27
      24
      28
      30
      23
      22
      27
      22
      24
      23
      25
      23
      31
      27
      32
      27
      21
      19
      24
      29
      23
      30
      24
      21
      21
      38
      24
      25
      22
      25
      14
      26
      27
      24
      23
      20
      26
      21
      21
      24
      33
      33
      23
      31
      29
      21
      36
      15
      29
      28
      29
      24
      31
      27
      27
      27
      26
      25
      35
      37
      49
      62
      78
     103
     135
     178
     226
     223
     302
     288
     264
     257
     212
     176
     108
      84
      63
      59
      31
      24
      31
      29
      23
      21
      32
      26
      28
      19
      41
      25
      20
      28
      20
      29
      17
      33
      19
      22
      32
      26
      23
      34
      26
      37
      32
      25
      38
      26
      28
      25
      29
      23
      20
      16
      23
      22
      15
      28
      19
      20
      22
      26
      25
      21
      18
      24
      27
      15
      30
      26
      14
      18
      25
      15
      24
      22
      21
      27
      17
      23
      18
      27
      22
      18
      20
      27
      14
      23
      25
      17
      22
      33
      25
      18
      26
      23
      26
      23
      22
      16
      25
      22
      26
      17
      18
      22
      25
      19
      25
      29
      27
      36
      32
      26
      32
      33
      33
      30
      28
      37
      23
      23
      27
      17
      25
      25
      19
      28
      26
      23
      23
      18
      24
      23
      14
      22
      17
      25
      14
      19
      27
      23
      24
      20
      23
      25
      22
      21
      24
      24
      17
      22
      31
      22
      28
      21
      24
      23
      26
      24
      24
      34
      24
      13
      22
      22
      22
      15
      29
      19
      18
      24
      21
      24
      19
      28
      18
      16
      26
      23
      26
      25
      15
      20
      24
      19
      28
      34
      26
      23
      38
      22
      43
      16
      22
      24
      44
      44
      46
      44
      65
      69
      98
     112
      94
     113
     110
     112
     113
     102
      76
      49
      39
      29
      31
      28
      26
      15
      26
      27
      23
      26
      18
      17
      21
      23
      18
      14
      27
      25
      22
      29
      19
      23
      25
      31
      22
      24
      25
      27
      32
      21
      19
      24
      22
      18
      23
      16
      21
      26
      33
      19
      32
      28
      31
      34
      21
      30
      33
      31
      29
      29
      31
      34
      20
      19
      13
      29
      21
      17
      13
      18
      21
      31
      19
      18
      20
      29
      21
      25
      18
      23
      24
      20
      19
      21
      20
      13
      15
      28
      28
      23
      36
      25
      13
      19
      28
      14
      26
      24
      21
      18
      27
      17
      23
      25
      24
      34
      32
      17
      27
      19
      32
      41
      55
      71
      87
     101
     103
     138
     131
     141
     138
      91
      91
      53
      61
      44
      29
      23
      21
      33
      25
      23
      12
      17
      20
      21
      24
      15
      22
      26
      16
      27
      23
      22
      13
      24
      24
      25
      26
      25
      23
      24
      27
      23
      28
      13
      23
      24
      23
      23
      25
      24
      26
      17
      26
      30
      26
      21
      31
      25
      21
      24
      24
      27
      31
      37
      28
      29
      36
      30
      20
      28
      32
      29
      16
      25
      32
      26
      29
      19
      39
      25
      22
      24
      22
      27
      20
      15
      23
      20
      21
      31
      26
      23
      32
      29
      19
      23
      27
      24
      16
      25
      19
      27
       9
      17
      27
      17
      36
      33
      38
      37
      38
      35
      61
      42
      50
      50
      41
      36
      41
      35
      34
      26
      32
      23
      21
      28
      27
      23
      21
      21
      25
      26
      28
      26
      35
      28
      51
      62
      49
      69
      75
      98
     127
     153
     131
     116
     128
     106
      97
      80
      68
      48
      28
      31
      23
      27
      30
      20
      27
      30
      27
      24
      25
      24
      18
      26
      17
      29
      29
      27
      27
      28
      28
      23
      26
      22
      28
      23
      23
      29
      24
      26
      22
      27
      20
      19
      19
      24
      24
      23
      17
      22
      21
      19
      21
      24
      18
      18
      25
      26
      21
      21
      25
      24
      20
      27
      26
      22
      29
      22
      26
      29
      27
      29
      27
      20
      24
      27
      24
      22
      14
      18
      28
      24
      22
      25
      17
      27
      27
      23
      23
      25
      20
      33
      25
      20
      23
      18
      16
      29
      33
      18
      28
      22
      25
      17
      17
      19
      22
      21
      21
      27
      26
      19
      20
      34
      29
      19
      31
      27
      23
      18
      15
      22
      18
      29
      25
      24
      21
      26
      30
      23
      24
      19
      25
      25
      20
      14
      29
      19
      31
      27
      35
      21
      17
      29
      28
      25
      27
      24
      19
      25
      30
      24
      37
      22
      32
      24
      21
      28
      25
      17
      32
      23
      31
      24
      24
      36
      24
      26
      22
      26
      29
      18
      18
      26
      22
      18
      19
      31
      22
      27
      32
      16
      18
      25
      26
      26
      19
      35
      30
      12
      20
      23
      34
      33
      25
      20
      30
      23
      17
      26
      24
      22
      19
      23
      22
      20
      20
      21
      13
      15
      22
      25
      25
      22
      25
      20
      19
      17
      19
      18
      21
      28
      20
      22
      14
      27
      15
      13
      25
      26
      25
      27
      16
      23
      26
      26
      20
      25
      18
      16
      17
      20
      13
      16
      25
      26
      23
      21
      15
      33
      38
      35
      29
      37
      39
      41
      51
      44
      31
      31
      24
      37
      27
      33
      40
      34
      67
      70
      90
     147
     188
     191
     247
     278
     299
     285
     268
     205
     180
     150
     113
      96
      46
      38
      29
      27
      10
      15
      16
      25
      11
      19
      22
      16
      16
      10
      11
      25
      25
      19
      19
      26
      18
      18
      19
      24
      24
      20
      24
      14
      25
      19
      21
      13
      15
      18
      12
      21
      17
      14
      19
      15
      30
      14
      12
      23
      20
      17
      18
      20
      23
      20
      17
      16
      10
      16
      17
      21
      14
      14
      17
      15
      14
      17
      18
      23
      14
      22
      20
      19
      20
      16
      21
      12
      28
      14
      21
      16
      29
      19
      14
      16
      17
      22
      12
      20
      11
      15
      13
      23
      21
      25
      24
      23
      37
      21
      26
      27
      32
      42
      31
      18
      22
      17
      30
      23
      18
      25
      14
      23
       9
      13
      18
      14
      22
      15
      10
      19
      26
      16
      22
      21
      19
      16
      23
      18
      16
      11
      19
      22
      18
      12
      15
      18
      17
      27
      18
      14
      20
      18
      22
      16
      17
      17
      24
      16
       9
      23
      25
      24
      23
      19
      21
      11
      19
      14
      12
      12
      20
       7
      16
      15
      20
      16
      15
      16
      14
      14
      17
      21
      13
      14
      17
      16
      14
      17
      22
      23
      21
      20
      32
      26
      31
      52
      85
      82
      84
     143
     145
     171
     181
     162
     163
     151
     114
     106
      78
      58
      52
      39
      22
      18
      19
      15
      16
      13
      16
      23
      15
      18
      17
      12
      16
      12
      23
      13
      10
      16
      25
      19
      15
      14
      19
      19
      11
      12
      17
      12
      11
      14
      13
      13
      15
      18
      23
      13
      10
      25
      18
      18
      23
      17
      16
      10
      11
      13
      13
      17
      20
      23
      20
      14
      15
      13
      18
      18
       8
      18
      18
      10
       9
      10
      15
      15
      15
      15
      21
       6
      12
      13
      15
      15
      14
      16
      23
      21
      15
      14
      10
      12
      10
       9
      15
      12
      13
      10
       8
      12
       9
      24
      11
      17
      11
      10
      10
      17
      20
      13
      12
      20
      15
      14
      18
      16
      18
      13
       9
      16
      13
      15
      16
      12
      13
      12
      13
      15
      13
      13
      15
      10
      11
      15
      15
      15
       9
      14
      19
      12
      15
      18
      12
       9
      19
      19
      19
      17
      14
      13
      10
      16
      11
      12
      12
      15
      11
      19
      16
      14
      15
      14
      12
      17
       8
      16
      11
       9
      13
      12
       8
      13
       8
      15
      11
      10
      12
      10
      13
      13
      12
       8
      12
      13
      20
      13
      14
      26
      33
      34
      40
      46
      64
      70
      72
      95
     102
      88
      77
      51
      58
      37
      35
      28
      10
      12
      15
       9
      14
      15
      16
      18
      14
      11
      15
      20
      24
      20
      23
      19
      19
      26
      20
      19
      16
      27
      12
      17
      16
      12
      11
      14
      10
      22
       5
      12
      13
      13
       5
      10
      12
       7
      10
       6
      16
       2
      11
      11
      13
      12
       9
      12
      10
      11
       8
      15
       7
      10
      16
      11
      13
      13
      11
       8
       9
      16
      14
       9
       7
      11
      13
      10
      17
      11
      12
       9
      16
       6
      12
      12
       9
      16
      14
      14
      16
      11
      19
      12
      10
      12
      13
      15
      14
      10
       8
      13
      11
      16
      14
      15
      17
      15
      12
       8
       9
       5
      13
       9
       8
      13
      13
      10
      10
      17
      15
       8
      11
      11
       8
      15
      10
      11
      13
      13
      12
      12
       8
      11
      11
      11
       7
      11
       8
       7
      10
      11
      13
       7
      13
       8
       9
      11
      13
      14
      11
       5
      14
      19
      15
      15
      13
      14
      11
      13
      20
      15
      18
      12
       6
      10
       9
      10
       9
      12
      10
      11
      15
       8
      14
      17
       9
      13
      15
      16
      15
      10
      10
       8
       4
      10
      11
      10
       8
       5
       7
      13
      13
      15
       7
      11
       4
      14
       8
       9
       8
      11
      15
       6
      17
      10
      14
       8
       9
      14
       7
       3
       7
       9
      10
       8
       9
      15
      10
      12
       9
      18
      15
       5
      14
       7
      11
      11
      13
      10
      10
      10
      15
       5
      10
      21
      15
       9
       4
      12
      11
       7
      13
      12
      15
      10
      11
      10
       8
      10
       6
       7
      13
      14
      11
      11
      12
      12
      13
       4
       9
      12
      13
       9
       5
       8
      11
      10
       7
      11
       8
       4
      14
      11
      11
       7
       4
      11
      13
      12
      11
       9
       8
      14
      10
      17
      13
      12
      11
      25
      20
      15
      18
      20
      25
      31
      46
      47
      30
      58
      47
      46
      39
      41
      32
      23
      19
      19
      16
      16
      16
      16
       9
      11
      17
       7
      13
      12
       8
      11
      10
      15
      18
      15
      11
      15
      10
      14
      15
      14
      11
      10
      14
       7
      13
      11
      11
      15
      11
       4
      10
      12
      19
      12
       9
       7
      14
      17
      10
       5
       6
      11
      12
      11
       4
       7
      19
       6
      10
       8
       6
       3
       7
      10
       7
      14
      10
       8
       3
      10
      11
       8
      10
       9
       8
       8
       5
       5
       6
      12
       7
      10
      17
      10
       7
      12
      13
      12
      12
       5
      10
       8
      10
      11
       7
       8
       7
       8
      15
       5
      13
       9
      12
      14
      14
      12
      11
      23
      11
      14
      12
      12
       8
      14
      10
       8
      13
      12
       7
      13
      11
       8
      14
      14
       9
      12
      12
       7
       9
       7
       4
       8
      11
      12
       7
       6
      12
       6
      15
       9
      10
      15
       5
       6
      10
       9
      12
       3
       7
       4
      11
       4
       6
       5
       7
      10
       7
      11
       9
       8
      10
      11
      19
      14
       3
      10
       7
       9
      16
      13
      12
      10
      10
       7
       9
       7
       9
       9
       7
       9
      10
       8
      10
       6
      16
       7
      10
       9
       8
       5
      13
      12
       9
      11
       8
      11
      10
      10
      14
       6
       6
       6
      10
       6
       7
       7
      10
       9
      12
       5
       8
       5
       6
       9
      10
       8
       7
       6
       8
       9
      10
      13
       5
       8
       7
      12
       7
       9
       5
       9
       7
       9
      12
      11
       9
       8
       4
       8
       2
       8
       8
       6
       6
       8
       5
      10
       4
      12
      13
       4
       6
       6
       7
      10
       9
      12
      12
      10
       8
      15
       8
       7
      11
       7
       7
       4
      11
       5
       7
       8
       9
       9
       9
       8
       8
       8
       5
       3
       7
       8
       6
      14
      10
      14
       9
      11
       4
      10
       6
       9
       8
       5
       4
      12
       9
      10
       9
      11
      12
      15
      22
      20
      29
      36
      57
      87
     129
     174
     224
     364
     463
     618
     691
     865
     996
    1049
    1061
    1034
     950
     768
     621
     515
     343
     212
     161
     102
      63
      36
      15
      10
       7
       7
       7
      11
       5
      11
       5
       5
       4
       3
       3
      15
       9
       8
       6
      10
       7
       5
       6
       7
       8
       6
       7
       9
       9
       6
       3
       8
       7
       5
      11
       5
      11
       4
       5
      10
       4
       5
      10
       5
       7
       8
       7
       4
       7
       6
       5
       3
       9
      10
      10
       2
       7
       5
      11
       5
      10
       7
      12
       7
       5
       4
       5
       6
      13
      10
       8
       9
      13
       8
      20
      29
      26
      27
      27
      30
      21
      29
      12
      17
      22
      17
      11
       7
      11
       5
       8
      13
       9
       8
       7
       7
      10
       6
       7
       6
      13
       9
       9
       6
      15
      11
       5
       3
       4
       5
       6
       3
       4
      11
       7
       9
       4
       5
      15
       5
       8
       7
       9
       7
       7
       9
       5
       4
       4
       3
       8
       4
       4
      11
       4
       8
       7
       6
       4
      11
       4
       6
       4
       6
       6
      10
       5
       8
       4
       5
       6
       2
       9
       5
       2
       6
       5
      15
       3
       6
       5
      13
       6
       5
      19
       7
      12
      11
      12
      14
      20
      28
      16
      18
      13
       3
       9
       9
       9
       4
       5
       5
       5
       5
       4
       6
       4
       8
      11
       5
       6
       9
       4
       8
       9
      10
       6
       3
       3
       3
      11
       9
       4
       7
       7
       8
      10
       7
       5
       8
       5
       3
       7
       5
       5
       9
       8
       7
       4
       5
       4
       5
       8
       3
       7
       3
       5
       6
       8
       5
       8
       8
       6
       3
      12
       4
      13
      11
       8
       8
       6
       6
       3
       6
       7
      12
       6
       4
       4
       5
      11
       6
       7
       7
       8
       4
       7
       7
       6
      10
       1
       8
       6
       9
       4
       7
       8
       6
       6
       5
       2
       5
       9
       6
       7
       5
       4
       8
      15
       5
      15
      17
      19
      15
       6
      13
      12
      17
       9
       9
       8
      11
       6
       7
       5
       3
       9
       7
       9
       3
       9
       8
       6
       9
       3
       5
       1
       4
       4
       7
       3
       7
       8
       3
       6
       5
       3
       9
       6
       7
       5
       6
       4
       6
       5
       2
       4
       4
       4
      10
       6
       6
       5
      10
      11
       4
       7
      10
       3
       7
       6
       7
       7
       9
       8
      10
      10
       8
      11
      14
      16
      17
      27
      37
      43
      83
      71
      74
      80
      87
      97
      83
      73
      54
      49
      45
      27
      22
      17
      21
       6
       8
       6
       7
       4
       7
       5
       3
       4
       8
       6
       5
       3
       4
       7
       5
       3
       8
      12
       8
       9
      11
       5
       9
       7
       5
       6
       7
       7
       4
       8
       2
       7
       6
       4
       5
       6
      10
       5
       3
       7
       9
       8
       7
       4
       3
       8
       5
       5
       7
       5
       4
       6
       8
       6
       6
       7
       7
      11
       3
      10
       6
      10
       6
      10
       9
       7
       5
       7
      13
       4
      13
      12
      10
       7
      11
      14
       8
       7
       9
       9
       5
       9
       9
      13
      10
      14
      14
       8
      10
       8
      14
      14
      16
      12
       4
       3
       7
       8
       4
       6
       4
       5
       2
       8
       4
       4
       6
       7
      13
       9
      13
       2
       8
       5
       8
       5
       9
       3
       3
       5
       6
       3
       6
       9
       6
       3
       9
       6
       4
       7
       5
       7
      14
       4
       8
       4
       8
      10
       6
       7
       8
       8
       8
      14
      11
       8
      18
      16
      11
      11
      16
      17
      17
       4
       6
       7
       9
      12
       7
       7
       4
       3
       6
       3
       3
       9
      11
       7
       6
      11
       7
       4
       3
       9
       6
       6
       2
       6
       6
       6
       4
      11
       9
       4
       7
       2
       4
       9
       8
       5
       7
       7
       5
       1
       3
      10
       6
       9
       7
       7
       6
       5
      10
       6
       9
       6
      12
      11
       8
      12
      10
       5
      10
       5
      14
      15
      14
      12
      12
      14
      18
      29
      26
      36
      36
      44
      59
      56
      61
      58
      79
      57
      56
      62
      40
      30
      18
      14
      10
      11
       8
       8
       8
       7
       6
       2
       9
      10
       4
       3
       5
       5
       8
       8
       6
       3
       4
       4
       5
       1
       4
       5
       3
       4
       4
       4
       5
       8
       3
       5
       4
       4
       4
       6
       4
       9
       8
       5
       3
       3
       7
       3
       5
       7
       3
       4
       6
       7
      11
       6
       6
       6
       8
       3
       6
       6
       3
       3
       5
       5
       8
       6
       5
       7
       5
       1
       4
       3
       5
       3
       4
       5
       2
      11
       4
       7
       7
       7
       4
       5
       5
       4
       8
       8
       2
       5
      12
       7
       9
       5
       3
       2
       3
      10
       6
       4
       5
       4
       7
       4
       6
       7
       2
       6
       6
       3
       4
       7
       4
       4
       6
       3
      13
       7
       7
       4
       7
       9
       6
       7
       4
       3
       9
       4
       4
       4
       7
       5
       3
       2
       6
       6
       6
       4
       5
       8
       6
      10
       4
       5
       2
       7
       4
       4
       4
       5
       7
       4
       8
       4
      12
       3
       5
       5
       7
       4
      10
       5
       4
       8
       5
       9
       6
       5
       5
       5
       7
       5
       7
       2
       7
       7
       8
       8
       5
       2
       2
       7
       3
       7
       9
       4
       6
       1
       4
       7
       8
       5
       8
       6
       7
       3
       1
       2
       6
       5
       6
       5
      10
       3
       9
       8
       6
       2
       5
       5
       3
       2
       5
       5
       7
       3
      11
       9
       6
       5
       8
       4
       9
       8
       5
      10
      14
       7
       9
      11
      15
      11
      12
       8
       7
       4
      16
       6
       4
      10
      12
       9
       5
       3
       5
       6
       6
       5
       2
       6
       8
      10
       5
       5
       7
       7
      10
       4
       8
       6
       2
       5
       7
       6
       7
       2
       7
       3
       5
       5
       7
       8
       4
       5
       6
       6
       6
       7
       7
       3
      11
       0
       7
       7
       3
       1
       2
       2
      10
       2
      10
       3
       3
       4
       7
      10
       9
       2
       5
      11
       5
       7
       3
       6
       7
       9
      12
       5
       9
       8
       5
       6
       8
       5
      11
       7
       4
       5
       7
       6
       8
       5
       3
       8
       4
       2
       5
       6
      10
       9
       5
       6
       5
       9
       7
       6
      12
       7
       7
       6
       2
       5
       6
       6
       4
       4
       4
       4
       8
       6
       3
       6
       7
       7
       7
       9
      10
       5
       7
      11
       4
       7
      11
       7
       4
       6
       6
       4
       7
       6
       6
       2
       8
       5
       1
       8
       9
       3
       7
       2
       5
       2
       5
       5
       3
       3
       5
      10
      11
       7
       8
       9
       4
       4
       6
       5
      10
       4
       2
       5
      11
       8
       5
       5
       9
       5
       4
       6
       9
       9
       9
       3
       5
       4
       7
       7
       3
       3
       5
       4
       7
       7
       9
       8
       5
       6
       4
       6
       6
       8
       5
       5
       9
      10
       9
      12
      12
       7
      12
      11
       9
      12
       8
       8
       9
       6
       8
       5
       8
       8
       3
      11
       5
       8
       8
      10
       9
       7
       9
       8
       7
       6
       7
       4
      13
      10
       7
       6
       4
       3
       3
       3
       5
       6
      13
       5
       3
       7
      10
       4
       4
       7
       6
       4
       7
       8
      12
       8
      14
      10
      27
      13
      21
      22
      31
      30
      41
      21
      28
      35
      23
      33
      17
      18
      11
       9
       9
      13
       4
       6
      10
       8
       2
       4
       4
       2
       4
       6
       7
       9
      10
       4
       7
       6
       7
       6
       5
       5
       2
       7
       7
       3
       7
       6
       6
       2
       1
      10
       8
       4
       1
       5
       8
       6
       2
      10
       9
       3
       6
       4
       7
       5
       8
       7
       5
       3
       4
       5
       6
       7
       4
       4
       8
       2
       2
       0
       7
       9
       6
       5
       5
       3
       5
       5
       4
       1
       9
       6
       5
       8
       7
       6
       5
      12
       6
       3
       6
       5
       6
       5
       4
       7
       5
       5
      10
       3
       5
       5
       5
       7
      10
       5
       7
       6
       9
       7
       3
       2
       3
       7
       5
       7
       8
       3
      10
       5
       1
       3
       6
      11
       5
       8
       5
       6
       6
       4
       4
       8
       6
       9
       6
      10
       7
       1
       3
       7
       4
       9
       6
       2
       6
       6
       5
       5
       4
       3
       2
       3
       0
      12
       7
       2
      12
       5
       9
      10
       6
       9
       5
      10
       3
       7
      10
       7
       7
       6
       6
       7
       4
       8
       7
       1
       8
       5
       6
       3
       5
       6
       2
       4
       8
       3
       7
       4
       3
       5
       4
       3
       4
       8
      11
       9
       5
       3
       5
       3
       6
       5
       3
       4
       4
       2
      12
       6
       8
       6
       6
       2
       5
      10
       5
       6
      12
       5
       3
       4
       7
       2
       6
       3
       7
       4
       6
       7
       3
       4
       3
       6
       4
       5
       8
       9
       7
       6
       4
       5
       3
       5
       8
       5
       2
       8
       4
       8
       6
      10
       9
       4
       7
       6
       7
       8
       4
       8
       4
       4
       6
       9
       3
      10
       5
       8
       7
       5
       6
       7
       5
       5
       4
       5
       9
       4
       3
       5
      10
       3
       6
       7
      11
       8
       8
       6
       6
       4
       5
       4
       7
       6
       2
       5
       8
       5
       2
      11
       4
       4
       5
       6
       7
       9
       4
       1
       6
      12
       9
       8
       9
       8
      10
       8
       6
       3
       5
       8
       5
       9
       4
       4
      12
       6
       6
       2
      11
       9
      10
       8
      10
       7
       1
       6
      11
       3
       3
      10
       5
       3
       4
       6
       5
       6
       4
       5
       9
       7
      10
      10
       7
       6
       9
       3
       8
       4
      10
       4
      12
      10
      14
      13
      19
      11
      13
      14
      14
      11
      17
      12
      11
      11
      11
      10
       3
       6
       1
       3
       9
       6
       6
       2
       7
      10
       5
       6
       8
       7
       6
       1
       4
       5
       8
      10
       6
       6
       3
       6
       6
       9
       3
       2
       5
       2
      11
       5
       5
       6
       8
       8
       5
      10
       9
       1
       7
       9
       6
       7
      11
       4
       6
       6
       6
       8
       7
      11
       5
       9
       7
       7
       3
       5
       5
       4
       9
       7
       5
       9
      11
       8
       6
       5
      10
       4
       5
       5
       3
       6
       2
       9
       1
       5
       9
       4
       2
      10
       8
       1
       3
       5
       3
       7
       2
       6
       1
       9
       3
       6
       5
       2
       7
       3
       7
       2
       6
       5
       6
       6
       4
       3
       5
       2
       4
       8
       8
       5
       5
       3
       8
       7
       4
       4
       1
       6
       6
       4
       3
       6
       5
       4
       6
       6
       6
       3
       8
       9
       8
       6
       6
       3
       3
       3
       4
       8
       7
       5
       5
       3
       5
       7
       8
       5
       3
       7
       3
       5
       6
       4
       6
       7
       7
       3
       1
       8
       4
       5
       4
       9
       3
       3
       7
      10
       7
       6
       3
       4
       4
       5
       2
       3
       7
       3
       8
       4
       6
       4
       5
       7
       2
       4
       6
       9
       4
       5
       4
       4
       9
       6
       4
       4
       5
       8
       8
       7
      12
       8
       4
      10
      11
      13
       7
       6
      11
      12
       7
       5
      10
       4
       8
       4
       6
       5
       5
       7
       4
       3
       5
       6
      11
       8
       3
       5
       5
       3
       8
       7
       4
       4
       3
       3
       5
       8
       6
       4
       1
       6
       5
       5
       1
       1
       6
       8
       5
       5
       6
       4
       9
       8
       2
       4
       5
       6
       5
       3
       3
      10
       8
       5
       5
       6
       3
       4
       5
       6
       4
       4
       1
       6
       5
       2
       4
       2
       6
       6
       5
       6
       9
      11
       7
       3
       3
       9
       8
       9
       6
       9
       3
       9
       9
       3
       6
       6
       5
       2
       4
       2
       7
       3
       6
       7
       4
       1
       4
       3
       7
       3
       4
       3
       1
      10
       6
       6
       4
       5
       4
       5
       5
       3
       8
       4
       6
       5
       2
       3
       1
       1
       2
       7
       5
       6
       1
       4
       2
       3
       6
       8
       6
       2
       5
       3
       3
       2
       5
       4
       1
       6
       5
       8
       3
       7
       3
       7
       7
       6
       4
       2
       4
       3
       8
       5
       5
       8
       4
       2
       6
       3
       2
       1
       6
       2
       1
       5
       7
       2
       9
       9
      12
       4
       5
       4
       7
       3
       8
       4
       4
       3
      10
       1
       3
       3
       4
       6
       4
       2
       9
       9
       3
       3
       2
       5
       2
       2
       3
       4
       4
       2
       3
       5
       2
       6
       5
       6
       5
       4
       4
       7
       5
       7
      12
       6
      10
       8
      12
      12
      13
       9
      11
      11
      10
      11
      14
       8
       5
       5
       6
       4
       1
       8
       4
       3
       7
       3
       2
       6
       6
       0
       3
       5
       4
       6
       4
       6
       6
       3
       7
       2
       3
       5
       6
       4
       3
       5
       4
       2
       0
       6
       2
       5
       4
       3
       2
       5
       1
       3
       1
       4
       4
       2
       2
       6
       5
       8
      10
       4
       5
       7
       3
       8
       3
       4
       7
       4
       3
       7
       3
       5
       4
       0
       4
       5
       2
       0
       6
       5
       2
       9
       2
       3
       8
       2
       4
       8
       5
      10
       4
       4
       4
       8
       7
       4
       6
       7
       1
       3
       5
       5
       2
       4
       1
       6
       6
       4
       4
       5
       5
       4
       1
       4
       5
       1
       4
       4
       4
       5
       2
       2
       7
       7
       3
       1
       1
       4
       3
       3
       7
       4
       1
       6
       5
       2
      11
       7
       5
       8
      11
      16
       8
       8
       9
       9
       9
      12
      13
       8
       5
       7
      16
       6
       4
       8
       8
       3
       5
       8
       5
       6
       6
       4
       5
       5
       2
       0
       6
       3
       4
       2
       5
       4
       5
       4
       9
       4
       8
      15
      17
      14
      22
      43
      43
      38
      43
      32
      27
      33
      30
      26
      18
      10
      15
      11
       8
       2
       8
       5
       5
       5
       2
       4
       2
       3
       4
       4
       4
       4
       3
       5
       2
       3
       6
       1
       7
       7
       6
       3
       2
       1
       2
       5
       3
       7
       6
       6
       6
       5
       1
       2
       3
       0
       4
       3
       3
       4
       3
       2
       7
       3
       5
       2
       4
       5
       6
       2
       3
       4
       1
       3
       4
       3
       3
       2
       3
       3
       6
       2
       2
       4
       6
       1
       4
       4
       7
       2
       5
       8
       6
       9
       0
       8
       4
       6
       2
       1
       4
       7
       2
       3
       2
       7
       3
       4
       6
       2
       8
       3
       6
       7
       8
       5
       5
       6
       9
       4
       6
       7
       7
       4
       7
       2
       3
       1
       2
       2
       4
       5
       8
       6
       2
       5
       4
       1
       8
       4
       6
       4
       4
       7
       5
       1
       3
       4
       4
      10
       5
       2
       4
       6
       3
       4
       4
       7
       6
       6
       2
      10
       4
       4
       4
       3
       1
       3
       3
       4
       4
       6
       4
       3
       6
       3
       6
       5
       5
       3
       3
       4
       3
       6
       4
       7
       1
       2
       3
       4
       5
       6
       5
       5
       5
       6
       5
       3
       4
       5
       3
       8
       2
       3
       1
       7
       1
       6
       8
      10
       4
       3
       3
       4
       1
       2
       2
       5
       2
       0
       3
       4
       2
       4
       3
       4
       0
       2
       4
       1
       4
       6
       6
       3
       5
       5
       3
       5
       5
       5
       4
       2
       4
       7
       2
       4
       3
       4
       4
       2
       4
       3
       5
       3
       3
       5
       1
       4
       3
       5
       2
       3
       3
       4
       8
       6
       4
       8
       8
       5
       3
       4
       0
       3
       2
       2
       2
       5
       3
       4
       3
       4
       7
       2
       6
       5
       1
       4
       3
       1
       7
       1
       7
       3
       3
       3
       2
       5
       4
       3
       2
       2
       4
       3
       1
       2
       7
       2
       2
       7
       3
       6
       5
       5
       5
       5
       3
       2
       5
       2
       6
       2
       4
       0
       6
       3
       6
       3
       6
       3
       4
       4
       4
       3
       2
       3
       2
       3
       3
       4
       5
       5
       4
       5
       2
       5
       4
       3
       2
       2
       3
       3
       2
       5
       2
       4
       3
       2
       2
       4
       2
       8
       3
       5
       5
       3
       2
       2
       4
       4
       4
       6
       1
       4
       1
       3
       6
       1
       4
       3
       3
       6
       3
       6
       2
       3
       5
       6
       2
       4
       3
       0
       1
       2
       3
       7
       5
       0
       2
       3
       5
       6
       4
       1
       3
       3
       5
       5
       2
       2
       4
       4
       4
       3
       5
       2
       5
       4
       3
       4
       4
       2
       2
       2
       3
       7
       2
       3
       6
       3
       6
       3
       5
       7
       5
       1
       8
       3
       1
       4
       4
       4
       4
       7
       5
       2
       2
       7
      10
       3
       8
       2
       4
       1
       3
       5
       8
       4
       8
       3
       4
      10
       3
       5
       3
       7
       4
       1
       6
       4
       8
      13
       3
       5
       4
       6
       5
       1
       5
       2
       5
       3
       9
       0
       4
       3
       0
       5
       2
       8
       3
       7
       5
       4
       8
       8
      10
       9
       8
       2
       3
       5
       1
       8
       6
       4
       4
       4
       3
       4
       4
       1
       5
       3
       6
       6
       4
       5
       4
       2
       4
       4
       2
       4
       6
       1
       4
       4
       3
       8
       6
       4
       6
       3
       6
       8
       4
       7
       8
       3
       5
      10
       8
       6
       8
       5
       5
       2
       2
       3
       7
       1
       6
       5
       3
       4
       9
      12
      10
      17
      12
      15
      30
      42
      38
      47
      65
      78
     109
     128
     150
     156
     150
     153
     190
     175
     144
     129
     110
     116
      77
      57
      33
      22
      13
       9
       8
       5
       4
       2
       7
       2
       5
       0
       1
       2
       5
       4
       5
       3
       5
       7
       2
       3
       8
       2
       5
       1
       3
       3
       3
       6
       3
       3
       7
       2
       2
       8
       3
       1
       2
       2
       3
       3
       1
       3
       5
       2
       0
       1
       6
       1
       4
       4
       3
       5
       1
       6
       2
       1
       6
       2
       2
       5
       6
       4
       4
       3
       2
       1
       3
       3
       6
       3
       4
       1
       3
       5
       5
       3
       1
       2
       2
       2
       4
       5
       4
       5
       0
       5
       3
       0
       4
       4
       4
       3
       4
       2
       2
      10
       1
       7
       3
       2
       5
       5
       6
       1
       5
       2
       5
       2
       3
       7
       5
       3
       3
       3
       5
       3
       5
       2
       4
       0
       7
       2
       5
       1
       4
       4
       4
       6
       4
       2
       2
       4
       3
       3
       3
       2
       5
       5
       4
       5
       0
       3
       4
       1
       5
       6
       1
       7
       2
       2
       1
       4
       3
       6
       8
       4
       5
       6
       6
       1
       6
       3
       6
       1
       1
       3
       5
       6
       9
       2
       1
       2
       4
       3
       3
       6
       5
       3
       4
       8
      11
      13
       4
      10
       8
      13
      13
      12
      13
       9
       9
      11
      11
       7
       6
       5
       6
       1
       1
       1
       5
       3
       4
       2
       5
       1
       2
       1
       4
       4
       1
       1
       2
       2
       3
       3
       1
       1
       2
       2
       5
       6
       1
       4
       1
       4
       0
       1
       5
       4
       4
       4
       3
       3
       4
       6
       3
       1
       2
       4
       2
       3
       1
       5
       5
       5
       2
       3
       3
       1
       0
       4
       1
       5
       4
       3
      10
       5
       2
       2
       5
       2
       6
       5
       1
       4
       1
       4
       2
       2
       2
       4
       3
       4
       2
       0
       3
       5
       4
       1
       3
       1
       6
       3
       4
       6
       5
       0
       0
       0
       0
       3
       4
       3
       4
       4
       1
       0
       0
       7
       5
       3
       1
       4
       4
       4
       5
       2
       1
       4
       5
       2
       3
       2
       2
       3
       6
       5
       1
       1
       4
       1
       4
       1
       4
       3
       2
       5
       3
       6
       4
       0
       4
       1
       1
       1
       4
       3
       5
       3
       3
       6
       3
       4
       1
       5
       4
       7
       3
       3
       1
       1
       2
       2
       3
       4
       3
       3
       4
       1
       4
       2
       7
       4
       2
       4
       4
       5
       7
       2
       2
       0
       3
       4
       3
       4
       2
       1
       4
       3
       1
       3
       5
       1
       4
       7
       0
       5
       1
       8
       2
      10
       4
       3
       3
       3
       2
       3
       0
       4
       1
       3
       2
       1
       4
       4
       4
       4
       0
       6
       1
       6
       3
       3
       4
       5
       0
       2
       2
       4
       0
       6
       4
       4
       2
       4
       5
       4
       5
       1
       6
       3
       2
       4
       4
       4
       3
       3
       1
       3
       1
       6
       4
       3
       6
       9
       2
       2
       3
       1
       6
       2
       3
       6
       1
       3
       5
       2
       0
       5
       3
       1
       3
       2
       3
       4
       3
       3
       4
       2
       1
       3
       1
       3
       1
       4
       4
       2
       4
       3
       3
       4
       1
       4
       2
       5
       4
       6
       2
       2
       2
       1
       4
       3
       2
       5
       6
       4
       2
       3
       7
       2
       1
       3
       5
       2
       5
       3
       4
       4
       4
       5
       3
       5
       6
       5
       5
       4
       5
       6
       7
       8
       4
       4
       2
       4
       5
       2
       4
       4
       3
       2
       4
       4
       4
       7
       2
       2
       2
       3
       3
       1
       5
       3
       5
       2
       5
       5
       1
       5
       9
       5
       4
       2
       1
       4
       5
       5
       9
       3
       6
       7
       7
       4
       2
       6
       5
       4
       4
       2
       2
       2
       3
       1
       0
       1
       4
       1
       1
       8
       2
       2
       3
       1
       4
       2
       2
       5
       4
       4
       6
       1
       3
       3
       3
       1
       4
       2
       4
       4
       9
       3
       3
       2
       1
       3
       5
       5
       2
       3
       5
       1
       3
       1
       4
       1
       0
       2
       6
       3
       3
       2
       1
       1
       2
       4
       2
       2
       2
       3
       1
       1
       1
       1
       7
       2
       1
       4
       3
       3
       2
       3
       1
       4
       0
       2
       3
       3
       1
       1
       1
       4
       1
       3
       6
       4
       2
       4
       3
       4
       3
       2
       2
       3
       2
       2
       2
       4
       3
       4
       2
       2
       1
       6
       4
       3
       5
       2
       5
       2
       3
       2
       2
       4
       2
       4
       1
       0
       2
       2
       1
       5
       4
       2
       4
       3
       2
       3
       2
       4
       0
       2
       5
       4
       1
       3
       0
       4
       4
       0
       2
       3
       3
       1
       2
       2
       2
       5
       3
       3
       1
       4
       2
       2
       4
       1
       0
       1
       2
       1
       3
       1
       6
       1
       2
       1
       5
       0
       3
       2
       3
       6
       2
       0
       0
       1
       1
       2
       1
       5
       4
       3
       3
       3
       3
       4
       1
       5
       1
       1
       3
       5
       1
       2
       3
       4
       1
       2
       3
       2
       4
       5
       1
       4
       7
       2
       1
       3
       6
       1
       3
       3
       1
       0
       7
       5
       5
       4
       1
       2
       3
       2
       5
       8
       4
       4
       1
       7
       2
       4
       1
       3
       4
       4
       2
       3
       2
       2
       3
       1
       3
       5
       1
       3
       2
       0
       2
       3
       4
       0
       0
       4
       4
       4
       3
       2
       2
       2
       3
       2
       1
       4
       4
       2
       6
       4
       4
       3
       2
       4
       5
       4
       4
       1
       2
       2
       1
       1
       1
       2
       3
       0
       3
       3
       2
       1
       3
       0
       0
       2
       1
       2
       3
       3
       2
       1
       0
       2
       2
       2
       1
       3
       1
       2
       2
       3
       2
       2
       1
       1
       5
       0
       7
       2
       3
       1
       2
       1
       2
       1
       3
       3
       2
       1
       2
       0
       1
       3
       4
       4
       0
       2
       2
       0
       4
       2
       1
       2
       2
       2
       2
       3
       4
       4
       1
       3
       1
       1
       0
       2
       3
       5
       3
       4
       4
       2
       1
       4
       1
       1
       1
       1
       3
       1
       1
       4
       3
       2
       5
       0
       0
       1
       1
       4
       5
       3
       2
       6
       8
       6
       9
      12
      11
       6
      10
       6
       9
       1
       9
       5
       2
       5
       2
       4
       1
       2
       1
       2
       3
       6
       0
       1
       3
       3
       2
       1
       2
       1
       6
       3
       2
       3
       1
       1
       1
       2
       1
       2
       1
       2
       2
       3
       2
       3
       4
       2
       4
       1
       1
       4
       1
       1
       3
       2
       0
       4
       1
       1
       1
       3
       3
       0
       2
       0
       0
       1
       3
       3
       2
       4
       1
       3
       6
       1
       2
       0
       2
       1
       1
       2
       4
       2
       2
       0
       0
       2
       1
       3
       3
       2
       4
       4
       2
       1
       6
       2
       0
       4
       3
       0
       2
       2
       4
       3
       4
       2
       3
       2
       1
       3
       0
       3
       2
       1
       2
       4
       1
       2
       3
       0
       2
       1
       5
       6
       1
       2
       3
       1
       4
       7
       1
       3
       0
       1
       2
       0
       2
       2
       5
       1
       4
       4
       1
       0
       2
       4
       3
       2
       0
       4
       3
       2
       3
       1
       4
       4
       3
       2
       1
       5
       4
       9
       9
       8
      12
      11
       6
      13
      16
      17
      14
      12
      13
      14
      14
       8
       7
       6
       8
       5
       3
       5
       3
       3
       3
       1
       2
       1
       3
       1
       1
       2
       2
       2
       3
       4
       3
       1
       3
       3
       4
       7
       4
       2
       3
       1
       2
       0
       2
       3
       1
       2
       1
       4
       2
       1
       3
       2
       3
       4
       1
       3
       0
       0
       1
       3
       3
       1
       1
       3
       4
       1
       2
       1
       3
       2
       5
       1
       1
       0
       1
       3
       4
       0
       4
       4
       6
       1
       1
       7
       5
      12
      20
      20
      18
      23
      27
      20
      29
      31
      45
      28
      33
      24
      30
      25
      21
      11
      16
       8
       6
       5
       7
       2
       3
       2
       2
       1
       3
       1
       2
       1
       2
       4
       4
       2
       1
       0
       2
       0
       4
       1
       3
       2
       1
       1
       0
       1
       0
       3
       1
       2
       1
       2
       2
       3
       3
       2
       3
       2
       1
       2
       4
       4
       1
       1
       2
       1
       2
       1
       2
       2
       3
       3
       2
       4
       1
       2
       5
       0
       2
       2
       1
       5
       1
       1
       3
       1
       6
       5
       9
       5
       2
       4
       6
       5
      13
      11
      16
      24
      24
      30
      50
      64
      58
      72
      76
      80
      79
      73
      67
      52
      69
      56
      32
      24
      23
      20
      13
      12
       6
       5
       4
       4
       4
       3
       0
       4
       4
       3
       0
       2
       4
       2
       4
       0
       1
       2
       0
       1
       1
       2
       1
       3
       1
       3
       4
       1
       2
       2
       5
       2
       1
       0
       6
       2
       2
       2
       2
       2
       3
       7
       1
       3
       1
       1
       2
       1
       2
       0
       1
       2
       4
       2
       0
       2
       7
       2
       2
       2
       6
       2
       2
       3
       3
       0
       4
       2
       3
       0
       3
       0
       0
       3
       4
       1
       6
       5
       2
       2
       3
       3
       3
       3
       5
       2
       2
       2
       0
       3
       1
       0
       0
       2
       2
       5
       2
       2
       1
       1
       2
       3
       4
       2
       2
       1
       4
       2
       2
       1
       1
       5
       1
       3
       0
       1
       0
       1
       5
       4
       1
       1
       3
       4
       2
       2
       0
       3
       4
       3
       2
       2
       0
       1
       0
       0
       3
       0
       3
       0
       2
       1
       2
       2
       4
       0
       2
       1
       1
       2
       1
       1
       0
       2
       3
       4
       5
       3
       2
       1
       3
       2
       1
       3
       1
       5
       2
       0
       2
       4
       3
       2
       4
       3
       4
       0
       2
       0
       1
       1
       0
       1
       1
       1
       3
       3
       1
       1
       2
       1
       0
       1
       2
       0
       0
       3
       3
       2
       0
       1
       1
       2
       0
       1
       1
       2
       5
       3
       0
       0
       5
       1
       4
       5
       4
       3
       9
       7
       1
       2
       2
       4
       6
       3
       3
       0
       0
       5
       4
       3
       5
       2
       4
       4
       5
       5
       5
       7
       6
       5
      11
       7
      16
      11
      12
       6
       7
      10
      11
      21
      11
      14
      10
      14
       9
      10
      17
       8
      11
       8
       9
      11
       9
       5
       3
       4
       5
       1
       2
       4
       3
       3
       1
       2
       0
       1
       2
       3
       2
       2
       4
       3
       1
       1
       1
       1
       4
       3
       2
       2
       2
       1
       1
       0
       1
       1
       1
       3
       1
       4
       3
       1
       3
       1
       3
       1
       1
       2
       2
       2
       1
       2
       4
       4
       5
       2
       1
       2
       6
       2
       1
       3
       1
       3
       3
       1
       7
       6
       3
       0
       2
       4
       0
       2
       3
       2
       1
       3
       2
       3
       2
       3
       2
       1
       2
       1
       4
       2
       1
       0
       6
       4
       2
       2
       2
       2
       5
       1
       1
       2
       2
       1
       2
       0
       2
       2
       1
       2
       2
       0
       2
       6
       3
       2
       3
       5
       3
       4
       4
      11
       6
       8
       8
       6
       5
       5
       7
       4
       1
       4
       4
       1
       3
       0
       1
       2
       2
       2
       3
       5
       1
       1
       3
       0
       4
       2
       1
       1
       1
       4
       4
       2
       0
       1
       0
       3
       2
       2
       1
       2
       3
       2
       1
       3
       4
       5
       2
       1
       2
       1
       0
       3
       1
       5
       3
       2
       0
       2
       0
       2
       0
       0
       4
       2
       1
       1
       1
       4
       0
       2
       2
       2
       1
       3
       1
       1
       1
       2
       1
       0
       0
       1
       0
       2
       3
       1
       2
       4
       1
       2
       3
       3
       3
       1
       3
       2
       2
       1
       1
       3
       3
       5
       2
       1
       2
       1
       1
       3
       3
       0
       5
       0
       2
       2
       4
       5
       4
       1
       2
       3
       1
       0
       4
       1
       5
       4
       3
       1
       4
       0
       1
       2
       1
       1
       3
       0
       2
       4
       3
       2
       3
       1
       4
       1
       2
       5
       1
       1
       1
       0
       3
       2
       3
       1
       3
       2
       1
       3
       1
       2
       0
       0
       2
       2
       2
       2
       2
       3
       2
       0
       0
       4
       5
       2
       6
       1
       1
       0
       2
       3
       1
       2
       1
       3
       0
       3
       1
       3
       0
       2
       5
       1
       1
       5
       3
       5
       3
       3
       2
       3
       3
       3
       3
       1
       2
       1
       1
       1
       1
       4
       5
       2
       1
       1
       2
       6
       1
       1
       1
       2
       3
       1
       1
       5
       2
       3
       3
       4
       1
       1
       1
       3
       4
       1
       2
       0
       3
       3
       2
       0
       1
       2
       3
       2
       1
       2
       2
       2
       2
       3
       3
       2
       0
       3
       2
       0
       3
       1
       2
       0
       1
       2
       0
       0
       2
       2
       2
       0
       1
       0
       2
       0
       3
       1
       3
       0
       2
       4
       2
       2
       1
       2
       3
       1
       0
       1
       3
       4
       0
       2
       3
       0
       4
       2
       3
       0
       1
       2
       2
       2
       1
       2
       5
       2
       1
       1
       2
       4
       1
       3
       2
       4
       1
       2
       3
       2
       4
       3
       2
       2
       1
       3
       1
       6
       4
       2
       4
       0
       2
       4
       2
       1
       3
       1
       6
       2
       5
       5
       3
       2
       8
       5
       3
       4
       3
       1
       3
       1
       5
       3
       2
       2
       2
       5
       3
       1
       3
       3
       2
       4
       5
       2
       1
       4
       0
       2
       2
       4
       3
       4
       5
       3
       0
       2
       5
       3
       1
       1
       1
       1
       5
       3
       1
       2
       3
       0
       3
       3
       4
       2
       2
       0
       1
       2
       4
       5
       2
       3
       4
       1
       1
       2
       2
       0
       2
       0
       0
       4
       2
       2
       2
       2
       2
       0
       4
       0
       0
       0
       1
       2
       7
       3
       6
       4
       2
       1
       6
       2
       0
       2
       3
       4
       7
       3
       2
       2
       4
       2
       2
       0
       0
       2
       1
       3
       2
       6
       3
       2
       1
       2
       2
       2
       4
       3
       5
       4
       2
       1
       3
       2
       3
       2
       2
       2
       1
       2
       3
       2
       3
       2
       0
       3
       2
       1
       1
       3
       1
       3
       3
       2
       1
       2
       0
       1
       1
       1
       3
       2
       0
       2
       3
       4
       3
       3
       7
       5
       4
       4
       2
       1
       1
       9
       9
       6
       5
       5
       5
       6
       2
       2
       2
       3
       1
       3
       4
       2
       3
       2
       4
       1
       2
       4
       1
       1
       3
       1
       1
       2
       3
       3
       2
       4
       4
       2
       1
       2
       4
       2
       2
       0
       0
       1
       3
       2
       1
       4
       2
       2
       1
       3
       2
       2
       3
       4
       3
       1
       0
       1
       2
       1
       2
       3
       5
       2
       2
       1
       1
       4
       2
       1
       2
       2
       3
       3
       1
       2
       2
       3
       1
       1
       6
       1
       5
       3
       1
       2
       3
       2
       2
       1
       6
       1
       5
      10
       4
       7
      10
       4
       3
       7
       4
       1
       4
       2
       2
       1
       2
       3
       4
       5
       4
       4
       5
       4
       1
       4
       2
       1
       4
       2
       0
       0
       1
       4
       2
       0
       3
       3
       5
       2
       7
       5
       1
       2
       4
       2
       3
       5
       1
       1
       1
       1
       4
       6
       0
       3
       3
       3
       4
       0
       3
       3
       4
       2
       1
       0
       4
       4
       6
       2
       1
       4
       5
       1
       0
       4
       1
       2
       1
       1
       3
       7
       5
       1
       4
       5
       2
       4
       4
       3
       3
       3
       6
       4
       3
       2
       2
       4
       2
       2
       3
       2
       3
       2
       1
       2
       1
       1
       3
       3
       5
       3
       3
       3
       2
       3
       5
       4
       3
       4
       3
       3
       5
       5
       1
       0
       0
       3
       3
       3
       4
       1
       5
       4
       2
       1
       5
       3
       5
       3
       5
       0
       3
       2
       4
       1
       3
       2
       0
       4
       1
       2
       3
       5
       2
       3
       1
       4
       4
       2
       1
       3
       2
       2
       3
       1
       5
       1
       2
       4
       1
       8
       4
       1
       2
       6
       2
       0
       2
       4
       4
       2
       1
       1
       6
       0
       2
       4
       2
       1
       3
       1
       0
       2
       4
       3
       8
       3
       1
       1
       0
       4
       1
       2
       3
       4
       3
       2
       3
       0
       4
       2
       1
       3
       3
       1
       4
       2
       7
       2
       5
       8
       2
       2
       8
       2
       6
       2
       4
       4
       6
       2
       2
       3
       2
       1
       3
       4
       4
       3
       2
       2
       1
       3
       2
       2
       1
       1
       0
       1
       1
       3
       3
       5
       3
       5
       3
       3
       2
       3
       4
       3
       1
       4
       4
       0
       3
       2
       1
       2
       3
       2
       4
       0
       2
       2
       1
       2
       1
       1
       6
       3
       2
       1
       3
       1
       2
       4
       3
       3
       2
       4
       5
       1
       2
       0
       4
       3
       4
       1
       2
       1
       1
       3
       2
       2
       3
       2
       3
       1
       4
       4
       2
       1
       1
       2
       3
       1
       7
       4
       2
       5
       1
       6
       2
       0
       4
       3
       1
       2
       0
       1
       1
       3
       3
       4
       2
       0
       1
       2
       3
       6
       2
       4
       3
       2
       3
       2
       6
       3
       1
       1
       1
       3
       2
       1
       2
       2
       4
       2
       4
       3
       1
       2
       2
       0
       6
       1
       3
       5
       7
       0
       1
       1
       3
       2
       3
       5
       1
       2
       1
       5
       1
       5
       2
       1
       3
       1
       3
       4
       4
       1
       2
       5
       3
       7
       1
       3
       2
       2
       2
       4
       4
       2
       2
       3
       6
       1
       1
       3
       0
       1
       1
       3
       2
       4
       4
       3
       2
       1
       8
       4
       2
       4
       1
       3
       2
       1
       2
       2
       3
       2
       1
       2
       1
       2
       2
       4
       3
       1
       4
       1
       3
       5
       4
       5
       3
       2
       3
       7
       3
       3
       2
       2
       3
       2
       3
       4
       4
       2
       1
       2
       2
       6
       2
       2
       1
       1
       4
       5
       0
       2
       2
       0
       2
       2
       1
       7
       1
       3
       3
       2
       2
       3
       6
       4
       2
       4
       7
       6
       4
       4
       4
       3
       3
       4
       4
       1
       3
       1
       3
       1
       3
       0
       2
       3
       1
       2
       2
       2
       0
       3
       3
       3
       1
       0
       2
       2
       3
       1
       4
       5
       2
       4
       3
       5
       4
       2
       5
       1
       3
       4
       4
       4
       6
       4
       2
       2
       0
       2
       1
       2
       8
       0
       1
       1
       7
       5
       1
       4
       4
       4
       0
       4
       0
       5
       4
       3
       3
       2
       2
       2
       1
       1
       2
       4
       2
       3
       3
       1
       7
       4
       2
       4
       5
       0
       7
       2
       4
       3
       4
       7
       4
       2
       2
       4
       3
       1
       1
       3
       1
       4
       4
       4
       2
       3
       2
       2
       4
       2
       4
       4
       0
       5
       1
       2
       3
       1
       5
       6
       2
       4
       1
       2
       1
       2
       1
       3
       3
       2
       6
       4
       1
       5
       1
       1
       3
       3
       3
       2
       2
       1
       2
       3
       4
       4
       3
       3
       2
       2
       2
       2
       3
       2
       5
       2
       2
       4
       4
       3
       3
       3
       1
       7
       4
       6
       4
       1
       1
       3
       4
       2
       4
       2
       2
       2
       2
       4
       5
       4
       2
       1
       4
       2
       1
       1
       4
       3
       1
       3
       2
       2
       7
       2
       1
       0
       2
       2
       2
       2
       3
       2
       2
       1
       2
       6
       7
       1
       3
       1
       1
       3
       0
       4
       2
       1
       0
       3
       1
       4
       2
       4
       8
       1
       7
       2
       5
       2
       2
       9
       2
       1
       1
       2
       2
       0
       3
       3
       3
       1
       3
       2
       3
       2
       2
       2
       2
       2
       4
       2
       6
       2
       1
       0
       2
       5
       1
       3
       0
       2
       1
       4
       2
       3
       0
       4
       4
       2
       2
       5
       2
       1
       1
       3
       1
       4
       7
       0
       2
       2
       4
       3
       2
       5
       1
       0
       3
       0
       2
       0
       1
       2
       3
       2
       0
       5
       2
       3
       1
       1
       2
       1
       5
       1
       2
       1
       2
       1
       1
       2
       5
       1
       3
       2
       2
       6
       2
       4
       2
       1
       3
       0
       0
       0
       1
       3
       0
       1
       1
       5
       1
       2
       2
       2
       2
       1
       1
       5
       1
       2
       3
       1
       1
       3
       2
       3
       2
       3
       4
       3
       0
       1
       1
       3
       5
       0
       4
       3
       3
       7
       1
       2
       1
       1
       4
       3
       4
       2
       1
       0
       2
       5
       0
       4
       2
       1
       0
       0
       2
       6
       3
       7
       3
       6
       4
       3
       3
       3
       2
       3
       1
       3
       2
       2
       3
       3
       0
       1
       3
       3
       0
       3
       2
       1
       5
       1
       3
       2
       2
       0
       3
       5
       3
       2
       1
       3
       1
       0
       2
       1
       3
       1
       1
       1
       3
       0
       3
       1
       1
       0
       6
       6
       2
       4
       0
       3
       4
       3
       1
       1
       0
       2
       0
       2
       1
       0
       0
       2
       1
       2
       1
       1
       0
       2
       2
       4
       0
       1
       3
       1
       1
       2
       0
       0
       1
       2
       1
       4
       0
       3
       3
       4
       4
       2
       2
       3
       2
       0
       2
       1
       3
       2
       4
       2
       3
       2
       0
       1
       2
       3
       0
       3
       2
       4
       4
       1
       2
       0
       2
       1
       1
       2
       1
       3
       3
       3
       1
       2
       2
       3
       2
       1
       2
       2
       1
       1
       0
       2
       3
       1
       1
       2
       3
       4
       3
       0
       3
       3
       2
       7
       3
       1
       2
       6
       2
       0
       2
       6
       0
       3
       1
       3
       1
       2
       3
       3
       6
       3
       1
       1
       3
       3
       2
       3
       2
       4
       0
       2
       3
       2
       2
       2
       2
       1
       1
       0
       2
       3
       2
       1
       0
       1
       1
       1
       5
       3
       2
       1
       2
       2
       0
       0
       1
       0
       0
       2
       1
       2
       1
       2
       1
       5
       0
       2
       1
       2
       1
       3
       2
       0
       1
       4
       0
       0
       1
       0
       1
       0
       1
       1
       0
       2
       0
       6
       1
       0
       2
       3
       0
       2
       0
       2
       4
       2
       1
       0
       1
       3
       2
       1
       2
       1
       1
       0
       5
       4
       1
       1
       0
       2
       1
       4
       3
       2
       0
       3
       3
       0
       1
       0
       1
       1
       2
       1
       0
       0
       0
       1
       1
       4
       0
       3
       3
       2
       2
       0
       1
       2
       1
       1
       1
       1
       2
       3
       1
       3
       2
       2
       4
       3
       0
       3
       0
       0
       2
       1
       1
       1
       3
       2
       3
       1
       5
       1
       1
       4
       1
       3
       2
       1
       0
       1
       3
       4
       1
       1
       2
       1
       2
       2
       3
       4
       1
       3
       5
       2
       4
       4
       0
       3
       3
       1
       4
       1
       0
       2
       1
       0
       3
       3
       1
       2
       0
       1
       1
       0
       5
       2
       2
       3
       2
       1
       0
       3
       0
       0
       0
       3
       4
       0
       0
       2
       2
       2
       1
       1
       4
       1
       1
       0
       2
       1
       1
       0
       2
       1
       4
       5
       1
       4
       4
       2
       0
       3
       2
       0
       2
       1
       4
       2
       2
       2
       2
       0
       1
       4
       0
       0
       1
       3
       2
       1
       2
       1
       0
       2
       2
       1
       0
       1
       2
       1
       1
       1
       1
       5
       2
       2
       2
       1
       0
       1
       1
       1
       1
       3
       1
       3
       2
       3
       2
       2
       2
       3
       0
       1
       0
       2
       0
       0
       1
       1
       1
       1
       1
       0
       2
       4
       2
       1
       2
       3
       2
       0
       2
       3
       2
       1
       1
       1
       0
       4
       2
       4
       0
       3
       0
       0
       0
       1
       1
       3
       2
       3
       3
       2
       2
       2
       1
       1
       1
       1
       3
       2
       2
       1
       1
       2
       2
       2
       1
       2
       1
       1
       1
       0
       2
       0
       2
       1
       2
       1
       1
       0
       1
       3
       4
       1
       0
       1
       1
       3
       1
       0
       1
       0
       1
       0
       2
       2
       0
       2
       4
       2
       0
       1
       2
       2
       2
       1
       2
       2
       1
       0
       1
       1
       2
       2
       3
       1
       3
       2
       0
       3
       3
       1
       0
       0
       3
       1
       1
       1
       0
       2
       0
       1
       3
       1
       0
       0
       1
       1
       1
       0
       3
       1
       2
       0
       3
       0
       0
       0
       0
       1
       3
       1
       2
       2
       1
       2
       2
       1
       1
       3
       1
       3
       2
       4
       0
       2
       2
       2
       2
       2
       0
       0
       2
       3
       2
       2
       0
       2
       1
       1
       0
       4
       1
       1
       2
       0
       0
       2
       0
       2
       2
       0
       2
       1
       0
       1
       1
       2
       0
       1
       1
       4
       0
       0
       3
       1
       4
       1
       5
       0
       0
       2
       4
       2
       0
       0
       1
       1
       0
       1
       1
       1
       2
       2
       3
       0
       0
       0
       1
       0
       2
       0
       0
       2
       1
       1
       2
       3
       1
       1
       1
       4
       1
       1
       1
       2
       0
       1
       0
       1
       3
       1
       2
       2
       0
       0
       1
       4
       4
       2
       0
       1
       1
       7
       1
       1
       0
       1
       0
       3
       1
       2
       2
       1
       0
       2
       2
       1
       1
       0
       1
       2
       2
       3
       1
       4
       1
       2
       1
       2
       0
       1
       0
       3
       0
       1
       1
       0
       0
       1
       3
       1
       1
       2
       1
       1
       0
       2
       1
       1
       0
       0
       0
       2
       0
       1
       2
       1
       2
       2
       2
       0
       0
       0
       2
       0
       2
       0
       1
       2
       2
       0
       1
       0
       1
       1
       1
       0
       2
       0
       1
       2
       3
       1
       1
       0
       2
       0
       1
       2
       1
       2
       0
       1
       0
       1
       2
       0
       0
       0
       1
       1
       1
       0
       1
       0
       0
       0
       0
       3
       3
       3
       2
       2
       4
       1
       0
       3
       0
       6
       0
       1
       3
       1
       4
       3
       2
       1
       1
       0
       2
       1
       0
       0
       2
       0
       1
       1
       2
       1
       1
       0
       0
       2
       1
       2
       2
       2
       2
       0
       0
       1
       2
       0
       2
       2
       1
       3
       0
       0
       0
       2
       0
       0
       3
       1
       1
       0
       2
       3
       0
       1
       1
       0
       0
       2
       1
       2
       1
       1
       0
       0
       3
       2
       1
       0
       2
       0
       2
       1
       2
       1
       2
       0
       2
       0
       0
       1
       0
       2
       0
       2
       2
       1
       0
       1
       0
       2
       2
       0
       2
       1
       0
       5
       1
       0
       2
       0
       2
       2
       0
       0
       2
       2
       2
       1
       0
       1
       3
       0
       2
       2
       0
       2
       2
       0
       1
       1
       0
       3
       2
       1
       4
       2
       0
       1
       0
       3
       2
       1
       2
       3
       6
       5
       7
       5
       8
       5
       8
      10
       8
      14
      18
      24
      14
      27
      38
      46
      48
      56
      69
      85
      96
     117
     105
     126
     102
     133
     109
     104
      90
      75
      74
      57
      53
      34
      22
      16
       7
      12
       5
       5
       3
       2
       0
       1
       0
       2
       0
       3
       0
       2
       0
       2
       0
       1
       0
       1
       1
       0
       2
       1
       2
       1
       0
       0
       0
       3
       0
       0
       0
       1
       1
       2
       0
       1
       1
       2
       1
       1
       0
       1
       1
       1
       1
       1
       1
       2
       0
       1
       0
       2
       0
       2
       4
       1
       0
       2
       2
       2
       5
       1
       1
       3
       1
      10
       6
       4
       5
       3
       2
       2
       3
       4
       2
       1
       3
       2
       3
       2
       0
       2
       1
       2
       2
       0
       2
       1
       0
       2
       2
       1
       1
       1
       1
       1
       1
       0
       0
       1
       0
       2
       0
       0
       0
       2
       0
       2
       0
       0
       0
       1
       4
       1
       0
       0
       0
       0
       1
       1
       0
       1
       0
       0
       1
       1
       1
       2
       1
       1
       1
       0
       1
       3
       1
       1
       0
       0
       2
       1
       1
       0
       0
       2
       0
       1
       0
       0
       1
       1
       2
       2
       1
       2
       1
       1
       2
       2
       0
       1
       0
       0
       3
       2
       0
       1
       1
       1
       1
       0
       2
       1
       0
       0
       2
       1
       2
       1
       1
       0
       1
       0
       2
       1
       0
       0
       0
       1
       2
       0
       1
       2
       1
       0
       1
       0
       1
       0
       1
       1
       0
       2
       3
       0
       0
       0
       0
       1
       1
       0
       2
       3
       1
       1
       0
       1
       0
       0
       0
       1
       2
       1
       2
       0
       3
       1
       1
       0
       0
       1
       1
       0
       2
       1
       0
       1
       0
       1
       0
       1
       0
       0
       4
       0
       1
       4
       0
       1
       0
       1
       0
       1
       0
       1
       0
       2
       0
       0
       0
       3
       1
       2
       4
       2
       1
       0
       2
       1
       1
       0
       1
       0
       0
       0
       0
       0
       1
       0
       1
       1
       3
       3
       1
       2
       3
       3
       1
       0
       0
       0
       3
       0
       1
       1
       1
       0
       3
       1
       1
       0
       3
       1
       0
       1
       1
       1
       2
       0
       1
       0
       1
       1
       1
       2
       1
       1
       2
       2
       0
       2
       1
       1
       0
       0
       1
       1
       0
       1
       2
       1
       1
       0
       1
       1
       0
       0
       2
       2
       1
       1
       0
       1
       1
       0
       0
       2
       0
       0
       2
       3
       3
       2
       0
       2
       1
       1
       0
       1
       1
       2
       0
       2
       0
       1
       2
       0
       0
       1
       1
       3
       1
       3
       1
       2
       0
       1
       0
       1
       1
       3
       1
       0
       2
       1
       0
       0
       0
       1
       1
       1
       4
       2
       0
       1
       1
       0
       1
       1
       2
       0
       2
       2
       1
       3
       0
       0
       1
       1
       1
       1
       1
       1
       2
       2
       1
       2
       0
       3
       0
       1
       1
       2
       1
       3
       3
       3
       0
       1
       3
       1
       1
       2
       3
       2
       2
       2
       0
       0
       1
       6
       2
       1
       0
       3
       2
       7
       5
       3
       3
       5
       5
       3
       2
       3
       1
       6
       3
       3
       3
       0
       0
       2
       2
       0
       0
       1
       2
       1
       0
       0
       1
       3
       0
       0
       0
       1
       1
       1
       1
       2
       1
       1
       1
       1
       1
       1
       1
       3
       2
       0
       0
       0
       3
       0
       2
       0
       0
       1
       2
       0
       0
       2
       2
       0
       0
       1
       2
       2
       2
       2
       1
       1
       2
       0
       1
       0
       2
       1
       1
       0
       3
       1
       0
       1
       1
       1
       1
       1
       0
       1
       1
       1
       0
       1
       2
       0
       0
       2
       1
       2
       1
       1
       1
       0
       1
       1
       0
       4
       2
       0
       0
       6
       1
       0
       1
       0
       2
       2
       0
       2
       5
       2
       1
       2
       1
       1
       2
       1
       2
       1
       2
       0
       1
       1
       0
       1
       0
       1
       1
       1
       0
       0
       0
       3
       1
       1
       0
       1
       2
       2
       2
       1
       0
       1
       2
       1
       1
       1
       1
       0
       0
       0
       2
       1
       0
       2
       3
       1
       0
       2
       1
       1
       2
       0
       0
       1
       0
       1
       0
       0
       1
       2
       0
       0
       0
       1
       0
       0
       1
       0
       3
       0
       0
       1
       0
       0
       1
       1
       1
       1
       3
       0
       0
       1
       1
       1
       3
       0
       0
       0
       1
       2
       1
       2
       0
       1
       1
       0
       3
       0
       1
       0
       1
       2
       2
       0
       0
       2
       3
       3
       0
       1
       1
       4
       1
       3
       3
       1
       3
       1
       4
       1
       0
       1
       3
       0
       2
       0
       4
       1
       0
       1
       3
       1
       2
       2
       3
       2
       8
       0
       3
       7
       9
      10
       7
       9
       9
       9
      11
       9
      12
       9
       6
       4
       7
       6
       1
       3
       6
       0
       0
       2
       4
       1
       1
       0
       2
       4
       2
       2
       0
       2
       2
       0
       1
       1
       1
       1
       1
       1
       1
       2
       0
       0
       1
       2
       1
       0
       1
       1
       1
       3
       2
       2
       3
       3
       2
       0
       3
       2
       0
       2
       1
       0
       1
       1
       1
       0
       1
       0
       2
       1
       1
       2
       1
       3
       2
       0
       4
       1
       1
       2
       1
       0
       1
       2
       4
       0
       3
       2
       1
       3
       2
       1
       2
       7
       1
       2
       3
       1
       1
       2
       3
       2
       4
       3
       2
       3
       5
       4
       2
       1
       0
       2
       1
       0
       0
       0
       2
       1
       1
       3
       2
       1
       0
       1
       1
       2
       1
       0
       2
       4
       1
       0
       2
       0
       0
       1
       0
       0
       0
       0
       3
       4
       0
       1
       1
       1
       0
       0
       0
       1
       2
       2
       2
       1
       0
       0
       1
       0
       2
       1
       0
       0
       1
       1
       3
       1
       0
       2
       0
       0
       1
       2
       1
       0
       1
       0
       3
       1
       0
       1
       2
       1
       1
       1
       1
       0
       2
       1
       2
       1
       2
       1
       0
       2
       2
       1
       1
       2
       2
       0
       4
       0
       0
       1
       0
       1
       1
       1
       0
       1
       1
       2
       0
       1
       1
       2
       3
       0
       2
       0
       0
       1
       4
       0
       1
       0
       1
       0
       1
       0
       2
       2
       0
       1
       1
       0
       1
       0
       1
       1
       0
       0
       3
       2
       1
       1
       1
       0
       0
       2
       2
       1
       2
       1
       1
       0
       0
       2
       3
       2
       0
       0
       4
       0
       1
       0
       1
       1
       1
       1
       2
       2
       0
       3
       1
       1
       2
       0
       0
       2
       1
       0
       0
       2
       1
       1
       3
       1
       1
       1
       4
       0
       3
       1
       0
       0
       1
       0
       0
       0
       0
       2
       1
       0
       2
       4
       0
       0
       0
       2
       0
       0
       0
       1
       3
       0
       0
       4
       2
       3
       1
       2
       3
       1
       3
       0
       1
       0
       0
       1
       1
       0
       0
       1
       1
       1
       2
       0
       2
       0
       1
       1
       1
       0
       1
       0
       0
       1
       2
       3
       1
       1
       1
       0
       2
       2
       1
       0
       0
       2
       2
       2
       2
       0
       0
       2
       1
       2
       0
       1
       1
       3
       0
       3
       2
       2
       1
       0
       0
       0
       2
       1
       0
       1
       1
       1
       1
       2
       1
       0
       1
       0
       2
       1
       0
       0
       0
       0
       1
       0
       2
       2
       1
       1
       1
       1
       0
       2
       0
       1
       2
       1
       1
       0
       2
       0
       0
       0
       0
       0
       0
       0
       0
       2
       1
       0
       2
       0
       1
       0
       0
       1
       0
       0
       1
       0
       1
       2
       3
       1
       1
       0
       1
       2
       0
       1
       1
       1
       1
       3
       0
       0
       1
       0
       0
       1
       0
       1
       1
       0
       3
       1
       1
       2
       0
       2
       1
       1
       3
       1
       2
       2
       1
       2
       1
       1
       0
       0
       0
       2
       1
       0
       1
       1
       2
       4
       2
       2
       2
       2
       1
       1
       1
       0
       1
       0
       1
       0
       2
       1
       0
       2
       2
       1
       0
       2
       2
       2
       1
       1
       0
       1
       0
       1
       2
       1
       2
       0
       5
       0
       1
       0
       1
       0
       1
       0
       3
       1
       2
       4
       0
       0
       2
       3
       2
       2
       0
       1
       0
       2
       0
       1
       0
       1
       0
       1
       1
       0
       0
       0
       1
       2
       3
       1
       2
       3
       2
       0
       1
       0
       0
       3
       1
       0
       5
       2
       1
       1
       4
       0
       0
       2
       1
       3
       2
       1
       0
       1
       0
       2
       2
       3
       0
       1
       0
       0
       0
       1
       0
       2
       0
       0
       1
       0
       3
       3
       1
       0
       3
       0
       3
       0
       3
       1
       2
       2
       2
       3
       1
       5
       1
       6
       0
       2
       0
       0
       2
       2
       1
       1
       0
       1
       0
       3
       3
       0
       1
       0
       1
       2
       1
       1
       1
       0
       0
       0
       2
       1
       2
       1
       0
       1
       2
       0
       1
       0
       0
       0
       2
       0
       1
       1
       1
       0
       3
       3
       1
       1
       1
       0
       3
       1
       4
       0
       0
       1
       4
       1
       2
       0
       0
       1
       2
       2
       0
       0
       0
       2
       1
       1
       1
       0
       0
       0
       1
       3
       3
       2
       0
       0
       2
       0
       1
       4
       3
       1
       1
       2
       1
       3
       1
       1
       1
       0
       1
       0
       2
       0
       0
       0
       2
       0
       2
       1
       0
       2
       4
       0
       3
       1
       2
       1
       0
       2
       1
       3
       0
       0
       1
       1
       1
       1
       1
       4
       0
       3
       0
       1
       0
       1
       0
       1
       2
       1
       4
       2
       1
       1
       1
       1
       2
       0
       1
       0
       2
       2
       3
       1
       1
       1
       1
       2
       0
       3
       3
       0
       2
       0
       0
       2
       2
       2
       4
       0
       0
       3
       1
       1
       2
       1
       1
       0
       2
       0
       0
       2
       1
       0
       3
       2
       0
       0
       1
       1
       2
       1
       2
       2
       1
       1
       2
       0
       3
       1
       1
       2
       3
       1
       0
       0
       0
       2
       2
       2
       1
       0
       0
       2
       2
       0
       1
       0
       2
       1
       1
       0
       0
       0
       3
       2
       2
       1
       4
       3
       0
       0
       1
       1
       2
       1
       5
       4
       2
       2
       3
       4
       1
       1
       1
       1
       1
       1
       2
       2
       0
       1
       2
       0
       3
       0
       4
       1
       2
       2
       1
       4
       1
       1
       2
       0
       1
       1
       0
       1
       0
       2
       2
       2
       0
       0
       1
       1
       1
       2
       0
       0
       1
       1
       1
       2
       3
       0
       1
       0
       3
       1
       1
       4
       1
       0
       5
       3
       1
       2
       2
       2
       3
       2
       3
       2
       2
       1
       0
       1
       1
       2
       3
       1
       0
       1
       2
       2
       0
       2
       3
       1
       2
       3
       1
       3
       1
       1
       4
       2
       1
       1
       2
       3
       1
       2
       0
       1
       1
       1
       1
       0
       2
       2
       0
       2
       1
       0
       2
       0
       0
       2
       0
       3
       2
       1
       0
       1
       0
       4
       0
       0
       1
       0
       2
       2
       2
       2
       0
       1
       1
       0
       1
       0
       1
       2
       2
       4
       4
       2
       1
       2
       0
       3
       0
       1
       5
       1
       5
       0
       2
       5
       2
       1
       3
       2
       3
       4
       0
       1
       3
       0
       2
       2
       2
       1
       3
       1
       0
       0
       2
       2
       2
       0
       0
       1
       1
       2
       0
       1
       1
       0
       1
       2
       0
       4
       0
       2
       2
       0
       2
       2
       3
       0
       1
       0
       3
       3
       3
       0
       0
       0
       1
       0
       1
       1
       1
       1
       1
       0
       1
       1
       0
       1
       2
       1
       1
       1
       1
       3
       0
       1
       4
       0
       2
       0
       0
       3
       1
       3
       2
       0
       2
       1
       1
       0
       3
       0
       1
       2
       1
       2
       4
       2
       0
       0
       0
       2
       0
       2
       0
       0
       2
       2
       2
       0
       0
       0
       0
       2
       0
       3
       5
       1
       4
       2
       1
       0
       1
       1
       0
       2
       1
       1
       1
       2
       0
       0
       1
       0
       1
       2
       1
       2
       1
       1
       3
       1
       3
       1
       3
       2
       1
       2
       1
       0
       1
       3
       2
       0
       1
       2
       3
       1
       0
       1
       4
       6
       1
       0
       0
       2
       0
       2
       2
       0
       1
       1
       3
       1
       4
       0
       2
       1
       3
       1
       0
       1
       1
       2
       2
       0
       1
       1
       1
       1
       6
       0
       0
       0
       2
       1
       4
       2
       0
       1
       0
       2
       2
       1
       1
       1
       0
       2
       1
       1
       1
       2
       2
       1
       0
       1
       2
       2
       0
       3
       2
       1
       0
       2
       2
       1
       0
       0
       0
       1
       2
       1
       3
       2
       4
       2
       0
       0
       4
       2
       3
       3
       1
       0
       3
       2
       1
       0
       1
       0
       2
       1
       1
       2
       2
       0
       2
       2
       2
       2
       2
       0
       1
       1
       2
       1
       3
       3
       1
       1
       0
       0
       1
       0
       3
       1
       2
       0
       2
       0
       0
       2
       2
       1
       1
       0
       2
       3
       1
       1
       0
       1
       1
       1
       1
       2
       2
       1
       0
       0
       4
       1
       0
       1
       0
       3
       2
       2
       1
       1
       1
       3
       2
       1
       3
       0
       1
       1
       1
       2
       1
       5
       2
       1
       0
       2
       3
       1
       1
       1
       1
       1
       1
       0
       1
       2
       2
       2
       2
       4
       3
       3
       5
       3
       7
       4
       7
      10
       3
       6
       5
       5
       6
       7
       8
       8
       5
       6
       5
       3
       5
       4
       5
       3
       4
       4
       2
       0
       3
       0
       2
       2
       1
       2
       1
       1
       0
       1
       0
       0
       1
       0
       2
       0
       2
       1
       0
       0
       2
       1
       3
       0
       1
       1
       2
       0
       0
       2
       1
       0
       0
       3
       0
       3
       2
       0
       1
       1
       2
       1
       2
       2
       1
       1
       1
       2
       1
       1
       1
       1
       0
       0
       0
       1
       0
       1
       0
       2
       2
       0
       3
       1
       1
       0
       0
       0
       4
       0
       3
       1
       0
       1
       0
       2
       4
       1
       0
       0
       1
       0
       1
       0
       1
       1
       1
       1
       1
       1
       0
       1
       3
       2
       0
       0
       2
       3
       1
       1
       1
       0
       0
       2
       2
       1
       1
       1
       2
       0
       2
       2
       1
       1
       2
       0
       1
       0
       2
       1
       2
       0
       3
       3
       0
       0
       0
       2
       0
       3
       2
       0
       1
       0
       0
       2
       0
       2
       0
       0
       2
       2
       2
       1
       0
       0
       1
       0
       1
       1
       1
       2
       1
       2
       1
       0
       1
       2
       0
       4
       1
       1
       1
       0
       1
       1
       0
       1
       2
       1
       1
       0
       1
       0
       1
       0
       2
       0
       1
       0
       2
       2
       0
       2
       0
       2
       2
       0
       1
       0
       3
       0
       1
       2
       1
       5
       0
       0
       0
       0
       1
       0
       4
       1
       0
       0
       1
       1
       0
       1
       2
       1
       0
       1
       1
       0
       1
       3
       2
       4
       0
       0
       0
       1
       0
       0
       2
       1
       1
       2
       0
       0
       1
       0
       0
       1
       1
       1
       2
       1
       0
       0
       0
       1
       0
       0
       0
       0
       1
       2
       1
       1
       2
       1
       1
       1
       0
       2
       0
       1
       0
       1
       1
       1
       3
       1
       1
       2
       0
       0
       0
       1
       0
       2
       1
       1
       0
       0
       0
       1
       0
       2
       0
       0
       0
       0
       1
       1
       2
       0
       0
       1
       0
       2
       1
       2
       0
       0
       0
       2
       0
       1
       0
       0
       1
       0
       0
       1
       0
       2
       1
       3
       1
       1
       1
       1
       0
       0
       2
       0
       3
       1
       2
       0
       0
       1
       1
       2
       4
       1
       3
       1
       0
       0
       1
       0
       0
       4
       2
       1
       1
       1
       1
       0
       0
       2
       0
       1
       0
       2
       1
       2
       0
       3
       3
       2
       0
       2
       0
       1
       0
       1
       1
       0
       1
       0
       2
       1
       0
       1
       1
       2
       1
       1
       0
       1
       0
       0
       0
       1
       0
       1
       2
       0
       3
       0
       0
       1
       0
       0
       0
       0
       0
       4
       1
       0
       1
       0
       0
       3
       0
       0
       0
       1
       0
       0
       0
       1
       1
       1
       1
       0
       2
       0
       0
       0
       1
       1
       0
       0
       1
       0
       1
       1
       0
       1
       0
       0
       1
       2
       0
       1
       0
       1
       3
       0
       0
       1
       2
       0
       2
       0
       1
       1
       0
       0
       2
       1
       2
       2
       0
       0
       0
       1
       0
       1
       1
       0
       0
       0
       1
       0
       0
       0
       0
       0
       1
       0
       0
       0
       0
       0
       0
       0
       0
       0
       0
       0
       1
       2
       1
       0
       3
       1
       1
       0
       0
       0
       1
       0
       1
       0
       0
       1
       1
       1
       1
       1
       0
       1
       1
       0
       0
       0
       0
       2
       1
       1
       0
       1
       1
       1
       0
       2
       0
       2
       1
       0
       0
       0
       1
       0
       0
       0
       1
       0
       0
       0
       0
       0
       3
       2
       0
       0
       0
       2
       0
       0
       3
       0
       1
       0
       0
       1
       0
       2
       0
       0
       0
       1
       0
       1
       0
       1
       2
       0
       1
       1
       0
       0
       1
       1
       1
       2
       1
       2
       1
       0
       0
       0
       0
       2
       3
       1
       1
       0
       2
       1
       0
       1
       1
       1
       0
       1
       0
       0
       1
       0
       1
       0
       1
       1
       0
       1
       0
       0
       1
       1
       0
       1
       0
       2
       0
       0
       1
       0
       0
       0
       0
       2
       0
       1
       0
       0
       0
       0
       1
       0
       1
       0
       0
       0
       0
       1
       0
       1
       3
       0
       1
       0
       0
       0
       1
       0
       1
       1
       1
       0
       0
       1
       0
       0
       1
       2
       0
       0
       0
       2
       0
       1
       0
       0
       0
       0
       0
       1
       1
       0
       1
       0
       0
       0
       0
       1
       0
       0
       0
       0
       0
       0
       1
       0
       0
       0
       0
       1
       0
       0
       1
       0
       1
       0
       0
       0
       0
       1
       1
       0
       0
       1
       0
       0
       0
       0
       0
       1
       0
       1
       0
       0
       2
       1
       0
       2
       0
       1
       0
       0
       0
       1
       1
       0
       1
       1
       0
       0
       0
       0
       1
       1
       0
       0
       1
       1
       0
       0
       2
       0
       0
       0
       0
       1
       1
       0
       0
       0
       0
       1
       0
       0
       1
       2
       0
       1
       0
       1
       0
       0
       0
       0
       1
       1
       0
       0
       1
       0
       1
       0
       1
       1
       0
       2
       0
       1
       1
       0
       0
       1
       0
       0
       0
       0
       1
       2
       2
       0
       2
       0
       1
       0
       2
       0
       0
       0
       0
       0
       0
       2
       0
       0
       0
       0
       0
       0
       2
       0
       0
       0
       1
       1
       0
       2
       0
       0
       0
       0
       0
       0
       1
       0
       0
       0
       0
       1
       0
       0
       1
       0
       0
       0
       0
       0
       1
       0
       1
       1
       0
       2
       0
       0
       0
       1
       0
       0
       0
       0
       0
       0
       0
       0
       0
       0
       0
       0
       0
       0
       0
       1
       1
       0
       0
       0
       0
       1
       0
       0
       0
       2
       0
       0
       0
       1
       2
       0
       1
       0
       0
       0
       0
       0
       0
       0
       0
       0
       0
       0
       1
       0
       0
       1
       1
       1
       1
       1
       0
       0
       3
       0
       2
       1
       0
       1
       0
       0
       1
       1
       2
       0
       0
       0
       0
       0
       0
       1
       0
       0
       0
       2
       0
       0
       0
       0
       1
       0
       0
       0
       0
       0
       0
       0
       0
       1
       0
       0
       3
       1
       1
       2
       2
       2
       2
       2
       4
       0
       3
       2
       8
      12
       7
       7
       6
      10
       9
      11
      20
       5
      14
      17
      16
      14
       9
      10
      17
       8
       5
       5
       5
       4
       2
       4
       2
       2
       2
       1
       1
       0
       0
       1
       1
       0
       0
       0
       1
       0
       0
       0
       0
       0
       0
       0
       1
       0
       0
       1
       0
       1
       0
       1
       1
       0
       0
       1
       1
       1
       0
       0
       0
       0
       0
       0
       0
       0
       0
       1
       0
       0
       0
       0
       0
       1
       0
       1
       0
       1
       0
       1
       0
       0
       0
       0
       0
       1
       1
       0
       1
       0
       0
       1
       0
       0
       0
       0
       0
       0
       0
       0
       0
       0
       1
       0
       0
       0
       0
       0
       0
       0
       0
       0
       0
       0
       0
       0
       0
       0
       0
       0
       0
       0
       0
       0
       0
       0
       0
       0
       0
       0
       0
       0
       0
       0
       0
       0
       0
       0
       0
       0
       0
       0
       0
       0
       0
       0
       0
       0
       0
       0
       0
       0
       0
       0
       0
       0
       0
       0
       0
       0
       0
       0
       0
       0
       0
       0
       0
       0
       0
       0
       0
       0
       0
       0
       0
       0
       0
       0
       0
       0
       0
       0
       0
       0
       0
       0
       0
       0
       0
       0
       0
       0
       0
       0
       0
       0
       0
       0
       0
       0
       0
       0
       0
       0
       0
       0
       0
       0
       0
       0
       0
       0
       0
       0
       0
       0
       0
       0
       0
       0
       0
       0
       0
       0
       0
       0
       0
       0
       0
       0
       0
       0
       0
       0
       0
       0
       0
       0
       0
       0
       0
       0
       0
       0
       0
       0
       0
       0
       0
       0
       0
       0
       0
       0
       0
       0
       0
       0
       0
       0
       0
       0
       0
       0
       0
       0
       0
       0
       0
       0
       0
       0
       0
       0
       0
       0
       0
       0
       0
       0
       0
       0
       0
       0
       0
       0
       0
       0
       0
       0
       0
       0
       0
       0
       0
       0
       0
       0
       0
       0
       0
       0
       0
       0
       0
       0
       0
       0
       0
       0
       0
       0
       0
       0
       0
       0
       0
       0
       0
       0
       0
       0
       0
       0
       0
       0
       0
       0
       0
       0
       0
       0
       0
       0
       0
       0
       0
       0
       0
       0
       0
       0
       0
       0
       0
       0
       0
       0
       0
       0
       0
       0
       0
       0
       0
       0
       0
       0
       0
       0
       0
       0
       0
       0
       0
$ROI:
11
583 647
961 1022
1579 1617
1945 1972
2543 2573
3149 3192
3710 3760
4621 4695
5562 5597
6799 6831
13202 13243
$PRESETS:
None
0
0
$ENER_FIT:
0.397847 0.199192
$MCA_CAL:
3
3.978472E-001 1.991916E-001 0.000000E+000 keV
$SHAPE_CAL:
3
5.030225E+000 9.745300E-004 0.000000E+000
