$SPEC_ID:
No sample description was entered.
$SPEC_REM:
DET# 1
DETDESC# DESKTOP-9VUPE7E Model 927 SN 7115241 Input 1
AP# Maestro Version 7.01
$DATE_MEA:
12/04/2025 12:44:02
$MEAS_TIM:
903 952
$DATA:
0 16383
       0
       0
       0
       0
       0
       0
       0
       0
       0
       0
       0
       0
       0
       0
       0
       0
       0
       0
       0
       0
       0
       0
       0
       0
       0
       0
       0
       0
       0
       0
       0
       0
       0
       0
       0
       0
       0
       0
       0
       0
       0
       0
       0
       0
       0
       0
       0
       0
       0
       0
       0
       0
       0
       0
       0
       0
       0
       0
       0
       0
       0
       0
       0
       0
       0
       0
       0
       0
       0
       0
       0
       0
       0
       0
       0
       0
       0
       0
       0
       0
       0
       0
       0
       0
       0
       0
       0
       0
       0
       0
       0
       0
       0
       0
       0
       0
       0
       0
       0
       0
       0
       0
       0
       0
       0
       0
       0
       0
       0
       0
       0
       0
       0
       0
       0
       0
       0
       0
       0
       0
       0
       0
       0
       0
       0
       0
       0
       0
       0
       0
       0
       0
       0
       0
       0
       0
       0
       0
       0
       0
       0
       0
       0
       0
       0
       0
       0
       0
       0
       0
       0
       0
       0
       0
       0
       0
       0
       0
       0
       0
       0
       0
       0
       0
       0
       0
       0
       0
       0
       0
       0
       0
       0
       0
       0
       0
       0
       0
       0
       0
       0
       0
       0
       0
       0
       0
       0
       0
       0
       0
       0
       0
       0
       0
       0
       0
       0
       0
       0
       0
       0
       0
       0
       0
       0
       0
       0
       0
       0
       0
       0
       0
       0
       0
       0
       0
       0
       0
       0
       0
       0
       0
       0
       0
       0
       0
       0
       0
       0
       0
       0
       0
       0
       0
       0
       0
       0
       0
       0
       0
       0
       0
       0
       0
       0
       0
       0
       0
       0
       0
       0
       0
       0
       0
       0
       0
       0
       0
       0
       0
       0
       0
       0
       0
       0
       0
       0
       0
       0
       0
       0
       0
       0
       0
       0
       0
       0
       0
       0
       0
       0
       0
       0
       0
       0
       0
       0
       0
       0
       0
       0
       0
       0
       0
       0
       0
       0
       0
       0
       0
       0
       0
       0
       0
       0
       0
       0
       0
       0
       0
       0
       0
       0
       0
       0
       0
       0
       0
       0
       0
       0
       0
       0
       0
       0
       0
       0
       0
       0
       0
       0
       0
       0
       0
       0
       0
       0
       0
       0
       0
       0
       0
       0
       0
       0
       0
       0
       0
       0
       0
       0
       0
       0
       0
       0
       0
       0
       0
       0
       0
       0
       0
       0
       0
       0
       0
       0
       0
       0
       0
       0
       0
       0
       0
       0
       0
       0
       0
       0
       0
       0
       0
       0
       0
       0
       0
       0
       0
       0
       0
       0
       0
       0
       0
       0
       0
       0
       0
       2
      27
     121
     197
     241
     248
     237
     256
     247
     255
     246
     264
     255
     251
     262
     226
     258
     248
     258
     272
     248
     250
     254
     228
     240
     251
     251
     271
     274
     243
     263
     262
     244
     258
     263
     269
     269
     287
     259
     286
     260
     273
     275
     316
     269
     249
     282
     253
     270
     262
     266
     243
     306
     249
     262
     278
     278
     303
     264
     255
     273
     267
     249
     267
     296
     275
     240
     270
     256
     256
     229
     276
     246
     267
     255
     230
     258
     275
     263
     242
     248
     244
     276
     248
     265
     235
     268
     249
     265
     270
     261
     231
     288
     250
     265
     251
     271
     262
     255
     242
     262
     290
     268
     264
     206
     280
     261
     285
     240
     249
     234
     263
     264
     269
     288
     237
     260
     284
     254
     247
     268
     244
     266
     230
     256
     244
     265
     282
     305
     250
     293
     254
     290
     261
     280
     277
     283
     273
     274
     274
     266
     272
     270
     269
     269
     279
     299
     304
     280
     258
     321
     292
     300
     316
     292
     289
     315
     323
     298
     305
     268
     275
     328
     290
     302
     285
     294
     298
     309
     300
     277
     312
     301
     298
     290
     334
     320
     308
     298
     298
     302
     322
     293
     311
     302
     298
     303
     305
     348
     344
     322
     317
     303
     327
     331
     318
     326
     314
     351
     358
     342
     412
     413
     537
     775
    1056
    1431
    1744
    1911
    1824
    1780
    1392
    1121
     836
     624
     503
     377
     352
     296
     296
     289
     321
     300
     307
     303
     288
     261
     276
     286
     299
     310
     295
     309
     301
     312
     315
     292
     304
     326
     309
     342
     314
     311
     310
     315
     294
     318
     327
     316
     314
     304
     303
     312
     350
     322
     321
     352
     328
     306
     322
     311
     311
     320
     334
     353
     330
     333
     316
     327
     367
     330
     308
     318
     315
     338
     364
     353
     337
     305
     329
     344
     346
     308
     375
     363
     356
     330
     334
     342
     370
     351
     346
     320
     320
     304
     311
     333
     344
     364
     345
     336
     337
     339
     323
     326
     368
     340
     358
     318
     335
     338
     315
     336
     355
     342
     356
     340
     340
     349
     322
     334
     347
     332
     334
     349
     337
     333
     318
     326
     337
     360
     354
     360
     330
     366
     340
     351
     325
     313
     354
     332
     364
     319
     335
     388
     350
     329
     327
     343
     372
     351
     332
     336
     371
     350
     329
     339
     327
     341
     308
     325
     370
     352
     345
     346
     372
     353
     335
     332
     347
     340
     331
     357
     367
     273
     325
     354
     353
     340
     358
     329
     341
     310
     332
     352
     290
     312
     353
     345
     324
     332
     323
     328
     342
     335
     331
     323
     349
     317
     310
     323
     329
     349
     368
     321
     342
     351
     343
     326
     358
     334
     346
     349
     346
     360
     329
     307
     343
     327
     326
     355
     319
     329
     336
     329
     316
     319
     323
     308
     345
     369
     338
     334
     365
     311
     335
     344
     320
     343
     330
     294
     346
     311
     364
     343
     336
     344
     347
     351
     347
     340
     321
     323
     309
     358
     323
     297
     322
     300
     303
     352
     356
     311
     306
     340
     342
     333
     307
     363
     335
     321
     321
     326
     363
     319
     333
     330
     344
     335
     323
     337
     366
     354
     340
     350
     322
     353
     361
     307
     359
     313
     329
     324
     336
     329
     312
     341
     333
     313
     354
     308
     390
     301
     305
     299
     330
     315
     316
     340
     322
     330
     350
     320
     311
     331
     347
     321
     313
     352
     322
     337
     351
     340
     334
     357
     326
     313
     314
     326
     292
     317
     322
     357
     329
     321
     344
     345
     325
     376
     325
     330
     329
     303
     329
     344
     343
     345
     319
     367
     318
     355
     309
     324
     346
     312
     348
     339
     327
     333
     366
     330
     334
     339
     331
     295
     347
     324
     345
     342
     354
     332
     353
     372
     356
     334
     312
     363
     325
     320
     314
     335
     369
     415
     564
     661
    1010
    1365
    1948
    2506
    2639
    2720
    2542
    2073
    1602
    1181
     733
     535
     401
     295
     286
     266
     312
     297
     252
     285
     296
     290
     272
     304
     300
     353
     291
     297
     314
     336
     308
     277
     305
     279
     294
     282
     315
     321
     290
     317
     286
     281
     273
     297
     289
     294
     307
     296
     305
     298
     316
     308
     291
     296
     291
     287
     296
     273
     277
     293
     296
     323
     285
     326
     301
     276
     299
     311
     303
     310
     268
     291
     285
     272
     278
     288
     295
     315
     270
     288
     274
     315
     315
     293
     285
     286
     290
     279
     307
     293
     282
     307
     278
     324
     291
     302
     293
     305
     306
     282
     313
     324
     295
     277
     292
     293
     282
     288
     287
     303
     282
     273
     278
     242
     275
     269
     291
     288
     276
     280
     252
     275
     271
     283
     297
     277
     285
     267
     289
     299
     271
     254
     294
     300
     274
     292
     291
     274
     305
     253
     272
     288
     277
     281
     269
     254
     286
     316
     286
     300
     286
     285
     290
     273
     290
     264
     266
     307
     293
     272
     291
     289
     256
     277
     305
     290
     266
     313
     257
     277
     281
     260
     284
     288
     293
     289
     270
     280
     297
     309
     264
     277
     300
     296
     268
     243
     246
     245
     258
     264
     288
     287
     283
     299
     281
     282
     285
     284
     267
     287
     309
     303
     286
     286
     254
     265
     270
     300
     292
     294
     311
     283
     289
     288
     270
     281
     251
     282
     283
     277
     262
     308
     255
     290
     325
     284
     277
     270
     289
     322
     268
     269
     270
     273
     282
     254
     261
     274
     277
     243
     259
     304
     312
     281
     280
     301
     288
     275
     283
     299
     260
     267
     255
     265
     267
     298
     263
     279
     298
     234
     245
     266
     236
     272
     263
     270
     250
     297
     278
     270
     283
     283
     273
     264
     278
     280
     271
     289
     255
     234
     283
     299
     293
     269
     297
     233
     273
     252
     272
     263
     278
     309
     258
     275
     266
     251
     289
     247
     249
     251
     272
     280
     246
     259
     269
     262
     262
     282
     259
     253
     267
     241
     258
     263
     254
     278
     246
     270
     248
     253
     249
     255
     260
     249
     271
     263
     260
     249
     303
     278
     269
     272
     265
     229
     252
     293
     255
     272
     237
     255
     264
     262
     272
     284
     238
     277
     283
     265
     288
     271
     262
     243
     282
     274
     246
     262
     279
     260
     274
     265
     262
     219
     262
     266
     247
     248
     246
     235
     248
     280
     254
     282
     240
     244
     236
     273
     260
     252
     262
     266
     280
     262
     292
     271
     260
     251
     228
     263
     280
     250
     225
     239
     225
     272
     253
     249
     249
     271
     272
     238
     246
     247
     233
     277
     270
     259
     278
     262
     247
     252
     235
     281
     249
     254
     258
     244
     227
     268
     260
     293
     272
     256
     262
     230
     233
     263
     274
     263
     258
     291
     241
     238
     241
     219
     255
     254
     219
     224
     245
     250
     241
     230
     249
     255
     234
     243
     230
     218
     239
     217
     235
     254
     255
     230
     257
     230
     217
     258
     238
     212
     263
     284
     244
     234
     237
     257
     236
     251
     248
     227
     266
     257
     219
     216
     244
     222
     253
     244
     253
     253
     238
     225
     224
     234
     249
     233
     241
     249
     236
     260
     218
     240
     244
     250
     244
     238
     238
     247
     229
     251
     256
     230
     233
     223
     236
     259
     234
     209
     266
     230
     230
     231
     236
     232
     258
     236
     232
     212
     246
     243
     234
     237
     245
     242
     238
     232
     249
     239
     226
     220
     266
     213
     228
     233
     243
     236
     253
     240
     238
     217
     204
     222
     264
     280
     208
     232
     244
     210
     235
     197
     230
     233
     223
     213
     236
     199
     237
     236
     261
     245
     222
     202
     247
     247
     228
     229
     212
     217
     218
     230
     204
     232
     233
     215
     228
     239
     257
     247
     243
     259
     217
     250
     230
     228
     236
     233
     198
     229
     247
     188
     242
     227
     214
     224
     234
     229
     188
     211
     234
     209
     226
     231
     204
     207
     243
     199
     229
     205
     225
     235
     197
     210
     249
     227
     229
     240
     268
     275
     283
     311
     331
     300
     307
     275
     258
     239
     211
     227
     210
     206
     184
     232
     212
     197
     203
     195
     211
     204
     194
     231
     214
     218
     211
     226
     200
     216
     207
     199
     220
     198
     196
     208
     219
     189
     191
     226
     222
     202
     219
     216
     211
     228
     203
     219
     197
     234
     196
     220
     204
     201
     240
     216
     186
     228
     206
     201
     230
     227
     221
     216
     208
     201
     228
     216
     188
     232
     192
     184
     214
     195
     178
     185
     203
     192
     195
     188
     207
     184
     205
     196
     232
     192
     201
     219
     200
     180
     181
     195
     218
     199
     223
     213
     205
     208
     210
     177
     187
     190
     193
     217
     181
     173
     191
     211
     207
     220
     192
     203
     196
     184
     187
     213
     184
     191
     178
     184
     201
     196
     165
     178
     183
     182
     191
     198
     181
     193
     173
     203
     152
     189
     171
     173
     169
     209
     188
     202
     184
     183
     177
     187
     184
     207
     195
     161
     198
     175
     191
     196
     159
     207
     207
     164
     163
     206
     168
     157
     191
     201
     180
     166
     160
     195
     172
     186
     206
     180
     186
     191
     167
     178
     164
     167
     183
     176
     182
     157
     181
     158
     182
     166
     188
     183
     186
     181
     183
     180
     174
     147
     193
     159
     177
     175
     172
     151
     208
     161
     178
     174
     155
     166
     170
     185
     160
     169
     188
     182
     163
     168
     165
     180
     151
     195
     165
     152
     146
     157
     160
     184
     179
     170
     166
     184
     158
     163
     155
     158
     157
     167
     166
     175
     174
     170
     167
     138
     137
     194
     168
     198
     157
     149
     165
     169
     152
     177
     173
     160
     168
     179
     175
     178
     177
     169
     163
     166
     172
     150
     178
     171
     177
     171
     151
     163
     159
     168
     149
     162
     163
     151
     148
     147
     162
     150
     156
     146
     162
     145
     168
     142
     149
     145
     173
     180
     167
     152
     156
     164
     150
     154
     148
     167
     132
     161
     157
     165
     173
     150
     135
     139
     160
     170
     158
     162
     158
     150
     169
     146
     151
     148
     155
     180
     178
     156
     161
     167
     173
     142
     145
     131
     144
     151
     150
     133
     151
     132
     144
     144
     140
     166
     147
     161
     141
     136
     178
     156
     148
     140
     169
     155
     147
     151
     148
     144
     152
     151
     146
     153
     137
     135
     154
     149
     154
     136
     145
     157
     153
     150
     142
     145
     144
     135
     164
     157
     127
     153
     172
     143
     148
     160
     168
     168
     138
     125
     131
     167
     141
     120
     148
     147
     153
     140
     140
     145
     151
     135
     127
     143
     163
     165
     151
     156
     161
     127
     142
     150
     122
     124
     147
     147
     157
     128
     121
     137
     144
     118
     142
     129
     136
     134
     129
     149
     148
     152
     134
     152
     130
     137
     121
     123
     140
     171
     147
     158
     122
     142
     156
     157
     152
     133
     147
     114
     149
     135
     137
     131
     122
     127
     148
     145
     147
     145
     123
     129
     126
     128
     149
     140
     151
     128
     151
     144
     142
     140
     123
     153
     135
     135
     142
     133
     148
     133
     152
     131
     142
     148
     171
     168
     202
     211
     277
     234
     275
     287
     256
     243
     229
     183
     170
     144
     133
     145
     107
     122
     118
     132
     128
     122
     123
     136
     123
     125
     122
     130
     117
     112
     124
     153
     116
     136
     123
     128
     155
     128
     126
     136
     151
     144
     124
     141
     154
     134
     129
     131
     151
     138
     132
     116
     141
     128
     120
     125
     131
     117
     130
     135
     131
     138
     135
     127
     126
     124
     128
     125
     107
     126
     129
     126
     134
     137
     129
     135
     137
     121
     126
     115
     133
     111
     122
     138
     143
     155
     166
     157
     160
     166
     153
     148
     149
     147
     140
     144
     125
     140
     139
     152
     148
     128
     157
     137
     137
     110
     122
     139
     120
     121
     118
     105
     127
     133
     110
     124
      98
     118
     132
     150
     116
     123
     118
     129
     125
     131
     121
     133
     138
     126
     123
     118
     127
     125
     107
     110
     130
     116
     129
      98
     119
     110
     128
     119
     122
     120
     138
     129
     110
     125
     122
     106
     117
     110
     111
     114
     133
     129
     123
     110
     106
     112
     139
     120
     110
     121
     122
     117
     125
     128
     140
     118
     133
     106
     112
     105
     115
     135
     113
     108
     138
     132
     130
     124
     113
     123
     117
     115
     133
     130
     129
     147
     133
     111
     123
     101
     111
     122
     133
     102
     110
     102
     102
     128
     134
     116
     119
     113
     128
     142
     103
     121
     124
      98
     121
     117
     103
     114
     109
     128
     115
      95
     111
     121
      92
      83
     104
     122
     101
     117
     108
     108
     116
     116
     134
      96
      97
     112
     111
     113
      95
     115
     124
     121
     137
     112
     130
     106
     118
     115
      98
     104
     137
     117
     131
      93
     126
     122
     110
     108
     102
     117
      95
     113
     102
     102
     126
     122
      92
      94
     101
     111
      93
      98
     124
     114
     118
     107
     111
     108
      98
     108
      84
     109
     101
     123
     131
     100
     102
     119
     106
     120
     105
     113
     106
      92
     101
     114
     103
      98
      96
     122
     123
     112
     107
     114
     105
     119
     114
     113
     112
     113
     116
     112
     101
     109
     111
     114
     122
     105
     114
     145
     122
     146
     149
     111
     118
      89
     113
      98
      88
     103
     108
     102
     106
      97
      96
      89
     117
      99
     114
     101
     111
     101
     100
     100
     110
     108
      99
      87
      94
      92
     114
     108
      96
     105
      88
     116
      98
      95
     124
      98
      99
      95
     108
     108
     107
     109
      98
     105
      98
     105
     121
     103
     101
     111
     105
      97
     112
     106
     107
      83
      95
     106
     113
     104
      92
      90
      82
      94
      91
      99
     106
     109
     101
     111
      84
      95
      95
      97
     100
     116
     106
     103
     119
     106
     102
     106
     104
     107
     102
     103
     116
     107
      81
     117
      83
      91
      83
     114
      94
     106
     110
     115
     118
      97
     112
     104
      84
      88
      93
      94
      99
     103
     108
      78
     100
      99
      83
      90
      89
      84
     110
      97
      89
     124
     105
     101
      86
     106
     126
      99
     104
      86
      85
     100
     121
     109
      99
      97
     115
     113
     107
     107
     106
     114
     103
     115
      93
      96
     103
     115
     112
     126
     138
     162
     173
     201
     215
     238
     300
     353
     455
     497
     634
     778
     913
     993
    1153
    1233
    1342
    1411
    1364
    1340
    1255
    1276
    1121
     938
     820
     715
     581
     495
     376
     311
     257
     234
     201
     167
     155
     133
     147
      99
     102
     102
      85
      94
      99
      99
     111
      72
      98
      95
      97
     100
      80
      88
      73
      98
      86
      84
      88
      84
      87
      86
      78
      99
      85
     101
      68
      78
      91
      86
      87
      72
      66
      83
      85
      80
      71
      87
      81
     100
      87
      73
     100
      71
      77
      94
      86
      84
      85
      85
      87
      86
      92
      80
      77
      73
      61
      87
     100
      86
      91
      83
     108
      81
      94
      98
      89
      88
      69
     104
      79
      64
      82
      76
     102
      93
      90
      93
      89
     101
      88
      86
     110
      96
      95
      87
      76
      80
      84
      72
      79
      81
      96
      63
      85
      90
      71
      82
      84
      65
      68
      87
      71
      89
      71
      91
      73
      80
      76
      66
      88
      61
      90
      79
      76
      99
      89
      74
      70
      83
      84
      83
      79
      62
      89
      94
      78
      88
      69
      88
      70
      86
      98
     103
      90
     104
     117
     137
     115
     127
     129
     107
      96
     102
      86
      81
      80
      90
      71
      90
      82
      72
      82
      88
      95
      79
      88
      72
      77
      81
      79
      78
      90
      85
      80
      91
      68
     104
     129
     153
     189
     238
     311
     434
     493
     584
     627
     638
     596
     521
     403
     324
     250
     156
     159
     113
     119
     125
     137
     153
     174
     173
     206
     164
     168
     125
     115
     111
      82
      84
      88
      74
      93
      79
      75
      80
      67
      74
      82
      78
      84
      80
      74
      81
      81
      93
      79
      73
      77
      63
      77
      64
      71
      71
      71
      70
      66
      69
      64
      98
      64
      82
      63
      64
      80
      90
      68
      79
      79
      88
      71
      61
      94
      82
      84
      82
      85
     115
      83
      78
      78
      74
      81
      69
      73
      74
      79
      67
      65
      72
      89
      66
      69
      83
      79
      82
      81
      60
      86
      87
      74
      80
      77
      60
      94
      79
      70
      84
      66
      83
      88
     112
      99
     117
     164
     120
     126
     120
     121
      90
      72
      91
      92
      82
      84
      82
      74
      75
      79
      72
      76
      73
      88
      79
      86
      78
      68
      75
      67
      83
      70
      70
      89
      74
      74
      70
      71
      63
      96
      65
      77
      78
      76
      79
      61
      78
      71
      72
      71
      87
      67
      67
      70
      77
      80
     102
      70
      92
      90
      78
      87
      72
      84
      75
      80
      78
      71
      73
      91
      65
      73
      88
      74
      81
      70
      74
      76
      72
      75
      77
      74
      73
      84
      64
      75
      77
      74
      87
      54
      91
      78
      77
      82
      65
      71
      58
      71
      87
      75
      83
      64
      73
      90
      77
      69
      71
      82
      64
      76
      71
      73
      61
      80
      68
      85
      79
      51
      71
      69
      68
      74
      71
      76
      75
      70
      81
      69
      57
      75
      56
      77
      68
      76
      62
      64
      61
      73
      70
      74
      77
      81
      86
      81
      72
      93
     111
      91
     167
     184
     243
     319
     372
     377
     353
     363
     380
     303
     187
     167
     132
     113
      92
      95
      76
      70
      78
      84
      75
      78
      61
      52
      77
      74
      59
      65
      84
      92
      76
      81
      63
      72
      69
      81
      75
      73
      65
      74
      87
      66
      93
      72
      83
      97
      95
      91
      85
     103
     107
     119
     161
     179
     210
     213
     192
     156
     137
     137
     113
      88
      85
      94
      66
      67
      87
      71
      71
      63
      77
     104
      73
      75
      58
      81
      77
      60
      68
      62
      84
      68
      83
      83
      96
     120
     129
     105
     140
     123
     123
     131
     125
      86
      72
      79
      75
      83
      70
      93
      76
      63
      71
      75
      74
      96
      77
      72
      76
      86
      92
      66
      62
      72
      77
      67
      78
      68
     100
      77
      82
      75
      74
      71
      81
      68
      72
      83
      65
      88
      83
      72
      84
      75
      87
      67
      63
      71
      78
      82
      95
     108
     135
     188
     236
     314
     385
     431
     479
     396
     415
     343
     308
     220
     197
     121
     114
     105
     105
     146
     175
     228
     265
     292
     383
     419
     416
     446
     357
     384
     365
     321
     298
     233
     159
     133
      83
     103
      80
      85
      73
      82
      83
      73
      73
      90
      76
      70
      80
      72
      70
      73
      83
      71
      68
      74
      73
      77
      74
      64
      75
      78
      86
      78
      80
      71
      84
      78
      80
      88
      71
      67
      91
      83
      68
      55
      62
      69
      58
      68
      95
      64
      77
      54
      82
      68
      71
      64
      74
      85
      62
      68
      65
      72
      77
      54
      66
      87
      80
      74
      74
      75
      73
      62
      62
      65
      76
      66
      65
      68
      75
      67
      62
      59
      71
      63
      63
      70
      62
      82
      92
     118
      96
     138
     173
     161
     196
     185
     181
     163
     139
     139
     101
      94
      77
      72
      74
      67
      74
      55
      62
      64
      74
      58
      69
      53
      66
      70
      65
      58
      62
      64
      50
      55
      49
      63
      68
      67
      60
      58
      54
      49
      49
      66
      62
      56
      69
      73
      48
      56
      62
      58
      67
      62
      68
      57
      68
      61
      67
      69
      68
      62
      69
      96
      78
      75
      94
     109
      99
      77
      77
      81
      64
      69
      65
      54
      39
      49
      61
      56
      63
      66
      51
      58
      54
      59
      59
      57
      57
      59
      60
      61
      55
      66
      56
      73
      57
      56
      51
      45
      77
      55
      54
      62
      63
      49
      57
      58
      60
      49
      79
      70
      65
      59
      76
      64
      86
     101
     108
     135
     129
     203
     273
     348
     429
     480
     534
     511
     510
     462
     362
     278
     193
     144
     127
      73
      88
      67
      60
      68
      57
      59
      57
      50
      56
      38
      61
      49
      72
      45
      56
      58
      70
      77
      71
      64
      70
      68
      48
      52
      50
      50
      63
      62
      51
      56
      53
      64
      62
      52
      49
      76
      54
      51
      44
      53
      62
      47
      63
      57
      55
      53
      50
      66
      49
      48
      52
      44
      38
      59
      54
      61
      62
      48
      69
      61
      49
      46
      51
      64
      45
      46
      59
      51
      54
      57
      48
      51
      45
      62
      61
      51
      51
      64
      62
      57
      66
      63
      76
      98
     105
      90
     114
      89
      97
      82
      79
      52
      67
      72
      52
      45
      57
      56
      55
      50
      46
      35
      59
      67
      43
      56
      42
      55
      53
      68
      66
      62
      81
      83
      73
      81
      90
      88
      80
      89
      90
      78
      58
      56
      65
      64
      57
      65
      58
      65
      69
      57
      53
      36
      50
      42
      64
      51
      48
      49
      37
      44
      51
      54
      55
      46
      46
      55
      51
      45
      49
      62
      50
      51
      61
      47
      48
      43
      58
      60
      52
      38
      45
      54
      31
      57
      40
      49
      45
      46
      48
      60
      40
      64
      63
      62
      61
      65
      44
      53
      54
      46
      55
      54
      50
      48
      50
      35
      53
      46
      47
      47
      51
      33
      52
      59
      37
      42
      41
      48
      41
      50
      39
      54
      46
      43
      45
      48
      51
      43
      43
      48
      47
      31
      43
      43
      40
      57
      45
      47
      60
      43
      62
      38
      56
      59
      64
      75
      92
      85
      91
      95
     103
     105
     119
      91
      75
      75
      66
      57
      51
      55
      46
      35
      56
      51
      41
      50
      44
      39
      48
      58
      51
      53
      53
      43
      51
      55
      42
      52
      43
      41
      54
      46
      45
      60
      52
      56
      44
      46
      53
      49
      47
      50
      49
      43
      44
      56
      39
      55
      47
      46
      51
      46
      53
      43
      49
      56
      46
      44
      51
      41
      53
      44
      39
      47
      46
      47
      52
      45
      38
      41
      44
      55
      48
      52
      48
      61
      46
      68
      79
      93
      87
     106
     109
      96
     104
      78
      84
      61
      55
      62
      58
      48
      53
      55
      48
      37
      50
      68
      61
     101
     103
     155
     207
     265
     379
     441
     443
     508
     538
     449
     431
     347
     249
     172
     122
      94
      71
      63
      57
      58
      51
      72
      58
      48
      46
      42
      39
      44
      48
      46
      36
      40
      44
      48
      34
      45
      44
      44
      39
      39
      33
      47
      38
      42
      41
      57
      43
      34
      34
      40
      50
      45
      40
      57
      50
      41
      45
      42
      41
      39
      42
      42
      32
      44
      40
      42
      43
      38
      37
      35
      43
      55
      47
      37
      49
      37
      33
      38
      49
      31
      33
      42
      48
      39
      49
      45
      48
      40
      42
      39
      44
      44
      51
      41
      45
      66
      69
      52
      49
      36
      46
      47
      38
      41
      32
      47
      43
      39
      42
      46
      53
      36
      43
      31
      31
      40
      45
      55
      45
      40
      35
      39
      35
      46
      29
      43
      39
      33
      36
      41
      41
      39
      39
      40
      56
      53
      48
      50
      45
      44
      33
      41
      30
      38
      40
      39
      42
      38
      38
      38
      39
      27
      35
      35
      40
      40
      35
      35
      33
      45
      44
      40
      42
      51
      30
      41
      32
      39
      45
      29
      36
      45
      40
      44
      40
      39
      33
      48
      39
      34
      39
      42
      45
      33
      41
      34
      43
      40
      40
      47
      39
      46
      31
      43
      40
      39
      35
      40
      36
      32
      45
      43
      48
      34
      28
      33
      40
      43
      32
      34
      42
      48
      60
      57
      49
      30
      45
      39
      37
      40
      45
      40
      39
      31
      56
      34
      47
      40
      44
      50
      31
      46
      42
      45
      45
      51
      37
      39
      41
      43
      35
      31
      38
      38
      38
      43
      33
      51
      37
      41
      42
      43
      51
      37
      34
      48
      61
      70
      74
      81
      98
     146
     163
     192
     253
     240
     247
     234
     228
     185
     145
     122
      76
      64
      42
      41
      50
      35
      39
      47
      35
      31
      47
      43
      32
      32
      36
      41
      35
      31
      45
      33
      29
      42
      45
      33
      33
      41
      38
      25
      50
      40
      41
      34
      43
      38
      41
      28
      36
      47
      28
      41
      33
      39
      38
      42
      34
      38
      45
      36
      45
      32
      55
      56
      41
      55
      42
      62
      50
      44
      41
      44
      37
      41
      47
      42
      37
      25
      43
      31
      39
      40
      42
      28
      43
      26
      35
      45
      37
      46
      37
      41
      44
      27
      38
      40
      33
      38
      47
      42
      34
      37
      35
      39
      24
      46
      33
      39
      33
      30
      38
      27
      39
      42
      39
      29
      44
      31
      35
      37
      35
      39
      31
      31
      40
      33
      31
      31
      26
      27
      25
      42
      40
      25
      43
      44
      34
      40
      31
      42
      50
      37
      35
      26
      38
      35
      32
      35
      41
      33
      37
      31
      36
      28
      39
      34
      46
      41
      26
      28
      41
      28
      31
      36
      40
      42
      31
      45
      39
      30
      21
      37
      32
      44
      29
      37
      35
      38
      42
      40
      51
      48
      66
      57
      72
      94
      91
      81
      81
      84
      60
      56
      52
      43
      39
      36
      46
      34
      32
      40
      39
      46
      39
      33
      44
      39
      28
      41
      31
      42
      38
      42
      40
      29
      30
      39
      21
      25
      40
      34
      40
      34
      40
      40
      28
      27
      42
      34
      45
      48
      32
      45
      55
      67
      63
      89
     178
     227
     368
     516
     684
    1141
    1394
    1827
    2299
    2481
    2574
    2568
    2354
    1952
    1588
    1149
     755
     522
     299
     160
     122
      69
      47
      45
      23
      39
      30
      33
      31
      33
      35
      26
      24
      40
      31
      25
      22
      27
      32
      38
      35
      20
      25
      25
      24
      38
      31
      32
      28
      30
      24
      28
      37
      49
      49
      59
      74
     112
      94
     130
     114
     132
     124
     105
     109
      94
      89
      66
      59
      26
      29
      39
      23
      28
      35
      47
      27
      21
      39
      20
      31
      34
      28
      30
      21
      24
      23
      29
      33
      29
      28
      30
      33
      37
      29
      24
      40
      33
      28
      16
      18
      30
      22
      33
      33
      32
      35
      24
      25
      32
      27
      30
      21
      29
      30
      28
      31
      24
      29
      34
      35
      40
      34
      44
      60
      51
      48
      68
      39
      54
      46
      33
      27
      31
      30
      33
      32
      25
      22
      28
      44
      23
      28
      28
      24
      38
      27
      27
      21
      30
      24
      32
      34
      30
      28
      29
      25
      33
      23
      34
      29
      28
      42
      24
      30
      26
      28
      26
      28
      24
      34
      38
      28
      36
      42
      39
      27
      29
      30
      35
      41
      25
      38
      38
      29
      32
      42
      30
      34
      29
      28
      28
      40
      20
      20
      32
      23
      32
      24
      32
      24
      29
      32
      30
      26
      38
      19
      27
      31
      20
      17
      33
      22
      30
      30
      38
      39
      33
      40
      28
      33
      33
      35
      36
      33
      37
      30
      28
      26
      24
      31
      27
      26
      28
      44
      59
      51
      72
     112
     134
     191
     240
     292
     387
     384
     409
     447
     352
     316
     305
     230
     178
     126
      77
      69
      68
      45
      26
      24
      29
      34
      27
      35
      33
      27
      26
      22
      22
      33
      26
      23
      30
      46
      37
      34
      39
      47
      36
      37
      38
      40
      36
      37
      40
      32
      34
      22
      28
      43
      30
      25
      28
      34
      20
      36
      31
      33
      18
      28
      25
      25
      28
      25
      30
      27
      23
      17
      25
      20
      17
      20
      24
      43
      31
      26
      30
      21
      17
      30
      29
      21
      22
      34
      23
      33
      17
      20
      24
      28
      27
      33
      33
      33
      24
      26
      25
      28
      22
      23
      29
      21
      31
      13
      32
      29
      28
      28
      34
      38
      28
      40
      40
      32
      32
      29
      27
      37
      38
      26
      20
      27
      20
      23
      32
      14
      33
      19
      26
      29
      23
      30
      21
      18
      22
      22
      25
      24
      27
      21
      23
      25
      36
      16
      27
      25
      17
      14
      36
      31
      22
      27
      22
      19
      23
      25
      23
      17
      24
      15
      21
      20
      20
      20
      21
      26
      34
      31
      26
      16
      30
      27
      31
      24
      31
      28
      28
      31
      29
      40
      26
      25
      32
      21
      29
      31
      31
      37
      42
      37
      40
      31
      48
      43
      47
      49
      52
      71
      72
      92
     112
     124
     138
     176
     137
     121
     119
      95
      70
      61
      55
      31
      32
      34
      26
      27
      24
      29
      27
      27
      30
      24
      19
      33
      27
      12
      22
      28
      21
      32
      22
      19
      24
      16
      21
      27
      36
      39
      24
      33
      21
      34
      23
      23
      29
      29
      23
      41
      27
      39
      44
      40
      27
      33
      27
      41
      30
      37
      37
      42
      38
      32
      30
      27
      29
      21
      25
      22
      21
      23
      36
      20
      27
      25
      20
      24
      27
      30
      25
      28
      17
      25
      30
      28
      23
      28
      27
      35
      28
      30
      24
      25
      20
      32
      22
      24
      32
      26
      22
      30
      30
      32
      26
      27
      22
      41
      32
      24
      40
      31
      43
      80
      86
     100
     104
     143
     154
     154
     151
     148
     134
     117
      97
      63
      57
      43
      39
      26
      27
      28
      24
      23
      21
      27
      26
      17
      28
      29
      27
      20
      30
      29
      31
      26
      25
      31
      22
      22
      21
      15
      29
      22
      31
      22
      24
      19
      23
      31
      25
      23
      32
      22
      36
      30
      37
      29
      24
      22
      30
      30
      29
      23
      35
      40
      29
      36
      29
      27
      41
      24
      29
      24
      36
      36
      35
      26
      25
      19
      29
      26
      22
      23
      25
      24
      23
      23
      25
      24
      28
      29
      25
      31
      33
      28
      18
      25
      31
      32
      30
      24
      29
      26
      34
      30
      26
      23
      33
      40
      34
      36
      41
      36
      61
      51
      54
      52
      50
      43
      51
      46
      40
      39
      31
      27
      19
      20
      27
      32
      26
      34
      29
      35
      25
      26
      23
      33
      29
      27
      42
      49
      88
     100
     118
     129
     143
     154
     168
     170
     144
     136
      95
      91
      64
      57
      58
      39
      26
      33
      36
      35
      19
      24
      19
      24
      19
      28
      20
      19
      27
      22
      19
      19
      31
      20
      25
      23
      37
      26
      27
      22
      29
      22
      28
      35
      27
      22
      16
      31
      24
      29
      40
      22
      25
      27
      27
      30
      35
      33
      33
      30
      38
      23
      34
      26
      27
      29
      37
      30
      25
      31
      29
      26
      25
      26
      34
      28
      26
      28
      27
      19
      39
      25
      18
      30
      29
      25
      29
      23
      26
      28
      29
      32
      25
      29
      24
      35
      34
      18
      25
      25
      35
      20
      25
      37
      22
      26
      25
      33
      33
      39
      24
      33
      30
      30
      23
      24
      31
      27
      29
      28
      24
      28
      31
      36
      29
      23
      24
      29
      36
      37
      29
      26
      29
      28
      22
      20
      25
      22
      27
      25
      24
      23
      18
      28
      29
      25
      30
      27
      35
      28
      24
      34
      26
      28
      29
      24
      20
      33
      33
      28
      25
      19
      21
      30
      23
      22
      36
      27
      38
      24
      36
      23
      30
      20
      25
      23
      21
      26
      29
      33
      21
      24
      23
      24
      20
      25
      26
      25
      23
      28
      24
      26
      26
      35
      32
      28
      27
      24
      42
      24
      23
      27
      21
      29
      21
      21
      22
      37
      21
      27
      32
      24
      29
      29
      36
      29
      39
      20
      32
      26
      21
      29
      24
      29
      19
      21
      15
      19
      18
      21
      31
      26
      22
      15
      24
      16
      23
      24
      26
      25
      19
      22
      16
      27
      28
      20
      12
      17
      25
      31
      29
      25
      30
      29
      31
      53
      40
      54
      42
      45
      50
      45
      27
      47
      35
      24
      24
      36
      42
      71
      67
      98
     143
     170
     218
     231
     309
     305
     336
     304
     290
     234
     183
     163
     107
      81
      58
      38
      37
      29
      27
      20
      23
      24
      16
      26
      22
      20
      28
      23
      17
      27
      17
      26
      25
      27
      16
      22
      25
      19
      21
      15
      22
      20
      18
      18
      18
      26
      19
      17
      19
      17
      25
      24
      16
      19
      18
      24
      17
      22
      20
      22
      17
      27
      20
      23
      29
      19
      21
      21
      26
      30
      23
      17
      20
      16
      11
      17
      24
      24
      23
      19
      18
      19
      22
      13
      19
      22
      23
      25
      18
      11
      22
      17
       7
      29
      19
      19
      11
      18
      18
      19
      29
      23
      24
      37
      25
      40
      32
      42
      31
      51
      31
      41
      38
      31
      28
      19
      26
      20
      24
      19
      24
      15
      18
      34
      19
      13
      12
      24
      25
      26
      22
      21
      23
      24
      29
      27
      26
      31
      25
      20
      23
      17
      18
      14
      19
      12
      14
       9
      20
      14
      19
      22
      33
      17
      15
      14
      11
      18
      15
      12
      24
      16
      18
      16
      22
      17
      17
      21
      20
      16
      17
      25
      15
      19
      15
      14
      22
      13
      26
      26
      20
      19
      11
      18
      20
      22
      15
      18
      23
      30
      23
      28
      32
      42
      48
      56
      71
     113
     115
     171
     186
     220
     197
     188
     179
     185
     122
     136
      96
      82
      52
      42
      26
      26
      21
      17
      14
      25
      27
      20
      15
      21
      17
      20
      21
      27
      18
      14
      19
      19
      13
      25
      15
      17
      14
      15
      17
      20
      12
      19
      22
      20
      20
      22
      23
      12
      12
      22
      19
      20
      15
      26
      24
      18
      18
      13
      20
      22
      16
      23
      16
      18
      15
      25
      17
      22
      20
      21
      14
      27
      15
      16
      18
      15
      18
      12
      17
      15
      12
      13
      12
      17
      17
      20
      13
      14
      16
      17
      15
      17
       8
      15
      16
      10
      23
      21
      12
       9
       9
      24
      13
      21
      12
      16
      17
      20
      17
      15
      22
      10
      19
      10
      11
      18
      16
      13
      24
      20
      14
      12
      14
      22
      16
      21
      14
      14
      21
      17
      13
      15
      20
      18
      20
      17
      16
      12
      12
      13
      18
      12
      19
      24
      15
       7
      18
      15
      18
      14
      18
      15
      12
      18
      13
      13
      23
      13
      14
      18
      14
      17
      14
      16
      21
      18
      11
      24
      21
      16
      14
      11
      17
      14
       9
      17
      16
      16
      12
      13
       8
      20
      16
      13
      16
      15
      14
      18
      28
      20
      44
      47
      46
      63
      80
      81
      83
     104
      97
      67
      77
      60
      54
      42
      34
      20
      19
      19
      18
      20
      11
       9
      18
      16
      20
      16
      16
      31
      27
      18
      21
      27
      27
      25
      25
      21
      13
      17
      19
      13
      16
      14
      11
       9
      12
      13
      13
      12
      16
      10
       9
      24
       8
      11
      16
      10
      19
      12
      23
      10
      10
      12
      12
      11
      16
      16
      14
       8
      12
      17
      12
      14
      10
      10
      11
       8
      13
      16
      10
      11
      18
      14
      16
      17
      14
      11
      13
      12
      19
      16
      14
      16
      18
      13
      25
      20
       7
      10
      13
      17
      15
      17
      10
      14
       9
      16
      16
       8
      16
       9
      16
       9
      10
       8
       7
      17
       9
      14
       8
       9
      12
      15
      14
      16
      20
      13
      11
      16
      12
      12
      15
      16
      19
      11
       8
      10
       9
      11
      16
      14
      11
       6
      16
       5
      14
       8
      10
       7
      11
       8
      12
      11
      11
      12
      12
      19
       7
      19
      19
      13
      13
      18
      20
      19
      19
      24
      20
      24
      16
      11
      16
      11
      16
      10
      14
      17
       9
      15
      16
      19
      15
      12
      21
      15
      19
      19
      20
      15
      15
      12
      12
      16
      13
      15
      18
       9
       6
      15
      11
      14
      10
      11
      15
      11
      14
      10
       8
       9
      11
      12
      21
       9
      10
       5
      13
      18
      15
       3
      13
      12
       9
       3
      12
      12
       9
      21
      13
       8
      13
      13
      16
      12
      11
      14
      13
       9
       8
      12
      11
      19
       8
      13
      12
      17
       9
      12
      10
      19
       9
       9
      13
      14
      11
      11
      17
       8
       8
      11
      13
      10
      10
      12
       8
      16
       6
      11
       8
       6
       9
       9
      12
      12
       6
      13
      13
      10
      14
       6
       9
      10
      16
      11
      11
       9
      15
       9
      12
      10
      18
      13
      12
      17
      14
       7
      10
      14
      23
      19
      28
      31
      36
      35
      50
      49
      63
      47
      60
      53
      56
      43
      41
      36
      20
      21
      22
      18
       7
      10
      13
      10
      18
      10
      14
      10
       8
      10
      21
      15
      14
      11
      19
      13
      26
      14
      12
      10
       6
      16
      11
      14
      16
      15
      17
      13
      19
      19
      15
      16
       9
      14
      15
      18
      12
      13
      20
       6
      13
       6
       7
      13
      14
       8
      10
      12
       9
      11
       7
      13
      13
      12
       6
      11
      11
       9
      10
      12
      12
      11
      15
      16
      11
      13
      13
      20
      14
       8
      14
       9
      16
      14
      11
       9
       9
       8
      11
      16
      15
      13
      15
       7
      13
      15
      12
      13
      10
      13
       8
      13
      10
      12
      18
       8
      20
      12
      15
      18
      12
      16
      14
      20
      15
      13
      11
      12
      15
       8
      14
       7
      19
      11
      15
      10
      15
      13
       6
      10
      12
      13
       8
      13
      10
       4
      12
      15
      10
       9
       8
      13
      12
      13
       9
      10
       6
      14
       7
       9
      14
      12
       4
      14
      11
      11
      16
      11
      11
      19
      19
      12
      12
       9
       9
      13
       9
       6
      12
      10
      11
      14
      14
       6
      12
      10
       7
      11
      11
      14
      10
      12
      16
       8
      11
       7
       6
      10
      14
       8
      12
      12
       5
      10
       9
       9
       4
       6
      16
      10
       7
      10
      14
      13
      10
       4
      15
       9
       9
      12
       6
      14
      13
       7
      12
       7
      15
      12
      14
       7
      17
       8
      13
       8
      14
       8
      10
      10
       8
       7
      10
      12
      10
       6
      12
       7
       7
      10
       8
       9
      13
      11
      13
       9
       7
       8
       6
      11
       9
       6
       9
       8
       7
      10
       7
      11
       4
       9
      16
       8
      10
       9
      11
      10
       7
       9
       5
      11
      20
       6
      12
       9
       8
       7
      14
       7
       9
      15
      14
      13
       9
      11
       9
      10
       8
       6
      14
      16
      13
      13
      14
      10
      12
       7
      10
      11
      16
      13
      15
      12
      21
      28
      48
      54
      90
     117
     144
     227
     292
     417
     519
     691
     874
    1000
    1150
    1187
    1196
    1078
    1016
     799
     695
     498
     384
     245
     168
      92
      77
      32
      23
      10
      13
       4
       7
       9
       6
      10
       2
      10
      10
       6
      10
       7
      12
       9
       6
      14
      17
       8
       7
      12
       7
       6
       7
       5
       8
       6
       6
       6
       9
       9
       7
      11
       7
       7
       2
       6
       8
       7
       8
       7
       4
       3
       5
       5
       4
       7
       9
      12
       7
       9
      12
       3
      15
      15
       6
       7
      12
       7
      10
      14
      12
       9
       9
      16
      11
       8
      16
      20
      16
      15
      18
      15
      29
      32
      29
      45
      30
      31
      15
      17
      17
      16
      12
      12
      10
       5
       7
      11
       8
      13
       5
      20
      11
      11
      14
      11
      12
       6
      11
       7
      10
      10
       6
      14
       7
      12
       8
       7
       9
      11
       9
       5
       7
       6
       5
       8
       7
       6
      12
       9
      10
       8
       5
      11
      10
       5
       5
       7
       6
       6
       7
      11
       6
      11
      10
       7
       5
       5
       8
       7
       7
       7
      11
       7
       6
       7
       8
       7
      11
       8
       5
       6
       8
       7
      14
       9
       5
       7
       5
      10
       9
      17
       9
      15
      16
      15
      12
      19
      21
      17
      23
      19
      15
       9
      17
       8
       3
       3
      16
       9
       8
       5
      10
       4
      11
       7
       7
       2
       6
       7
       6
      10
       9
       9
       6
       5
       6
       2
       8
       8
       3
       6
      11
       6
       5
       9
       3
       6
      11
       4
       7
      13
       7
      11
       8
       8
      10
       3
       2
       6
      12
      10
       3
       6
       3
       7
       9
       8
       6
       9
       8
       4
       8
       3
      13
       5
       1
       6
       8
       8
       6
       6
       5
       5
       9
       3
       9
       8
       8
       8
       9
       6
       8
       4
       9
       6
       8
       7
       6
       3
      12
       2
      12
       9
      10
       8
      12
      11
       4
       5
       9
      11
      11
       6
      10
      14
       9
      19
      17
      21
      19
      15
      12
      12
      17
      15
      14
       5
      13
       8
       9
       9
       5
       8
      10
       7
       5
       8
      10
       6
       7
       6
       8
       9
       2
       7
       4
      11
       7
       9
       8
       6
       8
       5
       5
       8
       4
       5
      12
       4
       7
      12
       7
       8
       5
      10
       5
       6
      10
       4
       4
       8
       2
       6
      12
       5
      10
       7
       7
      11
      14
      10
      10
      18
      16
      19
      35
      40
      42
      57
      55
      68
      73
     107
      94
     113
      98
      97
      84
      67
      64
      49
      25
      18
      14
      20
      10
      11
      10
       7
       7
       4
       8
      10
       6
       5
       4
       8
       8
      10
       7
      10
       7
      14
      14
      10
      13
      17
      11
       5
      14
      11
       5
       1
      10
       5
       9
       8
      10
       5
       9
       6
       5
       4
       7
       5
       0
       5
      10
       7
       4
       3
       9
       7
       9
       2
      15
      10
       5
      13
       9
      16
       6
      12
       4
       8
       4
      12
       9
       8
       6
       9
       6
      12
       8
       8
       6
      12
       5
      13
      12
      13
       9
      12
       6
       8
       7
      13
      18
       7
      13
      16
      11
      10
      12
      17
      12
      14
      12
      18
       6
       9
      10
      13
      13
       8
      13
      10
       7
       6
       6
       5
       7
       9
       7
       8
       8
       5
       5
       4
       9
      11
       5
       9
       3
       3
      10
       6
       6
       3
       7
       5
       8
       7
       8
       6
       8
       8
       3
       9
       4
      10
       8
       6
      12
      10
       2
       7
       6
       8
      11
      11
       7
      10
       8
       6
      13
      13
      22
      18
      13
      17
      12
      12
      15
      13
       4
       4
      10
      12
       3
      10
       6
      11
       7
       9
       6
      10
      10
      13
       8
      10
       7
       8
      11
       5
       9
       7
      10
       6
      14
      10
       4
       6
      11
       6
      14
       5
       7
       9
       8
      10
       4
       9
      10
      11
       3
      10
       7
       6
      10
       8
       5
      10
       9
       4
      11
      11
       6
      12
      10
       4
      18
      10
      12
      18
      15
      19
      21
      25
      48
      53
      46
      67
      84
      69
      79
      64
      66
      50
      53
      36
      34
      20
      15
      12
      16
      11
       9
      12
       6
      12
      12
      12
       3
       9
       9
       6
      13
       4
       7
       2
       5
      10
       6
       4
       6
       9
       6
      10
      13
       2
       5
       8
       9
       7
       6
       8
       8
       5
       8
       8
      10
       8
      10
       6
       8
       4
       7
       6
       1
       1
      10
       7
       2
       9
       5
       4
      12
       5
       6
       7
       7
       4
       5
       7
      13
       6
       5
       7
       4
       7
       5
       4
       6
       6
       5
      12
      10
       8
       8
      10
       7
       8
       5
       9
       5
       6
       4
       6
       9
       7
       5
      12
       7
      10
       5
      12
       9
       9
      11
      11
       7
      12
      10
       6
      10
       8
       9
       7
       4
       4
      12
       6
       2
       5
       6
       3
       7
       3
       8
       7
       8
       9
       4
      10
       6
       5
       7
       9
       7
      11
       5
       6
       5
       4
       6
       9
       6
      11
       5
      11
       3
       7
       5
       7
       4
      11
       8
       5
       4
       5
       7
       6
       8
       4
      12
       9
      10
       2
       5
       6
       9
       4
       5
       4
       5
       7
       5
       6
       9
       8
       8
       5
       5
       9
       8
       7
       2
       8
       4
       4
       6
       4
       2
       1
       4
       4
       5
      10
       8
       8
       6
       6
       6
       6
       8
      10
       6
       5
       6
      11
       2
      10
       7
       9
       9
       6
      11
       8
       7
       8
      11
       6
       6
       9
       6
       5
       5
       5
       6
       9
       8
      11
       7
       6
      13
       9
       7
       9
      12
      14
      13
      21
      18
      13
      12
      12
       8
      14
      13
      10
       9
       9
      12
      15
       9
       8
       6
       5
      11
       4
       6
       3
      10
       6
       5
       5
      10
      12
       8
       4
       5
      10
       8
      10
       4
       9
       6
       7
      11
      11
       5
       8
       8
       6
      10
       6
       7
      14
       5
       6
       6
       9
       5
      11
       6
       5
       7
       9
       8
       8
       8
       3
       9
       3
       8
       8
       6
      12
       8
       3
       6
       6
       7
       6
       8
       9
      10
       5
       9
       7
      10
      11
       6
       9
      12
       4
       5
       4
       4
       8
       4
       6
       7
       5
       8
       6
      16
       7
      11
      10
      11
       9
       6
       7
       7
      11
       8
       5
       5
      10
       9
       5
       6
       6
      10
       6
       7
       7
       4
       7
       3
       5
       8
       6
       4
      13
       3
      12
       9
       5
      11
       9
       2
       8
       4
       6
      12
       8
      12
       3
       5
      13
       3
       5
      12
      10
       6
       7
       8
       7
       7
       7
       3
       8
       9
       6
       4
       4
       5
       5
       9
       6
       6
       4
      11
       8
       8
       7
       6
       8
      10
       5
       4
      13
      10
       8
       9
       9
       6
       6
      16
       8
       6
       5
      10
       8
       6
      11
       7
       8
      10
      11
       6
      11
       9
       6
       7
      10
       5
       9
      13
       8
       7
      10
       8
       6
      12
      11
      17
      15
      12
      15
      12
       9
      15
       8
      11
       5
       8
      13
       4
       6
       6
       9
       8
      10
       8
       8
      10
      13
       7
       8
      10
       3
       7
       4
       4
       7
       4
       6
       6
       4
       5
       9
       6
       5
       5
       5
       6
       7
       4
       6
       6
      10
       4
       8
       8
       9
      14
      18
      22
      18
      22
      26
      32
      42
      29
      43
      48
      44
      25
      28
      32
      21
      19
      21
      16
       6
       7
      12
       7
       9
      11
       3
       7
       7
       3
      10
       5
       4
       6
       6
       9
       4
       2
       9
       7
       7
       3
       6
       5
       8
       9
      10
       3
       2
       7
       8
      10
       4
       2
       6
       4
       3
       3
       6
       2
       6
      10
       6
       7
       8
       9
       6
       7
      10
       7
       7
      10
       4
      10
       2
       5
       4
       9
       5
       7
       8
       5
       4
       8
       8
       7
      11
       4
       5
       5
       2
       6
       5
       9
      10
       4
       3
       8
       8
       2
      10
       4
       8
       7
       4
       6
       6
       4
       2
      13
       4
       6
       9
      10
       7
       4
       8
       9
       3
       6
       5
       2
       8
       2
       2
       6
       9
       5
       8
       3
       8
       6
      10
       5
       7
      10
       9
       8
       3
      10
       6
       8
       7
       7
       7
      11
       6
       8
       5
       2
       8
       7
       5
       4
       6
       7
       9
       2
       9
       6
       5
       8
       7
       4
       6
       4
       6
       7
       3
       7
      12
       7
       3
      11
       4
       8
       7
       8
      11
       6
       4
       7
       3
       7
      10
       5
       8
       4
       2
       5
      11
       7
       6
       4
       5
       2
       3
      10
       4
       7
      11
       7
       6
      10
       7
       8
       6
      10
      10
       7
       8
       7
       7
       3
       5
       3
       6
      11
       9
       9
       6
       6
      14
       9
       7
       9
      10
      13
       3
       7
       7
       5
       7
       5
       6
       9
       5
       9
       9
       2
       8
       4
       8
       6
       5
      11
       9
       6
      10
      13
       8
      10
       5
      12
       7
       4
       7
       8
       4
       4
       6
       9
       5
       4
       8
       5
       9
       8
       9
       8
       6
       5
       9
       9
       6
       4
      13
       3
      14
      10
       7
       4
       9
       5
       7
       6
       6
       9
       8
       6
       9
      11
       9
      12
       4
      10
      13
      13
       9
       8
       5
      11
       5
       6
      10
       3
       3
       7
       5
       5
       5
      11
       4
       8
       7
      13
      10
       7
       8
       7
      11
      14
      10
      15
      11
      19
      12
      12
      14
      13
      13
       5
       3
      10
       5
       1
      10
      10
      12
      11
       7
      10
       9
      12
      12
       6
       8
       5
       5
      10
       6
       9
       8
       9
       8
       9
       7
      10
       9
       5
       4
       8
      10
       6
       6
       9
      17
       9
      17
      20
      15
      19
      14
      25
      22
      24
      22
      22
      16
      15
      20
      19
      18
       9
       9
       5
       6
       7
       7
       4
      12
      11
       6
       4
       7
       9
       6
       6
       5
       6
       7
      14
      12
       9
       8
      10
       9
       5
       7
      11
       8
       8
       5
       9
       3
       6
       4
       8
      12
      15
       5
       6
      10
      11
       5
      10
       8
      15
       4
       6
       6
       7
       9
      12
       5
      11
      10
      11
       4
       6
       7
       3
       7
       5
       9
       3
      10
       6
       7
      10
      10
       5
       4
       7
       5
       5
       5
      12
       6
      10
       6
       5
       7
       4
      13
       2
       7
       5
       4
       3
       4
       7
       2
       8
       5
       6
       8
      10
       9
       5
       8
       5
       3
       6
       7
       9
       2
       9
       3
       6
       7
       3
       4
       5
      10
       3
       5
       4
       7
       5
       1
       3
       5
       6
       6
       5
       7
       8
       4
       7
       8
      11
       6
       4
      10
       7
       5
       6
       7
       4
       3
       0
       8
       3
       2
       6
       5
       6
       3
       9
       5
      11
       3
       4
       6
       4
       6
       4
       7
       6
       7
       6
       1
       3
       3
       3
       6
       4
      11
       3
       6
       7
       3
       6
       4
       5
       3
       3
       6
       9
       3
      10
       7
       3
       8
       7
       3
       8
       7
       6
       9
       4
       5
       4
      10
       4
       3
       3
       8
       5
       6
       7
       7
      11
       7
      15
       8
       7
      15
       7
       6
      19
      13
       8
      11
      10
      12
       6
       7
       5
       4
       7
       5
       5
       7
       6
       3
       2
       6
       2
       8
       8
       6
       4
       6
       6
       4
       4
       2
       5
       7
       3
       8
      10
       5
       5
       6
       3
       5
       4
       1
       4
       7
       6
       1
       5
       8
       5
       3
       3
       6
      11
       1
       2
       7
      10
       6
       6
       4
       8
       4
       9
       4
       6
       6
      10
       7
       8
       7
      10
       6
       5
       9
       7
       2
       8
       8
       4
       4
       7
       7
      10
       8
       4
       4
       8
       2
       5
       3
       5
       5
       8
       6
       9
       5
       4
       6
       5
       7
       6
       7
       7
       6
      11
       4
       5
       5
       7
       3
       7
       1
       5
       4
       7
       4
       9
       5
       5
       6
       4
       1
       5
       6
       2
       6
       7
       5
       5
       7
       8
       6
       3
       1
       4
       4
       8
       7
       5
       4
       5
       4
       4
       6
       8
       6
       3
       9
       4
       3
       9
       3
       5
       3
       3
       7
       5
       4
       3
       5
       5
       2
       3
       7
       6
       9
       3
       4
       9
       1
       4
       6
       7
       3
       7
       7
       8
       9
       4
       5
       4
       1
       5
      10
       6
       6
       3
       7
       2
       7
      11
       4
       2
       4
       6
       0
       2
       5
       3
       5
      15
       7
       5
       1
       7
       3
       2
       3
       2
       2
       6
       2
       5
       3
       6
       6
       6
      12
      10
      11
       9
      11
      14
      11
       9
      21
      23
      16
      21
       7
       7
      12
      13
       8
       2
       7
       5
       9
       3
       6
       7
      10
       6
       2
       3
       4
       2
       9
       6
       7
       7
       8
       4
       7
       5
       9
       2
       4
       3
       6
       6
       4
       6
       4
       3
       1
       6
       6
       2
       6
       4
       4
       3
       8
       5
       5
       7
       4
       7
       3
       6
      10
       5
       7
       4
       6
       4
       5
       5
       7
       4
       2
       4
      11
       4
       3
       8
       4
       7
       8
       5
       3
       2
       5
       1
       3
       7
       7
       7
       4
       9
       3
       4
       8
       8
       4
       4
       8
       6
       2
       2
      11
       5
       5
       4
      10
       3
       6
       7
       3
       1
       6
       2
       6
       3
       3
       3
       8
       8
       5
       4
       6
       6
       6
       7
       6
       4
       7
       3
       4
       6
       3
       4
       3
       3
       7
       5
       3
       6
       9
       6
       8
       7
       4
       8
       7
      10
      13
       9
      10
      11
      17
       8
      11
       9
       6
       7
       7
       7
       5
       0
       0
       4
      11
       5
       7
       7
       7
       2
       8
       5
       5
       9
       6
       1
       3
       3
      10
      11
       3
      11
      16
      13
      11
      24
      20
      32
      32
      34
      55
      48
      50
      61
      53
      52
      39
      26
      28
      19
      17
      16
      13
       4
       9
       6
       5
       3
       8
       5
       5
       6
       7
       4
       5
       6
      10
       8
       3
       3
       1
       4
       3
       3
       1
       4
       2
       4
       3
       5
       2
       7
       5
       9
       5
       4
       4
       5
       5
       4
       5
       2
       2
       5
       2
       4
       7
       7
       8
       7
       3
       8
       5
       5
       2
       1
       3
       2
       6
       0
       3
       6
       6
       2
       7
       2
       6
       4
       7
       2
       3
       4
       3
       4
       2
       3
       4
       5
       4
       4
       6
       2
       7
       3
       3
       8
       4
       7
       6
       7
       5
       4
       5
       8
       4
       5
       7
       5
       8
       5
       4
       4
       6
       3
       5
       8
       2
       5
       2
      10
       3
       5
       5
       7
       5
       7
       9
       5
       7
       8
       3
       4
       2
       3
       4
       8
       3
      10
       4
       2
       1
       9
       5
       4
       6
       4
      13
       6
       0
       7
       3
       4
       2
       8
       3
       7
       5
       4
       3
       2
       1
       6
       4
       5
       1
       9
       5
       5
       6
       1
       5
       7
       5
       2
       3
       6
       3
       2
       8
       1
       6
       3
       7
       5
       6
       1
       6
       3
       4
       4
       5
       2
       1
       3
       5
       2
       3
       7
       6
       3
       4
       3
       5
       2
       2
       5
       6
       6
       6
       4
       2
       2
       6
       7
       5
       2
       6
       4
       4
       3
       4
       8
       6
       6
       8
       3
       7
       3
       4
       8
       3
       1
       2
       5
       4
       1
       2
       2
       8
       6
       6
       3
       6
       6
       3
       4
       1
       3
       1
       5
       7
       7
       5
       2
       1
       7
       4
       5
       4
       3
       3
       7
       8
       5
       8
       4
       6
       7
       2
       3
       2
       3
       5
       6
       7
       4
       4
       3
       4
       5
       7
       8
       5
       3
       5
       1
       4
       5
       6
       4
       2
       1
       7
       5
       3
      10
       5
       5
       4
       2
       6
       3
      10
       5
       3
       5
       4
       8
       3
       4
       8
       6
       2
       3
       3
       8
       3
       4
       3
       3
       9
       2
       3
       5
       3
       7
       2
       7
       4
       8
       7
       5
       5
       3
       7
       5
       6
       2
       2
       4
       2
       7
       5
       4
       4
       4
       2
       3
       6
      11
       9
       5
       2
       3
       1
       3
       3
       5
       4
       3
       2
       7
       9
       5
       4
       3
       5
       4
       1
       2
       5
       7
       3
       4
       5
       3
       6
       7
       1
       1
       3
       1
       4
       8
       7
       5
       4
       5
       3
       3
       8
       7
       3
       3
      12
       2
       5
       0
       2
       2
       4
       4
       2
       3
       3
       2
       5
       5
       6
       5
       4
       5
       5
       2
       5
       4
       3
       6
       5
       5
       5
       4
       5
       5
       6
       7
       7
       4
       4
       2
       4
       6
       6
       3
       1
       5
       6
       2
       7
       8
       5
       5
       0
       2
       7
       4
       4
       1
       3
       6
       5
       5
       5
       6
       6
      11
      10
       3
       8
      11
       3
       5
       4
       6
       4
       5
       2
       2
       4
       7
       4
       2
       5
       0
       5
       8
       1
       5
       8
       5
       3
       6
       3
       2
       7
       6
       5
       7
      11
       4
       7
       2
      13
       4
       5
      11
       7
       4
       3
       3
       3
       5
       2
       5
       4
       2
       4
       4
       6
       3
       1
       4
       7
       4
       3
       8
       5
      11
       4
      11
       2
       4
       6
       3
       7
       2
       3
       6
       5
       7
       4
       5
       4
       8
      14
       5
       5
       2
       9
       9
      15
       5
       6
       9
       7
       8
       5
      13
       4
      10
      13
      12
      13
      17
      21
      19
      22
      40
      46
      57
      63
     104
     109
     125
     157
     178
     219
     209
     202
     168
     178
     168
     140
     112
      69
      61
      36
      23
      18
      11
       5
       7
       9
       5
       2
       6
       3
       1
       4
       0
       4
       5
       5
       7
       9
       2
       8
       3
       5
       5
       4
       1
       4
       6
       3
       5
       7
       3
       1
       3
       5
       2
       2
       4
       6
       0
       4
       6
       6
       3
       3
       4
       2
       3
       1
       8
       2
       1
       5
       0
       8
       3
       3
       6
      16
       6
       9
       6
       5
       4
       7
       4
      11
       4
       6
       3
       3
       7
       2
       6
       4
       9
       3
       5
       8
       4
       5
       9
       6
       3
       4
       7
       2
       4
       6
       4
       5
       4
       8
       7
       6
       3
       6
       3
       3
       5
       8
       3
       5
       4
       7
       6
       1
       1
       2
       7
       5
       1
       4
       5
       1
       7
       2
       4
       6
       8
       1
       2
       3
       4
       7
       0
       7
       3
       7
       4
       8
       5
       2
       6
       6
       8
       4
       4
       1
       3
       2
       2
       5
       5
       5
       4
       9
       7
       3
       5
       9
      10
       4
       3
       6
      10
       5
       6
       9
       6
      10
       6
       5
       5
       3
       5
       8
       5
       3
       3
       2
       6
       6
       4
       7
       5
       5
       7
       4
       3
       5
       8
       5
      11
      13
      12
      11
      10
       7
      16
      15
      12
       9
       5
       3
       4
       4
       6
       4
       5
       4
       6
       1
       5
       3
       4
       6
       4
       3
       3
       5
       3
       2
       4
       1
       1
       3
       6
       3
       3
       3
       3
       3
       5
       1
       2
       7
       5
       6
       3
       2
       2
       4
       4
       3
       3
       2
       4
       5
       3
       3
       3
       3
       5
       0
       4
       4
       2
       4
       4
       1
       2
       3
       2
       3
       7
       8
       5
       7
       2
       5
       5
       5
       1
       5
       2
       4
       2
       5
       2
       5
       2
       2
       4
       5
       8
       6
       4
       4
       4
       1
       1
       5
       4
       9
       2
       4
       7
       2
       4
       3
       2
       6
       1
       4
       5
       2
       5
       5
       3
       4
       3
       6
       2
       1
       5
       5
       4
       0
       5
       2
       1
       1
       3
       5
       3
       6
       5
       2
       3
       2
       1
       5
       3
       4
       6
       4
       3
       5
       4
       6
       2
       3
       1
       4
       2
       2
       1
       0
       5
       5
       5
       4
       1
       1
       1
       1
       2
       4
       0
       4
       2
       4
       1
       3
       3
       5
       7
       2
       3
       4
       5
       2
       2
       5
       4
       2
       4
       2
       1
       2
       2
       1
       1
       3
       7
       5
       3
       1
       2
       5
      11
       5
       0
       3
       1
       3
       5
       4
       4
       1
       6
       2
       4
       2
       2
       0
       3
       4
       3
       5
       6
       1
       2
       4
       4
       1
       4
       7
       2
       1
       6
       0
       7
       5
       2
       1
       4
       3
       5
       7
       2
       4
       1
       6
       6
       7
       4
       5
       2
       1
       2
       1
       1
       2
       4
       3
       2
       3
       3
       0
       2
       4
       3
       4
       2
       4
       3
       4
       4
       2
       2
       4
       7
       2
       5
       3
       3
       2
       6
       8
       2
       3
       1
       3
       2
       3
       1
       3
       6
       3
       1
       2
       3
       3
       6
       8
       2
       2
       2
       5
       0
       1
       3
       1
       4
       3
       1
       1
       5
       4
       5
       6
       2
       1
       6
       7
       3
       3
       3
       3
       2
       3
       6
       6
       7
       4
       4
       2
       3
       6
       3
       4
       7
       5
       5
       9
       6
       5
       5
       6
       5
       9
       5
       4
       5
       2
       2
       5
       3
       7
       2
       6
       1
       2
       4
       4
       4
       4
       2
       3
       4
       3
       1
       3
       6
       3
       3
       8
       3
       3
       4
       8
       2
       5
       0
       3
       4
       1
       3
       6
       3
       1
       5
       3
       6
       5
       3
       2
       3
       0
       5
       4
       4
       3
       2
       3
       2
       2
       3
       3
       2
       2
       1
       3
       3
       2
       6
       6
       1
       2
       3
       6
       1
       1
       3
       2
       3
       2
       1
       2
       1
       3
       3
       1
       3
       2
       1
       1
       2
       5
       3
       3
       3
       1
       0
       2
       3
       2
       1
       4
       2
       4
       6
       6
       1
       5
       5
       2
       0
       2
       0
       3
       3
       4
       2
       5
       1
       3
       4
       0
       4
       2
       3
       6
       0
       6
       3
       6
       1
       3
       2
       4
       1
       2
       4
       3
       1
       1
       5
       3
       2
       3
       2
       3
       2
       4
       2
       0
       2
       3
       4
       2
       4
       2
       2
       5
       0
       1
       0
       3
       3
       0
       1
       5
       2
       5
       3
       2
       2
       2
       4
       2
       2
       3
       3
       2
       0
       4
       5
       1
       5
       2
       1
       4
       1
       2
       4
       0
       3
       4
       5
       4
       1
       3
       1
       5
       2
       2
       3
       1
       6
       4
       3
       4
       3
       1
       4
       2
       5
       4
       7
       3
       5
       3
       2
       2
       1
       3
       4
       4
       0
       2
       5
       3
       0
       3
       0
       6
       3
       1
       4
       2
       5
       3
       0
       2
       2
       2
       6
       4
       2
       5
       2
       0
       2
       2
       3
       2
       3
       2
       4
       3
       1
       3
       3
       4
       5
       2
       4
       4
       2
       4
       3
       6
       4
       2
       7
       4
       5
       2
       5
       6
       5
       3
       2
       6
       3
       1
       2
       2
       0
       2
       2
       5
       5
       3
       0
       0
       4
       3
       2
       3
       3
       4
       5
       3
       6
       3
       2
       3
       2
       2
       1
       3
       2
       6
       3
       2
       3
       2
       0
       6
       3
       1
       1
       2
       1
       3
       3
       3
       2
       3
       6
       2
       4
       4
       2
       0
       1
       1
       1
       0
       2
       2
       3
       0
       2
       1
       2
       2
       3
       6
       1
       1
       0
       2
       5
       0
       3
       1
       1
       5
       2
       2
       3
       4
       4
       3
       3
       8
       3
       3
       2
       2
       3
       3
       3
       4
       3
       0
       2
       2
       3
       1
       0
       3
       2
       2
       1
       1
       2
       3
       2
       3
       6
       1
       2
       3
       7
       0
       1
       6
       3
       6
       2
       6
       4
       4
       4
       2
       6
       4
       1
       2
       0
       3
       1
       1
       2
       2
       2
       5
       2
       0
       1
       0
       3
       2
       2
       3
       9
       3
       3
       5
       3
       6
       2
       7
       2
       8
      12
       9
      12
      13
       8
      11
       8
       9
       7
       5
       4
       8
       6
       3
       4
       2
       6
       7
       1
       1
       2
       4
       4
       0
       5
       2
       3
       5
       4
       3
       4
       4
       2
       2
       4
       3
       1
       0
       3
       0
       3
       0
       1
       2
       4
       2
       4
       1
       1
       6
       1
       2
       2
       6
       1
       2
       0
       3
       6
       2
       3
       4
       2
       1
       2
       3
       1
       5
       3
       0
       4
       0
       2
       4
       1
       1
       3
       2
       2
       3
       4
       4
       2
       2
       3
       2
       2
       3
       8
       2
       5
       3
       4
       6
       4
       4
       0
       2
       3
       3
       4
       0
       1
       3
       1
       1
       3
       4
       1
       1
       3
       2
       1
       4
       1
       0
       2
       5
       1
       2
       2
       2
       2
       2
       3
       2
       2
       3
       0
       2
       2
       1
       1
       5
       4
       2
       3
       2
       2
       2
       2
       2
       2
       1
       1
       1
       3
       1
       3
       4
       4
       3
       1
       3
       2
       5
       4
       4
       9
       4
       4
       6
      14
      10
      13
      13
      19
      15
      18
      29
      26
      21
      22
      19
      18
      16
       9
      11
       6
       7
       6
       8
       3
       1
       3
       3
       2
       1
       1
       1
       6
       1
       2
       2
       4
       4
       1
       1
       7
       3
       6
       3
       1
       1
       3
       1
       2
       3
       1
       3
       2
       3
       2
       1
       5
       0
       3
       1
       1
       3
       2
       2
       2
       1
       1
       2
       4
       4
       5
       1
       1
       1
       0
       7
       1
       3
       2
       5
       5
       5
       1
       5
       4
       5
       1
       3
       3
       5
       4
       6
       9
       6
      15
      13
      18
      20
      27
      24
      29
      31
      21
      32
      31
      30
      28
      32
      24
      28
      15
      11
      16
       5
       4
       4
       1
       1
       2
       2
       2
       2
       0
       1
       1
       3
       3
       3
       3
       0
       2
       2
       2
       3
       5
       2
       3
       2
       5
       2
       4
       0
       1
       3
       0
       1
       1
       0
       1
       3
       1
       8
       2
       0
       6
       2
       1
       3
       0
       2
       2
       6
       2
       1
       3
       3
       1
       1
       2
       1
       0
       1
       2
       0
       2
       1
       4
       3
       0
       0
       4
       5
       2
       2
       7
       8
       6
       7
       8
      16
      14
      10
      20
      28
      29
      49
      50
      56
      89
      62
      85
     100
      74
      97
      68
      67
      59
      40
      37
      24
      21
      10
       9
       6
       2
       7
       3
       4
       2
       3
       0
       3
       1
       3
       1
       3
       0
       2
       1
       0
       2
       3
       0
       2
       2
       2
       2
       3
       3
       4
       1
       1
       1
       0
       1
       2
       4
       2
       4
       3
       1
       1
       1
       1
       1
       5
       0
       6
       0
       3
       1
       4
       2
       2
       3
       2
       2
       0
       5
       1
       2
       1
       3
       0
       2
       5
       2
       2
       3
       3
       2
       2
       6
       2
       1
       2
       3
       1
       1
       1
       1
       2
       3
       3
       1
       2
       4
       2
       1
       1
       1
       0
       2
       4
       0
       3
       0
       1
       2
       2
       1
       2
       2
       3
       2
       3
       1
       2
       6
       1
       1
       2
       0
       3
       1
       3
       3
       3
       5
       1
       4
       0
       2
       3
       6
       2
       1
       0
       4
       1
       3
       1
       5
       1
       1
       4
       0
       2
       1
       2
       2
       3
       1
       1
       1
       0
       4
       4
       2
       1
       1
       2
       3
       4
       4
       3
       1
       1
       3
       1
       0
       6
       2
       0
       3
       0
       0
       4
       1
       5
       2
       2
       3
       3
       4
       3
       6
       5
       1
       2
       3
       8
       2
       3
       3
       3
       2
       1
       4
       1
       2
       2
       1
       3
       4
       1
       1
       4
       1
       0
       2
       4
       3
       2
       3
       1
       2
       2
       1
       3
       2
       2
       1
       6
       2
       3
       0
       3
       6
       3
       2
       6
       7
       3
       0
      10
       5
       7
       4
       5
       6
       0
       6
       5
       2
       2
       7
       3
       3
       7
       5
       7
       8
      12
       7
       8
      10
      10
       8
      17
      17
      12
      16
      17
      13
      18
      14
      15
      15
      15
       7
      12
       8
      13
       2
       4
       6
       2
       7
       4
       6
       3
       1
       3
       4
       3
       3
       1
       0
       3
       2
       0
       1
       3
       4
       2
       2
       2
       1
       0
       4
       2
       0
       6
       3
       3
       1
       1
       2
       4
       2
       4
       3
       0
       3
       3
       6
       0
       4
       1
       2
       1
       2
       3
       2
       2
       1
       3
       3
       2
       2
       2
       2
       4
       2
       3
       1
       0
       7
       2
       1
       2
       3
       1
       2
       3
       2
       5
       6
       2
       0
       3
       0
       2
       3
       2
       4
       0
       3
       4
       2
       6
       0
       2
       2
       5
       3
       3
       4
       1
       0
       2
       2
       5
       3
       4
       2
       4
       0
       3
       8
       2
       2
       3
       3
       5
       3
       4
       5
       3
       7
       4
      10
       6
       5
       3
       9
       7
       7
       4
       1
       4
       2
       3
       4
       2
       0
       2
       2
       2
       6
       4
       2
       1
       3
       1
       0
       1
       5
       4
       1
       2
       3
       2
       1
       2
       1
       1
       2
       0
       4
       2
       3
       3
       3
       3
       0
       1
       1
       1
       5
       4
       0
       1
       3
       3
       0
       4
       2
       3
       4
       3
       1
       5
       1
       4
       2
       1
       2
       2
       1
       3
       2
       7
       3
       8
       4
       1
       3
       5
       4
       3
       1
       4
       1
       3
       3
       4
       2
       1
       3
       3
       2
       2
       1
       5
       2
       3
       3
       4
       4
       4
       1
       4
       3
       2
       2
       3
       4
       1
       2
       0
       1
       1
       5
       4
       2
       4
       2
       1
       2
       4
       2
       6
       4
       1
       6
       2
       2
       4
       0
       5
       2
       5
       3
       3
       2
       4
       2
       3
       1
       5
       5
       7
       4
       4
       1
       2
       0
       0
       1
       3
       1
       2
       2
       1
       3
       3
       2
       5
       2
       1
       1
       3
       1
       1
       1
       1
       3
       2
       4
       1
       2
       3
       1
       0
       4
       0
       5
       5
       1
       4
       3
       2
       2
       0
       3
       5
       6
       3
       5
       2
       1
       3
       0
       3
       3
       1
       1
       3
       2
       3
       0
       0
       4
       2
       3
       4
       2
       2
       0
       6
       7
       1
       2
       4
       4
       3
       3
       6
       3
       3
       3
       3
       2
       1
       2
       4
       2
       1
       0
       2
       2
       2
       5
       3
       1
       2
       3
       5
       3
       2
       0
       1
       3
       1
       4
       1
       0
       1
       2
       4
       4
       1
       2
       2
       1
       1
       2
       5
       3
       3
       1
       0
       3
       5
       2
       3
       1
       2
       6
       1
       1
       2
       1
       4
       1
       3
       2
       2
       4
       1
       1
       3
       4
       1
       3
       3
       1
       2
       6
       2
       0
       2
       1
       1
       5
       6
       2
       2
       1
       0
       3
       2
       4
       3
       3
       0
       4
       3
       4
       3
       1
       1
       3
       1
       1
       6
       1
       5
       1
       1
       3
       3
       3
       1
       1
       2
       3
       1
       2
       0
       6
       4
       3
       5
       8
       5
       7
       6
       1
       5
       8
       5
       2
       4
       3
       3
       5
       2
       3
       2
       5
       3
       3
       2
       3
       5
       6
       3
       0
       0
       1
       0
       0
       0
       2
       6
       3
       6
       3
       3
       0
       5
       4
       3
       2
       3
       2
       4
       1
       2
       3
       2
       9
       0
       2
       2
       0
       1
       2
       1
       2
       3
       2
       4
       1
       1
       4
       2
       2
       1
       2
       5
       2
       0
       2
       4
       2
       1
       4
       3
       3
       2
       4
       2
       3
       2
       1
       4
       3
       5
       3
       6
       1
       1
       4
       2
       1
       1
       1
       4
       2
       1
       4
       4
       3
       1
       4
       4
       2
       1
       2
       3
       3
       9
       4
       4
       5
       3
       4
       4
       1
       2
       1
       1
       4
       3
       4
       3
       3
       2
       1
       1
       5
       2
       2
       2
       2
       1
       3
       1
       1
       4
       4
       5
       1
       5
       3
       1
       3
       6
       3
       3
       1
       3
       2
       2
       1
       3
       5
       3
       2
       3
       3
       5
       1
       6
       7
       5
       4
       4
       7
       9
       8
       6
       4
       8
       8
       2
       2
       3
       3
       0
       5
       1
       3
       3
       2
       2
       5
       1
       5
       3
       8
       1
       0
       2
       0
       2
       1
       5
       0
       1
       2
       2
       4
       3
       0
       1
       1
       2
       4
       5
       1
       0
       2
       4
       6
       3
       2
       2
       3
       4
       4
       2
       1
       4
       4
       1
       3
       3
       0
       0
       8
       2
       3
       5
       4
       2
       1
       0
       2
       1
       3
       1
       5
       2
       2
       5
       3
       5
       4
       3
       5
       5
       1
       4
       1
       6
       3
       2
       3
       8
       8
      11
       7
       7
       8
       4
       8
       4
       6
       4
       6
       3
       3
       4
       6
       2
       5
       4
       3
       2
       2
       6
       3
       2
       2
       6
       0
       0
       0
       3
       2
       5
       3
       2
       3
       4
       2
       0
       3
       3
       4
       3
       5
       0
       6
       1
       1
       7
       6
       7
       6
       5
       3
       3
       5
       2
       2
       5
       1
       3
       2
       5
       1
       9
       5
       3
       4
       2
       5
       5
       5
       1
       5
       3
       4
       1
       3
       2
       3
       2
       3
       1
       2
       5
       1
       0
       1
       4
       1
       3
       6
       4
       3
       4
       1
       1
       2
       4
       6
       2
       3
       7
       1
       4
       3
       2
       2
       6
       2
       4
       0
       3
       5
       1
       1
       3
       4
       4
       2
       7
       4
       0
       8
       6
       3
       5
       4
       3
       6
       1
       4
       3
       2
       3
       2
       3
       2
       3
       3
       2
       2
       1
       1
       2
       4
       2
       1
       3
       5
       2
       2
       2
       2
       1
       4
       0
       9
       1
       1
       3
       1
       5
       2
       0
       2
       6
       1
       0
       0
       0
       4
       2
       3
       3
       6
       3
       4
       4
       7
       3
       6
       6
       3
       2
       3
       3
       1
       2
       3
       2
       2
       2
       4
       2
       5
       2
       1
       7
       3
       3
       3
       2
       1
       7
       3
       6
       2
       7
       3
       2
       5
       3
       3
       3
       3
       3
       3
       3
       3
       8
       8
       3
       6
       3
       5
       8
       5
       8
       4
       3
       4
       3
       3
       1
       5
       3
       0
       3
       3
       5
       3
       2
       3
       4
       1
       4
       3
       4
       3
       0
       4
       2
       6
       3
       1
       2
       2
       1
       3
       1
       2
       4
       3
       2
       2
       1
       2
       3
       3
       1
       2
       3
       2
       3
       0
       3
       2
       2
       3
       4
       6
       3
       3
       6
       2
       0
       3
       2
       3
       2
       2
       3
       6
       0
       1
       2
       3
       2
       5
       3
       1
       2
       0
       4
       1
       6
       3
       3
       3
       6
       1
       1
       2
       0
       3
       5
       3
       5
       1
       2
       1
       5
       4
       5
       4
       3
       4
       9
       6
       1
       3
       2
       4
       2
       5
       3
       5
       3
       4
       4
       4
       2
       3
       1
       4
       1
       4
       1
       1
       1
       3
       1
       1
       7
       0
       3
       3
       1
       5
       4
       3
       3
       2
       3
       1
       5
       2
       1
       0
       3
       2
       1
       2
       4
       0
       4
       3
       4
       5
       1
       4
       3
       2
       2
       7
       2
       4
       2
       2
       3
       1
       2
       2
       5
       1
       7
       3
       4
       4
       2
       2
       3
      10
       2
       3
       3
       5
       3
       3
       3
       5
       5
       6
       1
       0
       1
       3
       0
       2
       2
       5
       2
       1
       6
       1
       2
       3
       1
       2
       6
       4
       6
       5
       1
       4
       3
       5
       6
       3
       4
       3
       4
       5
       5
       1
       1
       2
       4
       7
       3
       2
       3
       1
       2
       3
       2
       5
       6
       3
       5
       2
       3
       2
       3
       1
       1
       5
       2
       2
       2
       2
       4
       6
       1
       4
       5
       3
       1
       3
       6
       2
       3
       5
       4
       4
       3
       2
       6
       2
       3
       4
       4
       1
       3
       4
       4
       4
       3
       2
       0
       2
       3
       2
       4
       4
       5
       4
       4
       4
       3
       2
       7
       1
       1
       3
       1
       3
       4
       1
       2
       4
       4
       2
       3
       2
       1
       3
       3
       1
       5
       3
       2
       3
       2
       2
       6
       3
       3
       8
       5
       4
       4
       5
       6
       1
       1
       4
       6
       3
       1
       4
       2
       2
       2
       0
       6
       4
       4
       2
       4
       3
       2
       4
       1
       4
       2
       1
       7
       4
       3
       7
       3
       6
       2
       5
       5
       1
       6
       2
       0
       6
       5
       6
       6
       3
       2
       1
       6
       3
       1
       2
       6
       2
       2
       2
       4
       1
       0
       5
       4
       4
       3
       0
       6
       2
       1
       3
       2
       3
       5
       5
       2
       5
       6
       2
       3
       2
       5
       2
       3
       5
       2
       3
       3
       3
       4
       0
       2
       1
       1
       2
       3
       3
       3
       1
       5
       4
       3
       3
       7
       4
       4
       6
       3
       6
       4
       3
       2
       1
       5
       1
       1
       4
       4
       6
       5
       4
       1
       4
       4
       2
       2
       7
       1
       4
       5
       3
       1
       5
       4
       1
       2
       6
       4
       2
       5
       3
       4
       6
       6
       5
       8
       1
       3
       4
       2
       3
       1
       8
       1
       2
       2
       2
       0
       1
       1
       5
       1
       3
       3
       3
       1
       3
       1
       1
       2
       3
       4
       4
       2
       1
       4
       1
       3
       5
       4
       4
       2
       5
       3
       4
       3
       0
       7
       5
       4
       0
       4
       4
       2
       1
       1
       3
       2
       2
       0
       1
       3
       5
       1
       1
       4
       3
       3
       4
       2
       1
       2
       2
       2
       3
       1
       5
       3
       4
       0
       2
       1
       2
       2
       1
       2
       1
       4
       3
       2
       4
       3
       0
       2
       7
       4
       2
       1
       3
       3
       1
       0
       2
       3
       2
       3
       6
       4
       3
       0
       2
       0
       2
       1
       3
       1
       3
       2
       3
       4
       2
       6
       1
       3
       4
       1
       1
       3
       2
       0
       1
       3
       3
       4
       3
       3
       4
       2
       3
       3
       1
       2
       2
       2
       3
       2
       5
       1
       0
       3
       4
       4
       2
       3
       8
       3
       1
       3
       3
       3
       4
       2
       5
       3
       4
       1
       5
       1
       4
       0
       4
       6
       1
       5
       3
       2
       4
       3
       2
       1
       6
       0
       4
       5
       1
       1
       3
       2
       4
       1
       1
       1
       3
       1
       3
       0
       5
       1
       1
       2
       1
       4
       1
       6
       3
       3
       1
       3
       1
       3
       2
       3
       1
       2
       0
       2
       2
       1
       2
       3
       3
       3
       3
       2
       2
       3
       1
       0
       0
       4
       1
       4
       4
       3
       1
       3
       1
       3
       0
       1
       1
       0
       5
       2
       1
       1
       3
       2
       2
       1
       2
       1
       3
       1
       2
       1
       3
       0
       2
       4
       2
       3
       1
       1
       3
       0
       3
       3
       1
       2
       4
       1
       4
       4
       8
       3
       1
       4
       2
       3
       4
       4
       4
       3
       1
       1
       0
       1
       1
       3
       5
       4
       2
       1
       2
       4
       1
       0
       4
       6
       3
       4
       2
       0
       0
       4
       2
       6
       3
       3
       1
       3
       4
       0
       6
       6
       5
       0
       4
       0
       4
       4
       2
       3
       0
       1
       1
       3
       1
       6
       1
       2
       3
       0
       0
       1
       4
       1
       1
       3
       1
       1
       2
       1
       0
       0
       4
       2
       5
       0
       2
       3
       4
       0
       2
       9
       3
       3
       1
       7
       3
       3
       4
       5
       2
       2
       2
       2
       3
       2
       1
       2
       1
       3
       3
       0
       3
       3
       2
       2
       1
       3
       1
       0
       1
       5
       1
       5
       2
       3
       3
       1
       2
       1
       0
       3
       2
       2
       3
       4
       3
       1
       1
       2
       2
       1
       3
       3
       3
       0
       3
       3
       3
       4
       3
       5
       2
       3
       1
       1
       0
       3
       2
       3
       2
       3
       2
       3
       3
       1
       5
       2
       1
       3
       3
       1
       3
       1
       0
       1
       3
       2
       3
       1
       1
       2
       2
       4
       1
       1
       1
       2
       2
       2
       0
       2
       1
       3
       0
       1
       2
       3
       2
       2
       0
       0
       2
       2
       2
       3
       3
       5
       1
       1
       5
       3
       4
       1
       1
       1
       4
       3
       1
       3
       1
       2
       1
       0
       5
       4
       2
       4
       2
       1
       3
       2
       1
       2
       5
       5
       1
       0
       0
       2
       1
       0
       0
       1
       1
       2
       1
       0
       3
       1
       2
       0
       1
       1
       2
       2
       1
       2
       3
       4
       3
       1
       0
       1
       1
       2
       0
       3
       1
       2
       2
       5
       2
       2
       4
       2
       3
       2
       3
       2
       0
       1
       2
       1
       1
       2
       0
       4
       4
       1
       2
       1
       1
       1
       1
       0
       3
       1
       1
       3
       2
       3
       4
       7
       1
       4
       1
       3
       1
       2
       3
       1
       2
       0
       3
       4
       1
       1
       3
       0
       3
       3
       1
       0
       0
       4
       0
       6
       2
       1
       2
       1
       0
       0
       2
       6
       1
       0
       2
       1
       1
       1
       0
       1
       1
       1
       1
       1
       0
       1
       1
       5
       2
       2
       3
       3
       0
       2
       1
       2
       0
       3
       3
       3
       3
       5
       4
       5
       4
       2
       0
       2
       1
       0
       1
       1
       2
       1
       2
       0
       3
       0
       0
       1
       1
       3
       3
       1
       2
       1
       2
       1
       1
       8
       1
       2
       0
       3
       2
       2
       2
       2
       2
       2
       1
       3
       1
       2
       1
       3
       0
       1
       1
       0
       0
       1
       1
       2
       2
       0
       1
       6
       0
       2
       1
       1
       3
       2
       2
       2
       2
       0
       2
       1
       1
       3
       0
       0
       1
       3
       0
       1
       3
       3
       0
       2
       3
       0
       1
       1
       1
       1
       2
       3
       3
       3
       0
       3
       2
       3
       0
       1
       1
       4
       3
       0
       2
       0
       1
       1
       1
       0
       2
       2
       1
       2
       1
       0
       2
       0
       2
       4
       0
       0
       1
       1
       3
       3
       0
       0
       1
       0
       4
       0
       1
       0
       2
       1
       2
       1
       0
       0
       2
       1
       1
       2
       0
       1
       2
       3
       1
       1
       4
       3
       3
       0
       3
       5
       2
       3
       2
       2
       2
       1
       0
       3
       1
       1
       4
       1
       1
       2
       2
       1
       0
       1
       0
       1
       3
       2
       1
       4
       1
       1
       1
       1
       0
       1
       3
       0
       2
       2
       2
       3
       1
       0
       3
       3
       2
       1
       2
       0
       2
       1
       2
       2
       1
       1
       0
       3
       1
       1
       3
       0
       2
       3
       0
       1
       3
       2
       3
       0
       2
       1
       1
       2
       4
       2
       1
       2
       1
       2
       2
       1
       2
       3
       2
       0
       2
       2
       3
       2
       2
       1
       1
       0
       1
       0
       2
       0
       1
       1
       1
       4
       1
       1
       3
       2
       1
       3
       2
       3
       2
       1
       1
       2
       0
       1
       3
       0
       1
       3
       3
       0
       0
       1
       1
       2
       1
       1
       2
       1
       0
       1
       3
       1
       1
       3
       1
       2
       0
       3
       2
       1
       2
       2
       1
       1
       0
       1
       1
       1
       1
       2
       2
       2
       1
       0
       0
       0
       1
       3
       1
       2
       2
       2
       3
       2
       3
       0
       2
       0
       1
       0
       1
       3
       0
       1
       0
       0
       2
       1
       0
       1
       3
       1
       1
       1
       1
       3
       0
       1
       1
       2
       0
       1
       0
       1
       0
       1
       1
       1
       1
       0
       1
       1
       1
       1
       0
       2
       1
       4
       0
       2
       3
       2
       1
       1
       1
       0
       3
       3
       0
       1
       1
       0
       1
       3
       0
       3
       1
       2
       1
       1
       3
       1
       0
       3
       1
       3
       2
       0
       2
       3
       0
       2
       3
       0
       3
       0
       1
       3
       3
       0
       1
       1
       1
       3
       1
       1
       4
       0
       1
       0
       2
       0
       1
       1
       1
       0
       2
       2
       0
       2
       2
       1
       0
       2
       3
       2
       1
       0
       1
       2
       2
       1
       0
       2
       3
       3
       1
       2
       2
       2
       2
       1
       2
       3
       2
       0
       0
       2
       1
       2
       2
       0
       1
       2
       0
       0
       2
       0
       0
       1
       0
       2
       2
       0
       2
       1
       0
       2
       0
       1
       4
       1
       1
       1
       1
       3
       2
       2
       2
       2
       0
       2
       3
       1
       0
       0
       1
       1
       2
       1
       1
       0
       2
       0
       0
       2
       1
       2
       2
       3
       1
       1
       2
       1
       2
       3
       2
       2
       2
       4
       4
       2
       3
       5
       6
       2
       3
       7
       9
      10
      21
      22
      10
      26
      28
      24
      54
      34
      70
      75
      89
     109
      96
     120
     122
     131
     146
     136
     101
     101
      94
      93
      74
      50
      42
      29
      23
      20
      10
       6
       4
       2
       5
       1
       3
       0
       0
       2
       1
       0
       1
       2
       3
       0
       0
       2
       0
       3
       2
       0
       2
       2
       1
       3
       0
       1
       2
       2
       1
       0
       0
       1
       2
       0
       0
       0
       0
       0
       0
       3
       2
       0
       2
       0
       2
       2
       0
       1
       1
       4
       1
       0
       0
       2
       3
       2
       1
       1
       3
       0
       4
       4
       3
       4
       2
       4
       3
       4
       5
       4
       3
       4
       3
       0
       3
       4
       3
       2
       0
       2
       2
       2
       2
       4
       2
       1
       6
       0
       4
       1
       2
       0
       0
       0
       0
       5
       0
       4
       0
       2
       1
       1
       3
       1
       4
       0
       1
       0
       0
       2
       1
       4
       3
       3
       2
       0
       3
       0
       1
       0
       3
       0
       0
       1
       2
       3
       1
       0
       0
       2
       2
       4
       2
       0
       2
       1
       3
       0
       0
       0
       2
       1
       0
       0
       1
       0
       1
       0
       1
       2
       1
       2
       2
       0
       1
       2
       0
       3
       1
       2
       1
       1
       0
       0
       0
       2
       0
       0
       0
       0
       3
       0
       3
       0
       2
       1
       1
       1
       2
       6
       0
       1
       1
       0
       2
       3
       0
       2
       2
       1
       2
       1
       0
       0
       0
       2
       1
       0
       1
       3
       1
       0
       0
       1
       1
       1
       0
       0
       0
       2
       1
       1
       1
       1
       2
       0
       1
       0
       0
       1
       1
       1
       0
       0
       1
       0
       0
       1
       1
       1
       1
       2
       0
       0
       1
       1
       1
       2
       1
       1
       1
       1
       0
       1
       0
       2
       0
       2
       1
       0
       1
       2
       2
       0
       0
       1
       2
       1
       1
       1
       3
       0
       3
       1
       0
       3
       0
       2
       2
       1
       0
       2
       1
       2
       1
       1
       3
       2
       0
       0
       0
       1
       3
       0
       0
       2
       0
       0
       1
       1
       0
       2
       1
       2
       0
       1
       0
       1
       1
       1
       2
       0
       0
       0
       1
       1
       1
       3
       2
       1
       0
       3
       0
       1
       2
       2
       0
       1
       1
       2
       1
       1
       3
       1
       1
       1
       2
       1
       0
       0
       0
       0
       0
       2
       2
       2
       2
       2
       1
       3
       3
       1
       1
       2
       2
       2
       2
       2
       0
       1
       2
       1
       2
       1
       0
       1
       1
       0
       5
       0
       0
       1
       2
       1
       1
       2
       4
       4
       1
       0
       2
       2
       1
       0
       0
       2
       0
       1
       0
       1
       1
       0
       0
       3
       2
       0
       1
       1
       1
       1
       1
       0
       1
       1
       2
       0
       1
       0
       0
       1
       0
       0
       2
       2
       1
       3
       0
       2
       2
       2
       1
       1
       1
       0
       1
       0
       1
       1
       2
       1
       2
       0
       0
       0
       1
       2
       1
       4
       2
       2
       3
       2
       1
       3
       1
       0
       2
       2
       3
       2
       3
       5
       3
       1
       3
       7
       5
       3
       5
       4
       5
       2
       6
       2
       4
       2
       4
       3
       1
       2
       4
       3
       1
       3
       2
       0
       1
       0
       2
       1
       1
       0
       0
       1
       0
       0
       0
       2
       3
       2
       2
       0
       1
       2
       2
       0
       0
       0
       0
       2
       2
       1
       1
       0
       2
       3
       2
       1
       1
       0
       4
       1
       1
       0
       2
       2
       2
       1
       2
       1
       2
       3
       1
       3
       2
       0
       1
       2
       0
       1
       1
       1
       1
       0
       1
       2
       0
       1
       0
       2
       1
       1
       0
       1
       1
       3
       2
       2
       1
       2
       0
       1
       0
       1
       2
       3
       0
       2
       2
       1
       0
       3
       1
       0
       1
       0
       2
       1
       1
       0
       0
       2
       1
       2
       2
       0
       1
       1
       1
       0
       1
       3
       1
       1
       1
       1
       0
       1
       0
       0
       1
       0
       1
       0
       1
       2
       0
       1
       0
       0
       1
       0
       1
       1
       2
       0
       1
       2
       3
       1
       2
       0
       1
       0
       0
       0
       2
       2
       1
       2
       1
       2
       1
       2
       4
       2
       1
       0
       1
       1
       0
       0
       0
       2
       2
       1
       1
       1
       0
       0
       1
       0
       1
       1
       1
       2
       0
       0
       2
       0
       0
       3
       2
       3
       0
       0
       1
       0
       0
       1
       2
       0
       1
       0
       1
       1
       2
       3
       2
       1
       0
       2
       0
       0
       1
       0
       2
       2
       0
       4
       1
       0
       0
       0
       1
       0
       1
       0
       0
       1
       0
       0
       1
       2
       2
       3
       1
       1
       0
       4
       2
       4
       1
       0
       2
       5
       3
       6
       9
       6
       4
       7
       2
       9
      12
       7
       6
      10
       9
      11
       7
       4
      11
       6
       3
       2
       6
       5
       2
       2
       2
       3
       3
       1
       2
       0
       0
       1
       3
       0
       3
       1
       1
       2
       0
       1
       0
       2
       2
       1
       1
       1
       0
       0
       0
       1
       0
       1
       1
       0
       1
       0
       1
       2
       2
       4
       1
       5
       1
       0
       1
       0
       1
       2
       2
       0
       0
       3
       1
       0
       3
       3
       1
       0
       0
       5
       1
       0
       1
       2
       2
       2
       1
       2
       4
       1
       3
       2
       0
       2
       4
       1
       1
       2
       2
       1
       2
       2
       0
       2
       4
       3
       3
       4
       2
       1
       3
       4
       0
       3
       0
       2
       1
       3
       3
       3
       1
       3
       2
       1
       1
       0
       1
       2
       2
       3
       1
       2
       1
       1
       1
       3
       3
       0
       0
       2
       2
       1
       1
       1
       3
       2
       0
       0
       2
       1
       1
       1
       2
       1
       3
       2
       1
       0
       1
       1
       1
       1
       1
       3
       4
       0
       4
       3
       1
       0
       0
       2
       1
       0
       1
       1
       4
       2
       1
       2
       2
       1
       1
       1
       0
       1
       0
       1
       1
       1
       0
       1
       2
       1
       0
       1
       0
       1
       1
       1
       0
       0
       0
       1
       0
       2
       2
       1
       2
       0
       1
       2
       1
       2
       2
       1
       1
       1
       2
       0
       2
       0
       3
       1
       1
       0
       2
       1
       0
       3
       3
       1
       2
       1
       2
       0
       1
       3
       4
       0
       2
       1
       0
       4
       0
       2
       1
       1
       1
       1
       1
       0
       0
       3
       1
       1
       0
       1
       3
       0
       1
       1
       2
       1
       1
       2
       1
       1
       1
       3
       0
       1
       0
       3
       1
       0
       0
       5
       0
       2
       1
       1
       2
       1
       1
       2
       3
       1
       2
       1
       1
       1
       2
       2
       0
       1
       1
       1
       3
       0
       2
       1
       1
       2
       2
       1
       1
       1
       3
       2
       1
       3
       1
       5
       1
       2
       2
       0
       4
       2
       1
       3
       0
       1
       0
       2
       2
       2
       0
       2
       2
       2
       0
       1
       2
       3
       0
       0
       0
       3
       1
       1
       2
       2
       0
       2
       0
       2
       1
       1
       0
       3
       4
       0
       2
       1
       2
       2
       0
       0
       1
       2
       1
       0
       0
       1
       0
       1
       2
       2
       1
       1
       2
       0
       4
       0
       3
       1
       0
       2
       3
       0
       1
       1
       3
       2
       0
       0
       0
       0
       1
       1
       0
       3
       0
       1
       2
       4
       1
       1
       2
       2
       2
       2
       2
       4
       0
       1
       2
       0
       1
       1
       2
       2
       1
       3
       3
       3
       2
       2
       0
       0
       0
       1
       1
       2
       0
       1
       0
       0
       1
       2
       3
       2
       3
       4
       1
       4
       1
       0
       0
       1
       2
       1
       1
       1
       1
       1
       0
       2
       2
       1
       5
       1
       0
       1
       1
       1
       1
       0
       0
       2
       2
       0
       0
       1
       2
       1
       0
       0
       2
       1
       2
       1
       0
       1
       1
       0
       1
       2
       2
       1
       1
       1
       1
       1
       3
       0
       0
       0
       0
       3
       4
       0
       0
       2
       1
       2
       4
       0
       1
       0
       2
       2
       0
       2
       1
       1
       0
       1
       1
       4
       0
       3
       0
       0
       0
       1
       1
       2
       0
       2
       2
       2
       3
       0
       2
       3
       1
       2
       0
       0
       3
       1
       4
       2
       0
       4
       1
       1
       0
       3
       2
       1
       2
       0
       1
       1
       0
       1
       2
       1
       0
       1
       3
       1
       1
       0
       0
       1
       1
       1
       4
       1
       0
       1
       1
       2
       0
       0
       1
       0
       1
       1
       0
       0
       1
       4
       2
       1
       1
       4
       4
       5
       0
       1
       0
       1
       2
       2
       0
       1
       2
       0
       1
       1
       0
       4
       2
       0
       2
       2
       0
       0
       0
       1
       2
       1
       0
       2
       2
       2
       0
       2
       2
       0
       2
       0
       3
       0
       1
       2
       0
       1
       0
       1
       1
       2
       1
       1
       2
       2
       1
       2
       2
       1
       1
       3
       1
       0
       1
       2
       0
       1
       0
       1
       1
       0
       1
       2
       1
       1
       1
       1
       0
       0
       2
       1
       3
       3
       1
       3
       1
       3
       0
       2
       1
       3
       1
       0
       1
       0
       1
       0
       2
       0
       2
       0
       1
       1
       1
       0
       2
       1
       0
       0
       1
       1
       2
       0
       1
       1
       2
       0
       1
       2
       1
       0
       0
       1
       0
       3
       2
       1
       2
       2
       4
       5
       0
       3
       2
       1
       2
       1
       4
       3
       1
       0
       1
       1
       2
       1
       1
       1
       2
       0
       0
       0
       3
       2
       0
       2
       0
       0
       1
       4
       3
       3
       1
       0
       2
       1
       1
       4
       1
       0
       2
       0
       1
       2
       2
       0
       3
       3
       1
       3
       2
       1
       1
       0
       0
       2
       1
       3
       1
       3
       1
       1
       0
       1
       0
       2
       1
       0
       2
       2
       0
       0
       2
       0
       2
       2
       1
       1
       3
       1
       1
       1
       1
       0
       1
       3
       2
       1
       1
       4
       1
       2
       0
       0
       1
       2
       1
       0
       0
       1
       2
       2
       3
       1
       3
       1
       4
       2
       2
       4
       1
       3
       3
       1
       1
       1
       0
       1
       2
       3
       3
       2
       0
       2
       1
       0
       0
       2
       1
       2
       1
       3
       1
       2
       1
       1
       1
       0
       1
       0
       0
       1
       1
       4
       1
       1
       0
       1
       2
       1
       2
       3
       0
       0
       1
       2
       1
       1
       1
       0
       2
       0
       1
       2
       2
       3
       1
       2
       0
       2
       1
       2
       1
       1
       3
       0
       2
       3
       1
       0
       0
       0
       0
       0
       2
       0
       2
       1
       1
       3
       3
       3
       2
       1
       0
       1
       2
       0
       0
       1
       0
       4
       2
       1
       2
       5
       0
       2
       2
       1
       5
       0
       4
       1
       1
       1
       1
       1
       1
       2
       0
       2
       1
       1
       0
       0
       1
       0
       1
       1
       0
       1
       0
       1
       1
       0
       1
       2
       1
       3
       1
       1
       1
       1
       0
       1
       1
       1
       3
       1
       1
       1
       2
       3
       2
       1
       1
       3
       1
       1
       2
       1
       1
       3
       0
       2
       0
       1
       1
       0
       1
       3
       1
       2
       0
       1
       0
       2
       1
       2
       1
       2
       2
       0
       1
       2
       2
       5
       2
       2
       2
       3
       1
       5
       1
       3
       3
       2
       1
       7
       1
       2
       2
       1
       3
       2
       1
       0
       3
       0
       2
       2
       0
       0
       1
       0
       1
       0
       0
       1
       0
       1
       0
       1
       3
       1
       1
       1
       0
       2
       0
       0
       4
       0
       2
       3
       1
       1
       0
       1
       4
       1
       2
       0
       0
       3
       1
       1
       2
       1
       3
       4
       1
       1
       2
       2
       1
       0
       3
       2
       2
       5
       1
       0
       0
       0
       2
       3
       3
       1
       1
       0
       4
       7
       2
       0
       2
       3
       0
       1
       1
       0
       2
       2
       1
       0
       2
       1
       4
       0
       2
       0
       1
       2
       0
       0
       1
       4
       2
       4
       0
       1
       1
       2
       2
       1
       3
       0
       1
       2
       1
       1
       1
       1
       1
       1
       2
       2
       3
       3
       1
       0
       0
       1
       1
       0
       3
       4
       1
       1
       2
       1
       1
       0
       2
       1
       1
       1
       1
       2
       0
       3
       1
       1
       3
       2
       0
       2
       2
       0
       1
       1
       3
       5
       1
       1
       2
       1
       1
       1
       0
       2
       0
       3
       3
       1
       1
       1
       3
       1
       2
       2
       0
       1
       1
       2
       3
       0
       1
       2
       3
       1
       1
       2
       0
       3
       2
       1
       1
       3
       1
       1
       3
       0
       5
       1
       2
       0
       1
       1
       1
       0
       3
       0
       1
       1
       2
       3
       2
       1
       1
       1
       2
       1
       5
       3
       1
       0
       1
       0
       1
       1
       1
       0
       1
       1
       1
       2
       1
       0
       0
       1
       2
       0
       0
       1
       0
       2
       0
       3
       2
       3
       4
       0
       2
       1
       0
       1
       2
       0
       3
       1
       3
       1
       0
       2
       2
       0
       1
       4
       3
       2
       2
       0
       1
       2
       1
       1
       3
       1
       2
       2
       1
       2
       2
       1
       1
       2
       1
       0
       3
       2
       1
       5
       3
       4
       0
       1
       0
       1
       0
       2
       0
       0
       1
       0
       2
       1
       2
       3
       0
       1
       3
       0
       1
       2
       2
       0
       2
       3
       2
       1
       2
       0
       2
       0
       0
       3
       1
       0
       0
       1
       1
       2
       0
       3
       2
       1
       1
       3
       7
       5
       2
       4
       3
       9
       6
       6
      11
       5
       6
      12
       5
       8
       4
       6
       8
       4
       4
       9
       3
       3
       1
       6
       1
       2
       2
       3
       1
       0
       0
       3
       1
       2
       1
       2
       3
       1
       0
       0
       1
       2
       0
       2
       1
       0
       2
       4
       1
       2
       1
       3
       3
       1
       1
       0
       2
       0
       0
       0
       1
       1
       2
       1
       2
       0
       2
       2
       0
       1
       3
       1
       0
       1
       2
       3
       0
       1
       3
       1
       0
       0
       1
       1
       4
       1
       0
       0
       2
       0
       0
       0
       1
       0
       0
       3
       1
       0
       1
       1
       1
       0
       2
       2
       1
       0
       1
       1
       0
       1
       1
       0
       2
       5
       3
       1
       0
       0
       1
       1
       0
       3
       3
       1
       0
       3
       3
       1
       2
       0
       2
       3
       0
       3
       1
       2
       0
       7
       0
       1
       0
       1
       0
       2
       1
       1
       0
       2
       2
       0
       0
       1
       3
       2
       2
       1
       4
       0
       0
       1
       0
       1
       0
       0
       0
       1
       1
       4
       0
       3
       1
       2
       1
       1
       0
       2
       2
       0
       3
       0
       0
       2
       1
       0
       2
       1
       0
       2
       2
       4
       0
       1
       0
       1
       3
       2
       0
       1
       0
       1
       0
       1
       2
       0
       1
       3
       0
       1
       0
       1
       2
       1
       1
       1
       0
       0
       1
       1
       1
       3
       0
       1
       1
       1
       2
       2
       2
       0
       3
       3
       1
       0
       0
       1
       2
       1
       1
       0
       3
       1
       0
       3
       1
       2
       1
       1
       0
       1
       0
       1
       0
       2
       1
       2
       1
       1
       1
       0
       1
       2
       0
       0
       1
       5
       0
       0
       0
       0
       1
       1
       1
       2
       1
       1
       2
       1
       1
       1
       3
       0
       0
       0
       0
       1
       0
       2
       2
       0
       1
       1
       2
       2
       1
       0
       2
       1
       1
       0
       0
       1
       3
       0
       2
       0
       1
       0
       2
       0
       0
       1
       3
       0
       0
       1
       0
       3
       1
       1
       1
       0
       1
       2
       0
       0
       0
       3
       1
       0
       2
       2
       2
       0
       0
       1
       0
       1
       0
       2
       0
       1
       1
       0
       3
       0
       1
       1
       0
       1
       1
       3
       0
       0
       0
       1
       3
       0
       3
       2
       0
       1
       0
       1
       3
       0
       1
       1
       2
       0
       0
       2
       0
       0
       2
       2
       2
       0
       1
       1
       0
       1
       0
       0
       1
       0
       1
       1
       3
       1
       1
       1
       0
       0
       2
       0
       0
       1
       1
       0
       0
       2
       1
       1
       0
       2
       1
       3
       0
       1
       2
       1
       0
       2
       3
       0
       1
       0
       2
       0
       2
       2
       1
       0
       1
       0
       2
       0
       1
       1
       2
       0
       2
       1
       0
       0
       2
       0
       2
       1
       0
       0
       0
       0
       1
       1
       0
       2
       2
       1
       1
       1
       1
       2
       1
       0
       1
       0
       1
       0
       1
       1
       3
       2
       1
       1
       1
       2
       2
       1
       0
       1
       3
       0
       1
       2
       1
       0
       0
       3
       0
       1
       2
       1
       1
       1
       0
       0
       1
       0
       1
       0
       0
       1
       0
       0
       1
       2
       0
       2
       0
       2
       2
       0
       0
       0
       1
       4
       0
       1
       1
       1
       0
       1
       1
       0
       2
       2
       0
       2
       0
       1
       0
       0
       0
       1
       1
       0
       1
       0
       2
       0
       0
       0
       0
       3
       0
       0
       0
       1
       2
       1
       1
       0
       0
       0
       1
       2
       0
       1
       2
       2
       0
       1
       1
       1
       1
       3
       0
       1
       4
       0
       0
       0
       1
       1
       1
       0
       0
       0
       1
       1
       0
       1
       1
       0
       1
       0
       1
       1
       1
       1
       0
       1
       3
       0
       0
       0
       2
       0
       1
       1
       1
       0
       0
       1
       0
       0
       2
       1
       0
       0
       2
       2
       1
       1
       0
       0
       1
       0
       1
       1
       0
       0
       1
       2
       0
       0
       1
       0
       0
       0
       1
       0
       1
       2
       0
       1
       0
       0
       2
       0
       1
       2
       2
       0
       1
       0
       1
       1
       1
       2
       2
       0
       0
       0
       0
       1
       1
       1
       2
       2
       0
       0
       0
       2
       0
       0
       1
       0
       0
       0
       1
       0
       1
       0
       0
       0
       0
       0
       2
       0
       0
       1
       1
       0
       0
       0
       0
       0
       1
       0
       0
       1
       0
       0
       0
       1
       1
       0
       0
       0
       0
       2
       0
       0
       0
       1
       0
       0
       1
       1
       0
       0
       0
       3
       0
       2
       0
       0
       0
       0
       1
       0
       1
       0
       0
       1
       1
       0
       1
       0
       1
       1
       0
       4
       1
       0
       2
       1
       2
       0
       1
       1
       0
       0
       0
       0
       1
       0
       0
       1
       0
       0
       0
       1
       1
       0
       0
       1
       2
       0
       0
       0
       1
       4
       1
       2
       1
       0
       3
       0
       0
       0
       0
       2
       0
       0
       0
       0
       1
       0
       0
       0
       0
       1
       0
       0
       1
       1
       2
       0
       0
       0
       0
       0
       0
       0
       1
       1
       1
       0
       0
       0
       1
       0
       0
       1
       0
       0
       0
       0
       1
       0
       0
       1
       0
       0
       0
       1
       0
       2
       0
       0
       1
       0
       0
       0
       0
       1
       0
       0
       0
       0
       0
       1
       1
       0
       0
       1
       0
       0
       0
       0
       2
       2
       0
       0
       1
       0
       0
       0
       1
       2
       0
       0
       0
       0
       0
       0
       1
       0
       1
       0
       0
       0
       0
       0
       0
       1
       0
       0
       0
       0
       1
       0
       0
       0
       1
       0
       0
       1
       0
       0
       1
       0
       0
       1
       1
       0
       1
       2
       0
       0
       0
       0
       2
       0
       0
       0
       1
       2
       0
       0
       1
       0
       1
       0
       0
       1
       0
       0
       1
       1
       1
       0
       1
       0
       0
       0
       1
       0
       0
       0
       0
       0
       0
       0
       0
       1
       0
       1
       2
       1
       1
       0
       0
       1
       1
       0
       0
       0
       0
       0
       0
       0
       2
       0
       1
       1
       0
       1
       0
       0
       1
       0
       0
       1
       1
       2
       0
       1
       2
       2
       0
       1
       1
       1
       2
       1
       1
       1
       3
       5
       4
       5
       5
       3
       6
      12
       4
      12
       9
      13
      18
      14
      29
      13
      27
      20
      28
       9
       8
      14
      13
      10
       8
       5
       6
       3
       3
       1
       0
       2
       1
       1
       0
       1
       0
       0
       0
       0
       0
       0
       0
       0
       1
       0
       0
       0
       0
       1
       1
       0
       0
       0
       0
       0
       0
       1
       1
       0
       0
       0
       0
       0
       0
       0
       0
       0
       0
       0
       0
       0
       0
       0
       0
       0
       0
       1
       0
       1
       0
       0
       0
       0
       0
       0
       1
       0
       1
       0
       0
       0
       0
       0
       0
       0
       1
       0
       0
       2
       0
       0
       0
       0
       0
       1
       1
       0
       0
       0
       2
       0
       0
       0
       0
       0
       0
       0
       0
       0
       0
       0
       0
       0
       0
       0
       0
       0
       0
       0
       0
       0
       0
       0
       0
       0
       0
       0
       0
       0
       0
       0
       0
       0
       0
       0
       0
       0
       0
       0
       0
       0
       0
       0
       0
       0
       0
       0
       0
       0
       0
       0
       0
       0
       0
       0
       0
       0
       0
       0
       0
       0
       0
       0
       0
       0
       0
       0
       0
       0
       0
       0
       0
       0
       0
       0
       0
       0
       0
       0
       0
       0
       0
       0
       0
       0
       0
       0
       0
       0
       0
       0
       0
       0
       0
       0
       0
       0
       0
       0
       0
       0
       0
       0
       0
       0
       0
       0
       0
       0
       0
       0
       0
       0
       0
       0
       0
       0
       0
       0
       0
       0
       0
       0
       0
       0
       0
       0
       0
       0
       0
       0
       0
       0
       0
       0
       0
       0
       0
       0
       0
       0
       0
       0
       0
       0
       0
       0
       0
       0
       0
       0
       0
       0
       0
       0
       0
       0
       0
       0
       0
       0
       0
       0
       0
       0
       0
       0
       0
       0
       0
       0
       0
       0
       0
       0
       0
       0
       0
       0
       0
       0
       0
       0
       0
       0
       0
       0
       0
       0
       0
       0
       0
       0
       0
       0
       0
       0
       0
       0
       0
       0
       0
       0
       0
       0
       0
       0
       0
       0
       0
       0
       0
       0
       0
       0
       0
       0
       0
       0
       0
       0
       0
       0
       0
       0
       0
       0
       0
       0
       0
       0
       0
       0
       0
       0
       0
       0
       0
       0
       0
       0
       0
       0
       0
       0
       0
       0
       0
       0
       0
       0
       0
       0
       0
       0
       0
$ROI:
11
583 647
961 1022
1579 1617
1945 1972
2543 2573
3149 3192
3710 3760
4621 4695
5562 5597
6799 6831
13202 13243
$PRESETS:
None
0
0
$ENER_FIT:
0.397847 0.199192
$MCA_CAL:
3
3.978472E-001 1.991916E-001 0.000000E+000 keV
$SHAPE_CAL:
3
5.030225E+000 9.745300E-004 0.000000E+000
