$SPEC_ID:
No sample description was entered.
$SPEC_REM:
DET# 1
DETDESC# DESKTOP-9VUPE7E Model 927 SN 7115241 Input 1
AP# Maestro Version 7.01
$DATE_MEA:
12/02/2025 12:43:38
$MEAS_TIM:
582 610
$DATA:
0 16383
       0
       0
       0
       0
       0
       0
       0
       0
       0
       0
       0
       0
       0
       0
       0
       0
       0
       0
       0
       0
       0
       0
       0
       0
       0
       0
       0
       0
       0
       0
       0
       0
       0
       0
       0
       0
       0
       0
       0
       0
       0
       0
       0
       0
       0
       0
       0
       0
       0
       0
       0
       0
       0
       0
       0
       0
       0
       0
       0
       0
       0
       0
       0
       0
       0
       0
       0
       0
       0
       0
       0
       0
       0
       0
       0
       0
       0
       0
       0
       0
       0
       0
       0
       0
       0
       0
       0
       0
       0
       0
       0
       0
       0
       0
       0
       0
       0
       0
       0
       0
       0
       0
       0
       0
       0
       0
       0
       0
       0
       0
       0
       0
       0
       0
       0
       0
       0
       0
       0
       0
       0
       0
       0
       0
       0
       0
       0
       0
       0
       0
       0
       0
       0
       0
       0
       0
       0
       0
       0
       0
       0
       0
       0
       0
       0
       0
       0
       0
       0
       0
       0
       0
       0
       0
       0
       0
       0
       0
       0
       0
       0
       0
       0
       0
       0
       0
       0
       0
       0
       0
       0
       0
       0
       0
       0
       0
       0
       0
       0
       0
       0
       0
       0
       0
       0
       0
       0
       0
       0
       0
       0
       0
       0
       0
       0
       0
       0
       0
       0
       0
       0
       0
       0
       0
       0
       0
       0
       0
       0
       0
       0
       0
       0
       0
       0
       0
       0
       0
       0
       0
       0
       0
       0
       0
       0
       0
       0
       0
       0
       0
       0
       0
       0
       0
       0
       0
       0
       0
       0
       0
       0
       0
       0
       0
       0
       0
       0
       0
       0
       0
       0
       0
       0
       0
       0
       0
       0
       0
       0
       0
       0
       0
       0
       0
       0
       0
       0
       0
       0
       0
       0
       0
       0
       0
       0
       0
       0
       0
       0
       0
       0
       0
       0
       0
       0
       0
       0
       0
       0
       0
       0
       0
       0
       0
       0
       0
       0
       0
       0
       0
       0
       0
       0
       0
       0
       0
       0
       0
       0
       0
       0
       0
       0
       0
       0
       0
       0
       0
       0
       0
       0
       0
       0
       0
       0
       0
       0
       0
       0
       0
       0
       0
       0
       0
       0
       0
       0
       0
       0
       0
       0
       0
       0
       0
       0
       0
       0
       0
       0
       0
       0
       0
       0
       0
       0
       0
       0
       0
       0
       0
       0
       0
       0
       0
       0
       0
       0
       0
       0
       0
       0
       0
       0
       0
       0
       0
       0
       0
       0
       0
       0
       0
       0
       0
       0
       0
       0
       0
       0
       0
       0
       0
       0
       0
       0
       0
       0
       0
       1
       9
      67
     138
     152
     143
     155
     148
     169
     157
     149
     131
     165
     148
     167
     151
     143
     128
     145
     148
     147
     142
     164
     146
     152
     173
     158
     179
     145
     168
     144
     154
     159
     166
     143
     158
     169
     154
     153
     168
     181
     140
     164
     179
     156
     186
     166
     169
     171
     167
     177
     176
     192
     183
     170
     157
     160
     158
     164
     181
     169
     175
     160
     174
     172
     152
     155
     154
     171
     157
     155
     170
     160
     173
     174
     159
     152
     139
     146
     150
     147
     155
     145
     155
     162
     161
     163
     152
     147
     157
     151
     162
     164
     170
     141
     149
     147
     153
     182
     142
     161
     153
     166
     156
     148
     129
     137
     160
     159
     168
     154
     166
     154
     161
     151
     162
     140
     147
     161
     169
     149
     162
     145
     162
     132
     169
     151
     141
     151
     181
     180
     203
     163
     160
     149
     172
     195
     163
     179
     167
     172
     146
     163
     175
     169
     167
     161
     164
     158
     155
     169
     173
     179
     176
     173
     184
     193
     196
     185
     180
     195
     180
     175
     165
     162
     187
     177
     169
     182
     180
     169
     166
     181
     190
     203
     162
     185
     202
     172
     176
     163
     191
     204
     179
     177
     176
     190
     183
     200
     178
     192
     198
     189
     196
     207
     194
     203
     227
     209
     219
     219
     240
     283
     358
     496
     757
     996
    1226
    1355
    1412
    1218
     974
     733
     561
     368
     241
     261
     199
     197
     180
     182
     176
     165
     173
     178
     169
     168
     192
     164
     182
     183
     175
     205
     191
     198
     179
     176
     198
     198
     199
     196
     183
     195
     170
     183
     155
     211
     168
     203
     197
     190
     210
     182
     204
     176
     204
     199
     165
     192
     182
     194
     185
     177
     181
     187
     209
     196
     188
     178
     186
     180
     202
     194
     205
     209
     212
     204
     223
     185
     202
     169
     177
     202
     217
     175
     192
     181
     201
     184
     212
     179
     203
     185
     192
     209
     207
     209
     198
     225
     187
     173
     186
     212
     201
     205
     210
     197
     191
     190
     220
     209
     178
     216
     207
     173
     207
     221
     204
     210
     202
     197
     211
     196
     241
     191
     243
     203
     204
     207
     209
     204
     188
     214
     219
     198
     207
     200
     207
     223
     201
     198
     201
     215
     203
     188
     225
     209
     214
     186
     212
     223
     209
     191
     207
     219
     204
     208
     185
     179
     186
     194
     205
     225
     199
     191
     181
     190
     210
     201
     202
     185
     179
     178
     202
     209
     182
     215
     194
     178
     202
     205
     176
     211
     201
     203
     196
     196
     192
     212
     188
     217
     194
     216
     202
     204
     225
     209
     199
     199
     197
     218
     219
     192
     197
     183
     227
     202
     199
     179
     228
     185
     176
     183
     186
     195
     176
     215
     179
     233
     201
     180
     203
     201
     193
     172
     188
     194
     192
     177
     218
     201
     160
     178
     183
     197
     218
     185
     206
     189
     212
     187
     199
     202
     188
     184
     200
     190
     178
     195
     204
     186
     198
     180
     211
     181
     213
     213
     196
     176
     179
     203
     205
     205
     188
     209
     228
     193
     182
     208
     192
     204
     194
     204
     216
     186
     176
     204
     184
     189
     206
     197
     198
     218
     186
     219
     199
     216
     197
     187
     211
     185
     179
     206
     208
     217
     201
     207
     199
     189
     197
     202
     194
     188
     203
     201
     183
     181
     223
     186
     203
     209
     179
     221
     177
     202
     204
     185
     189
     217
     185
     189
     193
     210
     207
     189
     203
     201
     218
     197
     191
     217
     197
     214
     180
     221
     211
     181
     211
     192
     188
     183
     193
     236
     199
     207
     183
     214
     196
     198
     171
     235
     190
     207
     178
     214
     235
     179
     188
     220
     194
     200
     195
     205
     205
     187
     177
     194
     189
     173
     195
     227
     202
     201
     204
     185
     185
     211
     198
     187
     212
     216
     212
     275
     320
     443
     638
     984
    1328
    1748
    1966
    1984
    1836
    1512
    1073
     700
     471
     308
     232
     189
     173
     162
     174
     198
     169
     193
     191
     149
     168
     165
     174
     173
     191
     176
     150
     149
     171
     189
     169
     166
     194
     179
     172
     172
     185
     166
     179
     191
     162
     150
     177
     171
     189
     181
     168
     177
     183
     160
     184
     180
     167
     182
     179
     189
     184
     166
     148
     168
     176
     162
     177
     188
     162
     171
     171
     176
     148
     162
     171
     148
     165
     180
     135
     168
     183
     153
     165
     192
     168
     158
     156
     174
     191
     156
     170
     189
     162
     153
     153
     176
     184
     164
     168
     186
     158
     149
     169
     159
     168
     176
     158
     170
     170
     167
     178
     168
     192
     162
     158
     158
     159
     152
     170
     177
     165
     167
     160
     157
     159
     142
     150
     157
     173
     167
     151
     170
     172
     154
     148
     165
     160
     143
     174
     176
     166
     178
     158
     158
     156
     169
     173
     176
     169
     153
     145
     166
     169
     189
     171
     169
     179
     176
     164
     168
     180
     169
     171
     173
     162
     165
     141
     143
     172
     148
     181
     162
     155
     188
     136
     163
     177
     138
     161
     196
     158
     167
     142
     159
     155
     162
     158
     170
     166
     162
     144
     175
     151
     167
     157
     142
     150
     173
     186
     157
     149
     163
     172
     161
     147
     178
     154
     179
     184
     160
     154
     179
     177
     168
     159
     161
     152
     167
     149
     172
     180
     156
     150
     161
     186
     163
     166
     182
     170
     162
     149
     193
     167
     162
     168
     160
     171
     165
     159
     159
     146
     155
     156
     145
     164
     204
     158
     155
     147
     178
     140
     157
     159
     175
     161
     155
     182
     143
     156
     180
     156
     156
     154
     152
     159
     176
     184
     156
     146
     159
     176
     154
     172
     157
     191
     151
     164
     154
     164
     150
     166
     142
     161
     168
     145
     155
     155
     147
     150
     152
     159
     151
     187
     161
     146
     170
     166
     148
     143
     170
     144
     172
     149
     161
     157
     120
     157
     157
     135
     129
     156
     187
     147
     141
     172
     164
     171
     162
     152
     167
     131
     158
     149
     138
     159
     164
     154
     141
     168
     147
     154
     159
     157
     156
     145
     155
     167
     153
     169
     131
     139
     171
     173
     172
     148
     146
     146
     155
     155
     155
     140
     165
     154
     156
     142
     152
     158
     145
     175
     154
     163
     173
     155
     164
     150
     160
     143
     141
     171
     133
     152
     161
     155
     161
     172
     154
     146
     176
     155
     141
     162
     174
     172
     164
     139
     144
     139
     161
     176
     156
     160
     148
     172
     146
     163
     143
     130
     147
     130
     130
     174
     164
     156
     152
     147
     159
     146
     145
     158
     160
     127
     121
     149
     154
     140
     148
     155
     144
     151
     160
     143
     151
     157
     143
     137
     158
     178
     168
     126
     180
     145
     127
     156
     144
     153
     159
     142
     162
     160
     159
     118
     159
     145
     136
     131
     141
     145
     172
     134
     137
     157
     155
     155
     141
     131
     157
     138
     147
     134
     147
     157
     161
     154
     141
     138
     141
     134
     154
     151
     128
     142
     141
     145
     148
     151
     146
     136
     141
     145
     132
     156
     123
     121
     125
     156
     133
     140
     155
     143
     137
     124
      94
     146
     145
     146
     120
     135
     129
     146
     126
     147
     133
     123
     137
     128
     119
     156
     143
     111
     141
     135
     126
     114
     125
     146
     130
     149
     141
     117
     147
     129
     145
     121
     120
     145
     147
     102
     132
     125
     139
     150
     131
     126
     125
     130
     147
     140
     128
     147
     146
     129
     125
     141
     122
     129
     126
     116
     145
     125
     143
     135
     127
     119
     131
     147
     139
     144
     126
     120
     115
     145
     133
     120
     127
     137
     152
     139
     142
     138
     147
     129
     135
     134
     129
     152
     145
     116
     118
     139
     129
     151
     124
     134
     107
     138
     106
     134
     131
     124
     123
     133
     133
     119
     122
     141
     124
     129
     131
     126
     118
     114
     119
     130
     114
     139
     125
     133
     159
     129
     114
     123
     125
     133
     136
     144
     130
     154
     117
     148
     189
     193
     192
     196
     182
     167
     156
     140
     123
     162
     112
     109
     122
     124
     122
     127
     121
     123
     123
     125
      95
     121
     143
     133
     120
     110
     129
     108
     124
     134
     129
     123
     128
     103
     116
     128
     117
     100
     124
     136
     125
     133
     118
     136
     143
     142
     133
     130
     155
     128
     112
     108
     114
     117
     135
     133
     118
     128
     123
     128
     116
     125
     119
     121
     103
     110
     118
     124
     108
     116
     112
     110
     121
     103
     130
     113
     122
     160
     106
     106
     101
     111
      98
      90
     123
     115
     117
     107
     101
     118
     112
     108
      95
     131
     137
     109
     112
     133
     139
     106
     106
     120
      96
     113
      98
     117
     130
     101
      95
     114
     105
      85
     123
     116
     127
      89
     108
     116
     115
     112
     111
     124
     109
     116
     115
     128
      87
     106
      99
     112
     103
     113
      94
     127
     116
     117
     106
     123
     105
     115
      98
     104
     100
     116
     113
     121
     110
     116
     109
     107
     108
      97
     100
     116
     104
      89
     122
     123
     102
     130
      94
      99
     106
     109
      92
     115
      95
     101
     108
      92
     113
      92
     112
      94
     107
     106
     103
     107
     109
     102
     111
     100
     104
     112
     106
      94
     101
      95
      96
     120
      82
      99
      89
     104
     119
      91
     102
      87
      94
      87
     107
      80
      99
     101
     105
     103
     102
      96
     112
      95
      83
      90
     107
      84
      90
      99
     117
      93
      90
     105
      92
     102
      94
      97
      90
     104
      94
     107
     103
     102
     104
     118
     106
     100
      80
      91
     102
      93
      99
      98
      81
     113
     104
      98
     105
     106
      99
     115
     115
      74
      95
      96
      86
      82
     101
      94
      90
     115
      92
      98
      76
     103
      86
      85
     105
     111
      90
      98
      89
      82
      91
      93
      98
     104
     123
      88
      84
      79
      81
      85
      99
      87
      83
     113
      87
     102
      78
      80
      81
      87
      93
      84
     102
      81
      88
      97
      86
      74
      87
      74
      91
     101
      80
      73
     114
      91
     109
      99
      98
     104
      65
     100
      95
      77
      79
      87
      98
      98
      85
      90
      77
      74
      92
      74
     100
     102
      83
      73
     104
     106
     100
      94
      81
      72
      71
      86
      96
      85
      82
      81
      90
      91
      88
      91
      94
      89
      84
      81
      90
      80
      89
      93
      82
     102
      88
      83
      82
      93
      96
     113
      92
      86
      87
      80
      94
      82
      80
      97
      95
      70
      86
      70
      82
      98
      87
     106
      91
      65
      86
      88
      86
      79
      86
      77
      94
      87
      84
      76
      74
      84
      96
      91
     108
      80
      90
      82
      83
      58
      92
      79
      63
      76
      86
      78
      84
      98
      86
      80
      75
      87
      81
      76
      82
      96
      82
      74
      75
      83
      83
      90
      90
      93
      88
      75
      84
     102
      74
      75
      95
      78
      83
      73
      66
      82
      64
      88
      78
      84
      84
      60
      79
      71
      78
      92
      89
      82
      86
      85
      82
      71
      82
      84
      97
      98
      92
      93
      73
      95
      88
      81
      84
      85
      95
      90
      83
      80
      77
     109
     120
     107
     136
     176
     163
     162
     181
     159
     155
     123
     117
      88
      83
      78
      78
      80
      85
      83
      89
      92
      76
      66
      92
      98
      86
      72
      86
      82
      82
      68
      60
      64
      61
      91
      82
      74
      72
      75
      83
      81
      67
      70
      75
      90
      74
      84
      95
      56
      60
      74
      63
      76
      80
      83
      78
      69
      62
      67
      58
      89
      88
      77
      81
      71
      73
      84
      81
      83
      84
      72
      70
      77
      67
      78
      83
      69
      74
      93
      69
      70
      66
      75
      79
      96
      86
      93
     113
     115
      86
      99
     112
     100
      96
      67
      88
      86
     103
      82
      97
      95
      88
      84
      84
      79
      73
      65
      77
      66
      83
      68
      82
      55
      75
      69
      78
      62
      68
      63
      72
      73
      70
      75
      79
      69
      70
      84
      84
      81
      62
      60
      61
      83
      53
      67
      70
      71
      74
      69
      59
      76
      80
      73
      68
      57
      71
      79
      83
      64
      69
      67
      64
      71
      64
      70
      64
      73
      71
      77
      75
      74
      58
      74
      53
      47
      60
      79
      81
      82
      72
      73
      75
      81
      68
      62
      72
      66
      72
      73
      75
      57
      64
      73
      76
      95
      74
      70
      67
      78
      63
      65
      89
      70
      73
      52
      68
      72
      53
      65
      71
      74
      75
      75
      73
      64
      63
      69
      70
      69
      46
      62
      61
      56
      65
      73
      67
      63
      59
      74
      50
      63
      73
      67
      52
      75
      58
      78
      70
      76
      63
      54
      62
      70
      79
      69
      61
      69
      54
      77
      66
      67
      63
      55
      62
      73
      69
      69
      59
      57
      58
      61
      71
      63
      58
      65
      78
      55
      57
      70
      87
      64
      59
      52
      71
      64
      65
      74
      70
      59
      55
      47
      62
      46
      65
      52
      61
      57
      73
      59
      73
      81
      68
      71
      62
      62
      56
      65
      68
      72
      77
      55
      64
      73
      61
      63
      63
      74
      72
      60
      61
      67
      58
      58
      59
      60
      69
      57
      51
      62
      66
      68
      56
      72
      69
      58
      63
      61
      88
      71
      70
      89
      91
      68
      85
      84
      73
      93
      61
      74
      91
      64
      73
      58
      51
      65
      48
      59
      56
      66
      60
      59
      76
      68
      50
      52
      62
      49
      50
      50
      53
      57
      54
      60
      62
      66
      60
      68
      69
      61
      66
      49
      54
      64
      66
      68
      49
      55
      64
      64
      55
      67
      47
      48
      63
      58
      53
      66
      73
      60
      52
      57
      64
      48
      59
      57
      76
      75
      56
      54
      52
      76
      41
      56
      58
      61
      60
      56
      73
      77
      59
      47
      45
      55
      57
      57
      47
      67
      52
      63
      62
      70
      73
      60
      54
      66
      58
      56
      62
      56
      63
      56
      55
      73
      57
      59
      59
      59
      52
      63
      54
      47
      55
      62
      66
      65
      54
      41
      50
      71
      53
      66
      62
      60
      63
      58
      46
      57
      67
      54
      47
      57
      50
      83
      65
      67
      63
      67
      57
      59
      62
      71
      54
      62
      56
      53
      57
      55
      62
      56
      57
      60
      62
      66
      65
      78
      96
      67
     107
     122
     121
     165
     198
     245
     280
     327
     406
     428
     509
     529
     620
     633
     633
     703
     680
     565
     573
     513
     492
     403
     352
     282
     267
     193
     148
     133
     103
      92
      70
      83
      72
      60
      63
      58
      65
      55
      66
      60
      64
      52
      43
      50
      58
      49
      48
      56
      57
      75
      62
      47
      48
      40
      45
      41
      55
      48
      46
      56
      46
      50
      53
      57
      52
      59
      53
      49
      62
      49
      42
      52
      47
      61
      55
      47
      58
      46
      52
      53
      70
      37
      52
      48
      53
      49
      58
      56
      63
      59
      53
      49
      41
      42
      49
      44
      53
      46
      43
      56
      55
      55
      39
      51
      41
      67
      40
      54
      45
      42
      66
      41
      48
      50
      59
      45
      51
      53
      45
      47
      56
      39
      46
      53
      55
      51
      47
      50
      41
      47
      52
      48
      49
      51
      62
      49
      48
      52
      57
      46
      51
      48
      57
      50
      46
      41
      40
      48
      45
      48
      41
      58
      38
      54
      34
      50
      56
      56
      43
      50
      48
      49
      49
      33
      44
      44
      50
      51
      51
      66
      79
      94
      69
      76
      72
     103
      59
      57
      51
      53
      48
      38
      55
      48
      44
      53
      52
      53
      42
      60
      51
      43
      50
      46
      50
      49
      45
      42
      51
      46
      56
      48
      51
      78
     100
     120
     170
     224
     277
     370
     433
     420
     437
     409
     335
     262
     207
     136
     100
      93
      79
      72
      89
      97
      90
     109
     117
     125
      86
     112
      91
      88
      59
      63
      43
      48
      50
      49
      48
      46
      33
      50
      44
      48
      44
      57
      52
      32
      44
      45
      42
      41
      46
      38
      33
      46
      38
      41
      37
      49
      50
      32
      34
      47
      52
      44
      44
      50
      47
      58
      45
      52
      58
      43
      46
      55
      50
      41
      42
      37
      45
      35
      46
      48
      46
      47
      39
      25
      43
      37
      36
      45
      38
      45
      42
      44
      37
      44
      55
      33
      43
      47
      47
      39
      39
      45
      63
      31
      38
      38
      47
      37
      47
      39
      41
      62
      73
      80
      64
      69
      62
      85
      81
      65
      60
      77
      49
      52
      35
      41
      50
      33
      52
      45
      40
      36
      48
      40
      36
      55
      41
      45
      39
      40
      48
      42
      47
      42
      42
      41
      39
      45
      48
      53
      48
      44
      46
      48
      40
      54
      37
      34
      45
      37
      45
      49
      43
      49
      46
      45
      43
      47
      34
      42
      51
      39
      43
      43
      48
      45
      55
      50
      44
      47
      49
      38
      35
      38
      45
      42
      45
      51
      35
      45
      54
      31
      38
      35
      44
      38
      47
      41
      36
      40
      46
      57
      52
      31
      25
      41
      34
      44
      55
      41
      39
      37
      48
      46
      35
      37
      45
      40
      46
      41
      34
      40
      51
      46
      43
      52
      53
      39
      42
      48
      32
      32
      56
      49
      47
      37
      39
      48
      42
      38
      53
      44
      39
      43
      40
      49
      49
      56
      45
      42
      40
      45
      48
      36
      50
      51
      53
      69
     121
     120
     180
     230
     243
     274
     271
     273
     238
     215
     126
     122
      73
      67
      47
      50
      50
      41
      41
      56
      60
      44
      41
      48
      44
      41
      45
      37
      26
      37
      36
      43
      47
      34
      46
      43
      41
      35
      46
      43
      43
      47
      41
      53
      38
      42
      52
      49
      59
      50
      71
      81
     107
     105
     138
     130
     123
     125
      94
      68
      52
      54
      53
      44
      35
      30
      51
      43
      29
      43
      36
      34
      45
      38
      40
      44
      47
      44
      41
      41
      40
      46
      59
      51
      37
      76
      75
      87
      84
      77
      92
      63
      55
      57
      60
      56
      56
      44
      42
      42
      57
      46
      48
      46
      42
      46
      46
      36
      30
      48
      42
      37
      39
      41
      48
      47
      39
      46
      44
      27
      34
      42
      42
      32
      37
      46
      49
      34
      36
      46
      47
      38
      48
      43
      36
      47
      38
      48
      39
      52
      60
      69
      83
     126
     191
     200
     256
     283
     301
     333
     269
     255
     182
     142
     126
      84
      88
      79
      85
     104
     142
     161
     206
     274
     324
     322
     374
     392
     374
     386
     318
     294
     235
     176
     135
     102
      71
      69
      46
      36
      30
      36
      39
      43
      39
      37
      36
      32
      37
      40
      39
      45
      45
      37
      36
      39
      49
      32
      41
      39
      40
      33
      47
      37
      31
      43
      35
      43
      48
      39
      53
      35
      37
      31
      43
      31
      43
      40
      28
      40
      25
      40
      33
      39
      38
      52
      37
      37
      38
      40
      52
      50
      34
      46
      43
      47
      45
      49
      45
      43
      35
      35
      35
      49
      47
      39
      39
      29
      43
      47
      48
      35
      35
      45
      39
      34
      32
      47
      43
      46
      44
      60
      65
     103
     132
     133
     137
     110
     139
      96
     107
      95
      75
      59
      45
      52
      31
      37
      30
      23
      37
      33
      35
      34
      22
      37
      35
      38
      40
      27
      36
      35
      38
      31
      37
      26
      29
      34
      35
      23
      40
      36
      39
      32
      21
      29
      34
      25
      25
      22
      29
      37
      38
      37
      35
      32
      31
      26
      41
      37
      34
      47
      55
      57
      67
      71
      69
      62
      59
      54
      46
      47
      36
      29
      31
      35
      41
      39
      40
      33
      31
      28
      36
      34
      35
      33
      36
      37
      35
      21
      32
      29
      29
      32
      24
      33
      30
      32
      42
      34
      31
      33
      28
      50
      31
      39
      29
      36
      29
      51
      34
      37
      36
      28
      36
      38
      43
      39
      46
      61
      91
     146
     189
     252
     293
     373
     402
     387
     361
     305
     257
     194
     144
     100
      71
      50
      31
      33
      37
      25
      28
      26
      26
      42
      33
      32
      25
      36
      42
      26
      30
      32
      31
      29
      35
      32
      36
      40
      42
      33
      36
      31
      22
      33
      26
      30
      34
      34
      33
      29
      33
      35
      24
      39
      31
      31
      32
      31
      30
      37
      31
      30
      32
      28
      32
      19
      31
      30
      36
      24
      34
      30
      25
      45
      31
      24
      19
      34
      25
      33
      36
      31
      38
      27
      27
      26
      34
      35
      34
      41
      31
      23
      14
      28
      29
      38
      46
      45
      56
      47
      59
      62
      65
      59
      55
      53
      49
      45
      29
      32
      34
      26
      23
      25
      31
      33
      26
      20
      29
      18
      26
      29
      41
      36
      29
      34
      43
      51
      45
      64
      52
      52
      66
      40
      56
      54
      50
      41
      34
      41
      40
      42
      40
      38
      36
      32
      20
      34
      18
      25
      26
      17
      32
      29
      37
      25
      36
      22
      29
      31
      25
      27
      26
      27
      34
      22
      34
      19
      31
      28
      35
      24
      21
      26
      27
      29
      22
      29
      23
      27
      24
      34
      30
      27
      24
      28
      26
      22
      25
      25
      29
      39
      32
      48
      28
      43
      29
      23
      28
      17
      27
      27
      22
      28
      30
      23
      29
      24
      26
      28
      24
      29
      25
      27
      33
      34
      44
      32
      23
      23
      34
      24
      18
      21
      31
      23
      30
      18
      23
      23
      30
      12
      27
      28
      27
      19
      33
      29
      22
      35
      30
      44
      33
      55
      47
      54
      53
      66
      54
      65
      77
      50
      51
      38
      25
      35
      26
      30
      27
      32
      30
      18
      22
      21
      20
      31
      20
      20
      25
      35
      30
      25
      28
       9
      27
      35
      20
      27
      31
      33
      22
      30
      20
      22
      27
      27
      28
      21
      24
      27
      17
      26
      31
      26
      30
      19
      20
      32
      28
      27
      15
      22
      29
      26
      23
      26
      28
      29
      22
      26
      21
      23
      23
      20
      24
      23
      28
      29
      21
      36
      27
      37
      36
      28
      32
      51
      41
      56
      54
      62
      73
      60
      58
      61
      55
      47
      41
      34
      26
      29
      24
      32
      26
      31
      36
      36
      47
      71
     102
     139
     199
     212
     316
     390
     437
     446
     435
     395
     379
     284
     207
     161
     123
      62
      40
      50
      33
      36
      30
      35
      31
      33
      23
      28
      26
      26
      20
      26
      26
      19
      23
      29
      29
      24
      23
      19
      18
      17
      24
      22
      18
      28
      26
      23
      19
      26
      18
      16
      32
      25
      28
      26
      24
      22
      27
      21
      24
      32
      15
      19
      24
      30
      29
      20
      23
      13
      13
      15
      26
      22
      20
      19
      24
      20
      24
      27
      24
      20
      25
      26
      14
      21
      22
      17
      26
      29
      19
      28
      19
      28
      25
      33
      21
      18
      35
      34
      18
      40
      22
      23
      20
      18
      32
      22
      27
      35
      22
      20
      28
      29
      26
      17
      17
      18
      30
      19
      26
      20
      21
      31
      31
      23
      21
      28
      21
      18
      26
      18
      18
      21
      28
      15
      14
      18
      18
      19
      17
      16
      18
      30
      25
      21
      15
       9
      17
      22
      23
      16
      22
      20
      27
      20
      15
      18
      22
      13
      16
      23
      30
      16
      21
      16
      19
      25
      21
      13
      17
      25
      21
      25
      20
      24
      30
      19
      29
      17
      14
      21
      26
      18
      30
      16
      19
      19
      26
      13
      19
      18
      19
      18
      18
      17
      27
      24
      16
      28
      20
      24
      21
      24
      21
      23
      21
      18
      20
      19
      21
      28
      27
      27
      23
      28
      30
      21
      29
      29
      22
      16
      19
      20
      24
      21
      21
      20
      18
      23
      27
      27
      14
      29
      23
      20
      24
      18
      24
      23
      18
      24
      18
      16
      14
      20
      15
      23
      12
      19
      31
      17
      29
      24
      40
      16
      25
      23
      33
      41
      50
      53
      68
      86
     134
     136
     169
     157
     195
     173
     141
     111
      89
      73
      42
      33
      25
      28
      27
      15
      29
      11
      18
      12
      16
      23
      26
      20
      21
      22
      20
      18
      16
      10
      21
      20
      16
      24
      27
      24
      19
      21
      19
      15
      28
      19
      14
      22
      19
      20
      23
      25
      17
      25
      24
      19
      24
      17
      20
      23
      17
      38
      28
      22
      18
      31
      32
      28
      35
      27
      32
      25
      22
      24
      14
      22
      12
      18
      19
      14
      25
      18
      24
      12
      26
      17
      19
      23
      20
      23
      30
      17
      18
      15
      16
      13
      19
      17
      20
      16
      18
      19
      22
      24
      18
      19
      19
      22
      24
      17
      13
      17
      21
      11
      17
      24
      19
      21
      23
      16
      30
      27
      13
      16
      15
      20
      23
      20
      23
      19
      18
      23
      17
      17
      14
      15
      21
      17
      12
      24
      24
      14
      16
      22
      11
      24
      17
       8
      17
      18
      16
      18
       8
      10
      13
      22
      27
      16
      22
      23
      23
      14
      20
      14
      24
      23
      16
      31
      17
      19
      15
      19
      18
      25
      19
      20
      24
      16
      30
      24
      28
      31
      43
      41
      55
      70
      94
      86
      90
      93
      76
      91
      77
      63
      38
      34
      23
      18
      19
      27
      10
      19
      23
      17
      14
      18
      14
      25
      20
      14
      19
      22
      20
      15
      19
      20
      19
      16
      19
      18
      23
      17
      17
      11
      21
      24
      15
      17
      17
      21
      15
      18
      15
      19
      36
      29
      25
      45
      73
      94
     146
     220
     343
     444
     618
     827
     956
    1105
    1139
    1041
     990
     824
     616
     444
     335
     195
     121
      88
      40
      38
      18
      19
      19
      17
      15
      15
      24
      16
      13
      18
      19
      19
      20
      11
      26
      13
       9
      16
      19
      15
      18
      13
      22
      21
      20
      18
      22
      15
      12
       9
      17
      27
      28
      37
      51
      63
      78
      84
      74
     124
      88
      76
      84
      64
      39
      33
      27
      19
      18
      28
      16
      14
      13
      16
      18
      14
      23
      13
      22
      15
      18
      12
      14
      24
      13
      10
      20
      15
      14
      15
      12
      18
      16
      14
      11
      15
      15
      16
      15
      12
      19
      11
      10
      16
      22
      12
      15
       8
      15
      21
      10
      14
      16
      16
      11
      18
      14
      14
      14
      24
      32
      28
      21
      33
      22
      31
      29
      20
      18
      22
      22
      26
      16
      12
      12
      17
      13
       9
      14
      15
      11
      14
      17
      18
      12
      11
       9
      15
      13
      12
      13
      16
      17
      10
      21
      15
       9
      12
      16
      11
      15
      14
      16
      19
      13
      16
       9
      12
      14
      21
      19
      19
      22
      17
      20
      24
      23
      17
      16
      12
      14
      16
      12
      12
      18
      15
       9
      11
       8
      14
      11
      14
      11
      18
      11
      11
      14
      12
      18
      20
      15
      14
      10
      19
      14
      17
      12
      20
       8
      19
      23
      16
      16
      12
      11
      11
      15
      17
      25
      25
      23
      24
      25
      14
      18
      14
      12
      18
      21
      12
      17
      13
      22
      34
      36
      45
      71
     106
     138
     192
     241
     301
     341
     358
     370
     325
     284
     245
     176
     124
      72
      44
      37
      35
      17
      10
      13
      17
      14
      18
      11
      13
      15
       9
       8
      16
      15
      11
      13
      19
      21
      17
      24
      29
      29
      24
      30
      37
      32
      20
      26
      21
      21
      16
      11
      11
      17
      12
      13
      13
      15
      18
      14
      14
      19
      10
      16
      17
      21
      10
      14
      11
       8
      14
      14
      15
       9
      16
      11
      19
      12
      14
      26
      17
      14
      11
      11
      14
      11
      14
       9
      12
      11
      14
       9
      16
      11
      11
      19
      14
      18
       9
      16
      18
      14
      10
      16
      16
      12
      18
       9
      11
      14
      15
      21
      14
      15
      25
      25
      26
      20
      20
      21
      17
      14
      17
      20
      18
      23
      11
      16
       7
      11
      18
      15
      13
      11
      13
      13
      14
      13
      10
      11
      14
      12
      18
      10
      15
       8
       8
      10
      13
      14
       7
      11
       9
       9
      15
       8
       8
      17
      11
      15
       8
      14
      18
      17
      12
      15
      16
      12
      18
      13
      12
      14
      12
      13
      14
      16
      11
       8
      10
      15
      15
      12
      16
      10
      17
      17
      10
      11
      15
      11
      16
      22
      17
      19
      20
      12
      33
      30
      21
      35
      38
      46
      63
      54
      73
      99
     104
     110
     104
     102
      66
      59
      56
      42
      27
      27
      17
      21
      15
      12
      18
      13
      12
      19
       9
      11
      14
      11
      12
      10
      14
      13
      11
      14
      15
      11
      16
      13
      13
      19
      15
      10
      11
      10
      19
       9
      17
      12
      21
      12
      32
      13
      19
      25
      17
      11
      22
      19
      12
      22
      20
      10
      22
      14
      11
      17
      14
      14
      10
      17
      16
      10
      12
      14
       9
       6
      10
      18
      11
      19
      18
      12
      13
      17
      10
      23
      10
      14
       9
       7
      15
      17
      16
      12
      15
      17
      17
      12
      23
      15
      16
      15
       7
      14
      21
      12
       8
      11
      19
      21
      23
      16
      17
      24
      34
      45
      49
      70
      67
      95
     103
     108
     127
     107
      91
      63
      51
      44
      33
      18
      15
      12
      12
      10
      12
      13
      16
      12
      11
      16
       6
       7
      12
       9
      18
       7
      14
      12
       8
       4
      15
      16
      11
      12
      14
      12
      14
      16
      11
      15
      13
       7
      11
      12
      12
      17
      16
      11
      13
      14
       9
       6
      10
      16
      17
      24
      16
      26
      15
      20
      22
      24
      14
      20
      23
      16
      13
      11
       6
      15
      10
      16
       9
      12
      16
      12
      13
      13
       5
      14
      15
       7
      22
      10
       7
      13
      14
      12
      11
      14
      13
      16
      11
       9
      15
      19
       8
      17
      11
      20
      14
      14
      15
      18
      28
      16
      28
      32
      23
      16
      35
      21
      27
      25
      20
      23
      13
      18
      13
      18
      12
       8
      15
      10
      13
      11
      13
      12
      13
      19
      24
      25
      20
      27
      27
      38
      47
      53
      60
      60
      63
      68
      53
      47
      41
      34
      32
      15
      18
      12
      19
      10
      21
      11
      13
       9
      15
      20
       9
      19
      11
      10
      13
      13
      13
      16
      11
      13
      12
       7
      15
       5
      11
      11
      17
      18
      16
      12
       8
       8
       9
      11
      14
      13
      12
      16
      15
      15
      15
      10
      13
       6
      22
      20
      13
      13
      16
      17
      19
      11
      15
       7
       9
       8
      10
      15
      15
       9
      14
      13
      14
       9
      18
      11
      11
       9
      14
      14
      12
      16
      15
      10
       9
       7
       7
      15
      15
      18
      14
      13
       9
      13
       8
      12
      13
      12
      19
      17
      15
      16
      17
      16
      10
      10
       9
       9
      15
      10
      15
      22
      12
      10
      18
      15
       9
      13
      13
       6
      13
      12
       7
      14
      10
      14
      20
      12
      13
       5
      13
      12
      11
      10
      13
      12
      16
      17
      18
      10
      13
      14
      21
      15
      10
      12
      13
       9
      20
       9
      21
      19
      17
      20
      23
      12
      11
      14
      12
      15
      11
       8
      15
      12
      12
      10
      13
       6
      14
      15
      12
      13
      13
      17
       8
      20
      16
      19
      12
      13
       6
      14
      19
      13
      13
      11
      12
      17
      20
      20
      14
       9
      10
      15
      16
      13
      16
      19
      17
       9
      23
      15
      10
      11
       5
      17
      12
       9
      19
       7
       6
      10
      14
       9
      16
      19
      16
      13
      13
       6
      12
       7
      10
      10
       6
       4
      15
       6
       8
      12
      11
      10
      10
       8
      14
      10
       5
      14
      14
       6
       8
       6
      11
      16
       6
      11
      11
      11
      16
      20
      13
      17
      30
      26
      38
      40
      30
      23
      28
      25
      12
      13
      16
      17
      22
      22
      39
      48
      69
      88
     100
     114
     134
     141
     129
     127
     118
      89
      83
      69
      38
      36
      20
      15
      18
      14
       7
      12
       8
       8
       7
      13
       9
       6
      11
       8
      10
      14
       7
      11
      12
      14
       8
      15
      11
      14
       9
       7
       4
      11
      10
      12
      10
       7
      14
       9
       8
       7
      13
      11
       8
      14
      12
      11
      10
       8
      16
       7
      11
      12
      10
      12
       6
      13
       8
       9
      17
       7
       6
      14
       6
       8
      12
      10
      11
      20
      11
      10
       7
      12
       9
       9
      10
       9
      11
       5
       9
      13
      11
       9
       9
       7
      11
       8
      10
       8
      11
       7
      17
      17
      18
      14
      20
      25
      36
      23
      29
      35
      35
      26
      27
      23
      15
      23
      22
      14
      10
       5
      16
       6
       7
      13
       8
       8
       9
      16
      13
      10
       9
      16
      11
      16
      13
      13
      12
       5
      13
       9
      11
       9
       7
       9
       8
      13
      12
      11
      11
       7
       8
       9
       5
      10
      12
      16
       4
       8
       8
       6
      12
       5
       9
       9
       4
      11
      10
      11
       8
      11
      12
      14
      12
       9
       9
       7
       5
      10
       3
      12
      16
      11
      10
       8
       6
      12
      14
      12
      12
      14
      17
      16
      17
      25
      22
      50
      62
      70
     100
     139
     150
     147
     145
     146
     151
     133
     103
      74
      69
      62
      35
      23
      20
      12
      16
      13
      17
      13
      12
       4
      15
       9
      11
       6
      13
       7
       8
      10
       8
       9
       8
      11
       6
      12
      21
       7
       7
       6
      10
      10
       6
       9
       6
      10
       8
      18
       8
      11
       7
       8
       5
       9
      12
       7
      13
       4
       9
      14
       7
       9
       8
       9
      10
      14
      11
      11
       7
      12
       7
       8
      14
       5
       6
       7
      14
       8
       9
       6
       5
      10
       5
       9
       5
       6
       7
      10
       7
      10
       7
       9
       8
       5
       6
       9
       7
       5
       6
      10
       3
      14
       7
       7
       9
      10
      15
       3
      11
      11
       8
      14
       4
      10
       6
       5
       4
       9
      10
      11
       6
       6
       8
       9
      14
       8
      10
      13
       9
       6
       5
       5
       3
       8
      12
       6
       5
       5
       9
       5
      11
       7
       6
       7
       8
       7
      12
       5
       8
      12
       7
       8
      10
       6
       9
       8
       6
       6
       6
       8
       7
       6
       9
       9
       8
       5
       3
       9
       5
       4
      10
       8
       9
       6
       9
       7
       5
      13
       7
       7
       5
       5
       7
      10
       8
       7
       9
      17
      10
      14
      18
      18
      33
      35
      46
      33
      31
      39
      43
      32
      24
      22
      24
      18
      14
      13
      16
      10
      10
       7
      11
       9
       6
       5
      12
      10
       7
      11
       9
       7
      15
      11
      17
      10
      16
      10
      11
       8
      12
       8
      10
       9
       8
       5
       5
       8
      10
      11
      10
      15
      11
       5
       5
       6
       5
       4
       6
       7
       5
       7
      12
       6
       4
       9
       5
       3
       2
       2
       8
       8
       6
       5
       9
       6
       8
       5
       1
       3
       2
      11
      12
       8
       4
       4
       1
       3
       5
       8
      17
      10
      10
       6
       5
       5
       9
       8
      13
      14
      11
       5
      11
       5
       3
       7
       5
       3
      10
       8
       5
      11
       7
       6
       7
       7
       4
       7
       2
       8
       7
       6
       3
       4
      12
       5
       5
       4
       6
       2
       6
       9
       3
       8
       7
       7
       6
      14
       9
       5
       4
       2
       5
       3
       6
       4
       7
       9
       6
      10
       8
       8
       9
      14
       3
       9
       6
       8
      10
      10
      11
       8
      10
      10
      12
      11
      12
      11
      12
       8
       9
       9
      12
       8
       6
       7
      12
      13
       8
       7
      10
      13
      15
      10
       9
      13
       9
      13
       9
       4
       4
       5
       8
       7
       7
       9
       7
       7
       3
       6
       5
       9
       9
       6
       3
       2
       5
       9
       9
       9
       8
       5
       7
       5
       4
       5
       3
       4
       5
       5
       8
       2
       7
       6
       5
       4
       7
       3
       4
      10
       9
       5
       2
       9
       7
       3
       6
       5
       6
       6
       4
       6
       5
       1
       6
       6
       1
       8
       4
       3
       2
       7
       3
       7
       4
       6
      10
       7
       3
       8
       5
      14
       8
       5
       7
       7
       8
       8
       3
       3
       4
       8
      10
       8
       3
       4
       8
       3
       6
       6
       1
       6
       5
       6
       8
       4
       4
       4
       6
       3
       6
       3
       9
       7
       8
       3
      10
       7
      10
       8
       9
      13
      16
      18
      22
      24
      20
      29
      23
      27
      32
      20
      21
      15
      18
       9
       9
      12
       9
       8
      10
       7
       6
       9
       3
       6
       2
       8
       6
      10
      11
       9
       6
       7
      13
       5
      10
      14
      11
       9
       2
      14
       8
       3
       4
      12
       4
      10
       8
       8
      13
       8
       9
       6
       6
       8
       5
      10
       2
       3
       7
       7
       6
       6
      12
       8
       3
       6
       8
       2
      12
       8
       4
       5
       3
       8
       5
       9
       5
       4
       2
       5
       8
       7
       6
      11
       6
       9
       4
       5
       4
       4
       5
       8
       2
       4
       8
       4
       7
       8
       4
       5
       9
       6
       5
       8
       8
       2
       6
      11
       6
      14
       9
      11
      11
      13
       7
       9
       8
       5
      12
       7
       4
       7
       9
       9
      10
       7
       5
       8
       5
       6
      10
       5
       5
       4
       3
       7
       5
       2
       6
       4
       5
       6
       5
       8
       8
       4
       9
       4
       9
       5
       6
       5
       5
       5
       7
       8
       7
       7
       4
       5
       6
       6
       8
       6
       7
       5
       3
       6
       7
       3
       2
       7
       8
       5
       5
       8
       5
       7
       5
       6
       3
       5
       5
       6
       4
       4
       3
       3
       4
       9
       2
       5
       6
       3
       5
       6
      11
       8
       3
       9
      12
       7
       7
       8
       5
       6
       6
       8
       3
       2
       6
       6
       5
       3
       5
       6
       5
       1
       5
       8
       7
       5
       4
       6
       6
       5
       9
       6
       6
       9
       7
       6
       5
       4
       4
       2
       5
       8
       4
       8
       4
       3
       4
       7
       6
       2
       5
       4
       7
       5
       6
       5
       5
       6
       4
       5
       4
       4
       7
       6
       7
       7
       7
      11
       5
      10
       4
       7
       5
       6
      13
       6
       6
       6
       2
       3
      11
       1
       4
       2
       4
       4
       4
       8
       5
       3
       4
       4
       8
       4
       8
      10
       6
       8
       1
       4
       4
       3
       7
       5
      12
       5
      12
       7
       9
       9
       7
      13
      16
      24
      37
      57
      70
      92
     156
     186
     230
     361
     371
     438
     465
     533
     481
     473
     401
     348
     240
     203
     145
      93
      88
      27
      15
      11
       8
       3
       2
       4
       0
       3
       5
       2
       4
       5
       4
       5
       5
       4
       3
       5
       3
       4
       4
       6
       2
       4
       4
       7
       2
       3
       4
       3
       3
       3
       2
       2
       5
       4
       4
       5
       4
       5
       2
       7
       1
       9
       2
       5
       8
       6
       1
       5
       6
       7
       3
       6
      12
       2
       2
       6
       7
       7
       6
       5
       2
       5
       1
       4
       8
       3
       9
       6
       9
       6
       9
      14
      23
      27
      22
      22
      23
      25
      23
      18
      14
      13
      12
       7
       7
       3
       7
       5
       4
       4
       3
       4
       6
       6
      11
       4
       8
       5
       0
       8
       8
       6
       7
       5
       6
       5
       6
      10
       6
       3
       5
       7
       4
       2
       3
       3
       5
       4
       2
       5
       5
       7
       6
       5
       5
       5
       5
       4
       4
       3
       3
      10
       4
       6
       2
       4
       5
       1
       3
       2
       3
       3
       4
       4
       2
       3
       4
       1
       5
       2
       6
       4
       4
       6
       3
       3
       5
       4
       2
       2
       5
       4
       6
       8
      15
      14
      10
      16
      16
      24
      17
      14
      18
      17
       8
       6
       7
       5
       4
       5
       4
       8
       7
       5
       3
       5
       3
       1
       4
       4
       5
       4
       2
       3
       1
       3
       3
       2
       3
       4
       5
       3
       3
       1
       8
       3
       4
       1
       2
       4
       4
       4
       5
       4
       7
       3
       7
       8
       2
       4
       4
       5
       3
       3
       2
       6
       4
       3
       6
       7
       3
       1
       3
       6
       3
       2
       3
       4
       2
       4
       4
       8
       4
       5
       3
       7
       2
       4
       6
       4
       6
       5
       1
       5
       6
       3
       3
       3
       3
       4
       4
       4
       7
       3
       2
       3
       3
       5
       4
       7
       8
       5
       4
       4
      10
       7
       6
       9
      13
      17
      19
      15
      14
      12
      14
       7
      14
       9
       7
       8
      10
       7
       2
       6
      11
       0
       4
       3
       5
       4
       5
       3
       4
       2
       2
       0
       4
       2
       3
       3
       4
       5
       2
       6
       4
       4
       0
       4
       2
       6
       3
       8
       2
       4
       5
       2
       6
       4
       5
       3
       3
       5
       6
       1
       3
       2
       7
       4
       3
       3
       5
       5
       4
       4
       8
      12
      12
       7
       9
      12
      18
      26
      30
      37
      25
      44
      53
      40
      39
      41
      28
      29
      16
      14
      14
      14
       7
       5
       5
       5
       5
       6
       8
       3
       4
       7
       3
       2
       5
       2
       5
       6
       4
       3
       5
      12
       6
       8
       4
       2
       5
       4
       2
       3
       5
       5
       5
       2
       3
      17
       9
       2
       4
       2
       4
       3
       5
       4
       3
       3
       2
       4
       3
       4
       1
       0
       5
       1
       2
       4
       4
       9
       5
       7
       3
       5
       8
       5
       5
       4
       2
       4
       8
       5
       9
       7
       7
       3
       5
       4
       6
       5
      13
       8
       2
       3
       4
       6
       3
       4
       5
       2
      10
       8
      11
      10
      10
       5
      13
       2
       6
       4
       8
       3
       4
       4
       3
       5
       6
       7
       4
       7
       8
       5
       4
       7
       8
       6
       6
       3
       1
       9
       9
       4
       1
       5
       4
       4
       3
       5
       5
       2
       3
       6
       4
       5
       2
       4
       5
       2
       2
       7
       0
       4
       4
       5
       3
       3
       3
       8
       5
       8
       7
       7
      10
      10
      13
      11
      12
      12
      10
      14
      10
       7
      12
       4
      10
       3
       8
       7
       4
       1
       3
       4
       5
       3
       2
       2
       4
       5
       6
       5
       3
       5
       4
       5
       3
       3
       4
       8
       5
       3
       4
      10
       2
       6
      10
       4
       2
       4
      10
       4
       3
       0
       4
       6
       5
       6
       3
       5
       2
       2
       2
       3
       4
       5
       5
       8
       4
       8
       5
       2
       5
       5
       3
       7
      10
       7
       3
      11
      14
      13
      12
      25
      27
      31
      35
      38
      32
      37
      42
      31
      24
      17
      12
      10
      12
       7
       8
       7
       4
       6
       5
       5
       2
       4
       4
       4
       2
       4
       3
       2
       3
       1
       5
       4
       5
       3
       4
       4
       4
       6
       5
       2
       2
       3
       3
       4
       3
       3
       1
       3
       6
       3
       4
       1
       5
       2
       4
       6
       0
       3
       3
       5
       4
       4
       3
       4
       3
       4
       3
       4
       3
       7
       2
       2
       3
       5
       1
       6
       6
       4
       3
       5
       7
       3
       8
       4
       3
       4
       2
       3
       5
       1
       4
       4
       3
       2
       3
       5
       5
       3
       4
       7
       2
       4
       4
       4
       9
       6
       6
       7
       7
       5
       3
       8
       6
       2
       5
       4
       6
       1
       5
       3
       3
       7
       4
       7
       5
       5
       4
       3
       5
       5
       5
       4
       2
       2
       1
       3
       5
       5
       4
       4
       1
       3
       3
       4
       1
       3
       1
       1
       1
       3
       8
       3
       3
       6
       4
       3
       3
       2
       1
       4
       4
       2
       2
       5
       2
       2
       3
       3
       4
       6
       2
       6
       4
       2
       4
       7
       3
       4
       4
       5
       4
       2
       3
       0
       1
       3
       3
       7
       3
       5
       5
       7
       5
       2
       2
       4
       3
       5
       4
       3
       3
       4
       4
       4
       3
       2
       2
       4
       3
       3
       3
       2
       3
       3
       9
       5
       6
       7
       2
       5
       7
       4
       3
       5
       4
       4
       4
       6
       3
       1
       7
       7
       5
       3
       7
       4
       8
       5
       5
       8
      11
       7
       9
       6
       5
       3
       6
       8
       6
       9
       5
       7
       1
       6
       4
       3
       6
       4
       4
       4
       5
       0
       3
       6
       3
       2
       7
       4
       3
       3
       5
       5
       2
       1
       4
       3
       2
       3
       2
       6
       6
       7
       3
       7
       3
       7
       1
       3
       7
       4
       5
       4
       4
       5
       3
       1
       3
       6
       3
       3
       6
       6
       0
       5
       2
       5
       4
       3
       1
       3
       5
       1
       3
       3
       4
       5
       8
       1
       4
       2
       2
       4
       3
       3
       1
       5
       2
       6
       4
       7
       1
       5
       2
       2
       3
       2
       3
       3
       5
       3
       1
       8
       6
       4
       8
       4
       5
       8
       6
       2
       1
       3
       2
       2
       3
       5
       3
       5
       2
       4
       5
       5
       6
       3
       3
       7
       4
       2
       3
       6
       3
       1
       5
       9
       4
       4
       3
       6
       2
       2
       4
       5
       5
       1
       3
       3
       3
       0
       4
       1
       3
       6
       2
       4
       4
       1
       6
       2
       2
       6
       2
       2
       1
       4
       4
       6
       4
       3
       2
       5
       5
       2
       4
       3
       3
       9
       6
       4
       8
       3
       5
       4
       3
       5
       4
       2
       3
       5
       3
       4
       3
       3
       6
       1
       1
       0
       0
       6
       0
       7
       4
       8
       4
       9
       3
       6
       8
       4
       5
       3
      10
       7
       4
      11
       4
       3
       6
       4
       4
       5
       4
       5
       5
       1
       4
       2
       9
       3
       4
       9
       1
       5
       7
       3
       2
       0
       2
       3
       6
       8
       2
       4
       3
       3
       7
       4
       1
       1
       4
       2
       1
       8
       3
       5
       8
       6
       1
       6
       6
       7
       6
      15
      14
      12
      24
      12
      22
      19
      25
      26
      23
      10
      14
      13
      14
       8
       6
       6
       4
       9
       4
       4
       4
       2
       3
       3
       2
       4
       3
       5
       4
       3
       5
       2
       3
       4
       2
       3
       2
       5
       5
       2
       5
       3
       2
       2
       2
       6
       3
       9
       2
       2
       5
       4
       5
       3
       3
       4
       3
       4
       4
       1
       2
       5
       5
       4
       2
       4
       4
       4
       2
       5
       2
       6
       2
       3
       1
       8
       2
       6
       2
       1
       1
       2
       3
       5
       4
       2
       2
       2
       1
       2
       2
       7
       1
       3
       2
       4
       4
       4
       3
       5
       2
       2
       3
       7
       4
       5
       5
       2
       2
       3
       1
       4
       6
       1
       4
       3
       1
       3
       3
       2
       4
       3
       3
       6
       6
       3
       3
       3
       3
       1
       6
       0
       6
       3
       9
       7
       3
       5
       5
       4
       0
       2
       1
       5
       6
       3
       3
       4
       5
       4
       4
       3
       3
       4
       2
       6
       1
       4
       2
       1
       5
       5
       2
       5
       6
       5
       6
       2
       5
       3
       1
       7
       1
       3
       2
       2
       0
       4
       3
       3
       7
       0
       5
       3
       4
       1
       4
       4
       6
       4
       4
       2
       3
       3
       4
       6
       3
       5
       1
       4
       4
       6
       5
       9
       5
       2
       4
       5
       4
       3
       2
      10
       3
       3
       2
       6
       4
       4
       6
       5
       4
       7
       3
       7
       4
       2
       4
       5
       1
       5
       0
       5
       6
       5
       2
       4
       3
       2
       5
       4
       6
       3
       6
       3
       3
       3
       5
       0
       4
       7
       4
       3
       5
       8
       2
       3
       4
       3
       3
       5
       1
       2
       1
       1
       3
       3
       2
       4
       2
       3
       3
       4
       5
       3
       6
       3
       4
       3
       4
       6
       5
       9
       6
       6
       5
       8
       6
       4
       5
       2
       3
       3
       0
       6
       4
       3
       3
       1
       3
       1
       1
       1
       3
       0
       4
       4
       7
       2
       3
       2
       8
       2
       4
       4
       7
       9
       7
       3
       8
       5
       8
       4
       5
       6
       4
       4
       6
       3
       3
       2
       5
       5
       2
       3
       5
       5
       2
       1
       2
      11
       3
       9
       2
       3
       0
       1
       3
       3
       3
       2
       4
       3
       6
       2
       4
       6
       3
       4
       6
       6
       8
      12
      11
       6
       4
      13
      18
      13
      12
      14
      16
      26
      15
      13
       7
       9
       6
      11
       5
       9
       3
       1
       0
       2
       4
       8
       3
       4
       1
       5
       5
       3
       6
       3
       3
       6
       3
       2
       8
       4
       6
       6
       4
       3
       3
       2
       4
       3
       2
       5
       7
       5
       5
       8
       4
       6
       5
       1
       4
       2
       5
       4
       2
       7
       4
       4
       1
       5
       2
       3
       2
       0
       2
       3
       4
       5
       1
       1
       5
       6
       6
       5
       3
       4
       4
       5
       4
       5
       3
       3
       2
       3
       4
       5
       6
       1
       1
       4
       1
       4
       1
       3
       0
       5
       2
       2
       3
       3
       2
       1
       3
       5
       4
       1
       6
       2
       2
       2
       4
       1
       5
       2
       1
       4
       6
       3
       8
       2
       4
       6
       1
       4
       4
       5
       6
       6
       1
       3
       2
       4
       5
       0
       6
       4
       5
       4
       5
       3
       2
       3
       6
       8
       5
       1
       1
       4
       0
       3
       2
       2
       4
       5
       4
       3
       4
       0
       1
       5
       2
       2
       2
       1
       4
       5
       3
       3
       3
       2
       5
       2
       2
       2
       7
       4
       3
       1
       4
       5
       2
       5
       3
       7
       1
       2
       4
       1
       0
       3
       5
       0
       1
       1
       6
       5
       3
       7
       3
       1
       5
       3
       2
       4
       7
       7
       3
       1
       4
       4
       2
       7
       8
       5
       5
       7
       5
       5
       6
       7
       8
       6
       6
       7
       6
       3
       4
       2
       4
       3
       5
       1
       1
       4
       0
       3
       3
       5
       5
       3
       8
       3
       5
       3
       2
       2
       4
       0
       0
       1
       2
       4
       5
       7
       3
       2
       6
       4
       0
       3
       5
       1
       4
       5
       1
       1
       2
       5
       4
       3
       1
       3
       3
       5
       2
       2
       0
       3
       2
       3
       6
       1
       3
       1
       4
       1
       4
       1
       2
       3
       4
       3
       3
       9
       4
       1
       3
       3
       3
       4
       3
       1
       1
       4
       3
       2
       1
       1
       7
       5
       1
       4
       2
       3
       1
       2
       2
       0
       1
       1
       6
       2
       2
       6
       2
       2
       1
       2
       3
       4
       2
       2
       4
       5
       3
       1
       3
       2
       5
       3
       4
       3
       2
       5
       5
       1
       4
       1
       3
       4
       3
       3
       0
       3
       2
       1
       1
       3
       3
       6
       2
       3
       1
       4
       0
       1
       3
       2
       3
       1
       1
       1
       5
       3
       4
       1
       2
       0
       1
       0
       4
       3
       2
       3
       2
       1
       4
       1
       0
       4
       2
       2
       2
       5
       0
       2
       3
       4
       1
       1
       3
       3
       2
       3
       4
       2
       2
       3
       3
       0
       5
       2
       4
       0
       0
       4
       4
       4
       3
       1
       1
       6
       3
       2
       1
       5
       3
       1
       0
       3
       2
       5
       2
       3
       7
       6
       3
      12
       7
       8
       2
      12
      16
       6
       6
       8
       4
       9
       6
       2
       3
       3
       3
       8
       2
       1
       1
       3
       1
       2
       5
       2
       6
       2
       2
       3
       5
       2
       3
       2
       5
       3
       1
       5
       1
       4
       0
       0
       1
       3
       1
       5
       5
       2
       4
       2
       0
       2
       3
       0
       5
       2
       1
       4
       4
       1
       2
       2
       1
       1
       2
       3
       4
       3
       5
       2
       3
       0
       2
       3
       5
       2
       2
       2
       6
       1
       4
       2
       3
       4
       3
       2
       2
       1
       0
       6
       2
       2
       2
       3
       2
       3
       2
       2
       1
       1
       2
       4
       0
       4
       1
       2
       3
       2
       4
       3
       3
       5
       2
       0
       3
       2
       1
       1
       3
       0
       0
       3
       1
       2
       3
       2
       0
       1
       7
       2
       6
       1
       4
       6
       5
       0
       4
       2
       7
       4
       3
       7
       4
       1
       6
       6
       5
       8
       3
       6
       8
       5
       3
       4
       8
       8
       8
       4
       6
       7
       3
       4
       2
       2
       3
       4
       4
       3
       1
       4
       1
       1
       1
       3
       0
       1
       2
       2
       2
       6
       6
       6
       7
      13
      20
      11
      21
      38
      31
      36
      41
      55
      40
      36
      36
      30
      19
      24
      12
      16
       5
      10
       6
       5
       4
       0
       3
       3
       1
       3
       4
       3
       2
       1
       3
       0
       6
       2
       4
       1
       2
       4
       0
       2
       2
       1
       0
       3
       1
       1
       1
       1
       1
       1
       2
       3
       0
       2
       3
       1
       0
       2
       0
       1
       2
       5
       2
       2
       1
       2
       1
       1
       2
       2
       0
       2
       3
       6
       1
       3
       0
       2
       2
       2
       2
       0
       4
       5
       1
       1
       0
       2
       2
       2
       1
       5
       2
       3
       1
       4
       3
       1
       1
       6
       3
       3
       3
       1
       2
       5
       2
       3
       2
       2
       3
       3
       3
       2
       2
       1
       2
       3
       1
       4
       3
       1
       0
       1
       0
       1
       1
       4
       4
       0
       3
       3
       4
       5
       1
       3
       2
       1
       4
       3
       1
       3
       1
       3
       3
       2
       1
       2
       5
       4
       3
       3
       3
       5
       1
       4
       2
       0
       3
       6
       0
       0
       1
       6
       3
       3
       1
       5
       1
       1
       4
       0
       0
       6
       4
       1
       4
       4
       4
       1
       2
       2
       0
       0
       2
       0
       2
       2
       3
       1
       5
       1
       3
       1
       4
       0
       2
       3
       1
       2
       1
       4
       6
       1
       0
       0
       3
       2
       0
       1
       2
       4
       2
       2
       2
       1
       1
       5
       4
       1
       0
       3
       0
       2
       2
       4
       2
       3
       2
       1
       4
       2
       3
       2
       3
       1
       1
       2
       3
       5
       2
       2
       3
       2
       1
       1
       4
       0
       3
       1
       1
       1
       2
       2
       1
       3
       3
       2
       3
       0
       3
       2
       1
       6
       1
       1
       2
       2
       2
       4
       3
       3
       3
       2
       1
       5
       2
       4
       2
       3
       2
       2
       3
       4
       1
       1
       2
       1
       2
       1
       2
       2
       3
       3
       2
       4
       1
       3
       3
       1
       1
       3
       2
       3
       0
       2
       3
       2
       3
       2
       1
       1
       3
       2
       1
       2
       1
       2
       1
       2
       3
       1
       3
       4
       1
       2
       1
       3
       3
       2
       1
       2
       2
       2
       5
       2
       4
       5
       1
       2
       3
       4
       3
       1
       2
       2
       4
       3
       4
       2
       0
       0
       3
       3
       3
       2
       3
       2
       1
       2
       4
       2
       1
       0
       2
       4
       2
       7
       4
       3
       2
       0
       2
       3
       0
       0
       0
       3
       0
       2
       2
       2
       3
       1
       2
       4
       3
       3
       1
       2
       2
       0
       2
       1
       3
       2
       2
       4
       5
       1
       2
       2
       0
       1
       0
       3
       0
       1
       4
       0
       1
       1
       1
       4
       1
       0
       1
       4
       3
       2
       2
       5
       2
       1
       3
       3
       3
       2
       4
       3
       0
       1
       1
       3
       2
       0
       0
       3
       3
       0
       4
       2
       1
       1
       4
       1
       2
       4
       4
       0
       4
       0
       8
       6
       1
       3
       2
       8
       5
       0
       6
       3
       3
       4
       2
       3
       3
       3
       2
       3
       1
       4
       1
       6
       2
       0
       4
       5
       2
       3
       5
       3
       5
       0
       3
       3
       1
       2
       4
       1
       7
       5
       4
       4
       5
       2
       3
       2
       5
       4
       5
       5
       1
       4
       4
       5
       4
       2
       5
       3
       2
       1
       2
       2
       1
       2
       3
       2
       3
       0
       1
       4
       4
       1
       1
       2
       4
       4
       2
       2
       2
       2
       4
       3
       2
       8
       3
       6
       6
       3
       4
       5
       3
       3
       4
       1
       4
       2
       6
       4
       4
       5
       3
       7
       4
       3
       8
       2
       5
       5
      13
       9
      17
      22
      17
      36
      45
      46
      61
      89
      86
      83
      84
      81
      85
      65
      68
      45
      43
      29
      35
      16
      14
       7
       7
       6
       2
       5
       2
       2
       0
       1
       0
       1
       5
       2
       6
       0
       0
       3
       3
       0
       0
       1
       1
       4
       0
       5
       3
       4
       3
       2
       3
       2
       3
       3
       2
       0
       1
       1
       5
       0
       1
       3
       4
       4
       4
       3
       2
       0
       2
       2
       1
       1
       4
       4
       2
       5
       3
       2
       4
       5
       4
       3
       1
       2
       2
       0
       3
       1
       0
       3
       3
       1
       0
       6
       1
       4
       2
       3
       3
       2
       4
       1
       1
       0
       1
       3
       1
       2
       1
       3
       2
       4
       8
       3
       2
       5
       0
       2
       0
       2
       1
       1
       2
       3
       2
       2
       2
       2
       1
       4
       1
       1
       2
       2
       1
       2
       1
       4
       2
       1
       0
       2
       1
       2
       1
       0
       0
       1
       2
       1
       2
       1
       1
       0
       2
       5
       3
       0
       1
       6
       3
       2
       0
       2
       4
       3
       3
       4
       3
       1
       7
       3
       2
       3
       8
       8
       7
       3
       5
       1
       2
       4
       2
       3
       0
       2
       2
       2
       4
       4
       2
       1
       5
       2
       3
       2
       1
       1
       3
       4
       2
       7
       5
       6
       4
       5
       7
       4
       6
       3
       5
       4
       7
       7
       5
       1
       3
       3
       2
       3
       4
       4
       3
       0
       3
       0
       2
       5
       1
       2
       1
       2
       1
       0
       2
       2
       1
       0
       1
       3
       1
       3
       4
       0
       3
       4
       0
       3
       4
       1
       3
       4
       0
       1
       1
       0
       1
       0
       1
       1
       2
       2
       5
       0
       2
       3
       0
       2
       4
       0
       4
       1
       1
       4
       3
       3
       4
       1
       0
       2
       3
       3
       4
       2
       1
       4
       0
       0
       5
       1
       1
       2
       1
       1
       0
       4
       2
       2
       3
       0
       1
       1
       3
       1
       0
       2
       1
       2
       0
       1
       4
       1
       3
       3
       3
       0
       1
       2
       2
       2
       0
       1
       3
       1
       0
       2
       2
       3
       0
       3
       1
       1
       3
       0
       2
       4
       1
       2
       1
       0
       3
       2
       2
       4
       1
       2
       1
       0
       5
       1
       2
       2
       2
       2
       1
       1
       4
       1
       2
       1
       2
       2
       0
       2
       1
       1
       1
       0
       1
       2
       2
       1
       0
       1
       0
       4
       2
       2
       2
       2
       2
       1
       3
       1
       4
       1
       0
       2
       1
       2
       2
       2
       3
       2
       2
       1
       7
       1
       2
       4
       1
       1
       5
       0
       3
       1
       1
       0
       2
       0
       3
       0
       3
       1
       1
       1
       3
       2
       0
       2
       1
       1
       1
       1
       1
       3
       4
       1
       0
       0
       4
       3
       3
       1
       4
       2
       2
       3
       2
       0
       4
       1
       4
       3
       3
       3
       1
       1
       5
       2
       0
       0
       1
       0
       4
       2
       0
       4
       1
       1
       0
       2
       2
       2
       0
       2
       2
       0
       3
       2
       2
       0
       1
       3
       1
       2
       1
       1
       3
       1
       0
       6
       1
       1
       1
       2
       2
       3
       2
       0
       0
       2
       4
       1
       0
       1
       1
       0
       2
       1
       2
       1
       2
       1
       1
       1
       2
       4
       5
       2
       3
       3
       3
       1
       0
       0
       2
       2
       1
       2
       2
       3
       4
       0
       1
       1
       2
       4
       1
       0
       4
       4
       3
       4
       7
       5
       6
       0
       4
       7
       6
       5
       6
       4
       2
       0
       3
       2
       1
       0
       3
       3
       4
       3
       1
       1
       1
       1
       1
       2
       1
       1
       1
       0
       1
       0
       0
       2
       2
       0
       2
       3
       2
       1
       2
       3
       2
       1
       0
       4
       1
       1
       0
       1
       4
       0
       2
       1
       4
       1
       1
       2
       2
       1
       0
       1
       3
       2
       4
       3
       1
       1
       1
       1
       0
       1
       1
       1
       1
       2
       4
       4
       1
       2
       1
       1
       0
       0
       2
       0
       2
       0
       4
       1
       2
       0
       0
       0
       1
       0
       1
       0
       1
       1
       1
       3
       3
       0
       5
       1
       2
       0
       2
       3
       1
       1
       0
       1
       0
       0
       5
       1
       2
       2
       3
       2
       1
       0
       1
       2
       0
       1
       1
       1
       0
       2
       1
       2
       2
       1
       0
       1
       0
       1
       1
       1
       3
       0
       2
       1
       0
       1
       3
       0
       4
       0
       0
       2
       0
       1
       2
       0
       1
       1
       0
       4
       0
       2
       1
       2
       2
       2
       3
       0
       2
       0
       1
       1
       2
       3
       1
       4
       2
       2
       1
       2
       1
       0
       2
       1
       0
       1
       0
       0
       1
       0
       1
       0
       0
       0
       1
       1
       1
       3
       1
       0
       3
       2
       1
       4
       1
       3
       4
       1
       2
       2
       4
       0
       0
       0
       2
       1
       0
       1
       1
       2
       2
       0
       2
       1
       2
       2
       1
       3
       0
       1
       3
       0
       2
       2
       1
       2
       0
       3
       1
       2
       2
       1
       1
       1
       2
       2
       1
       1
       3
       0
       1
       1
       0
       0
       1
       0
       0
       0
       3
       2
       1
       4
       0
       1
       3
       0
       3
       4
       0
       3
       6
       1
       6
       5
       5
       5
       3
       3
       2
       1
       2
       0
       2
       1
       0
       2
       0
       2
       0
       1
       0
       2
       3
       2
       1
       1
       1
       1
       2
       4
       0
       1
       2
       0
       1
       0
       4
       1
       1
       2
       1
       0
       0
       0
       2
       0
       3
       4
       2
       1
       0
       3
       0
       1
       2
       3
       3
       0
       1
       2
       1
       3
       1
       0
       4
       0
       1
       1
       1
       0
       4
       1
       0
       1
       3
       0
       1
       0
       1
       4
       2
       2
       2
       5
       1
       2
       4
       0
       1
       0
       1
       1
       1
       1
       0
       1
       0
       1
       0
       1
       0
       1
       0
       2
       1
       2
       3
       5
       2
       0
       1
       1
       1
       0
       0
       0
       1
       0
       0
       3
       0
       2
       0
       0
       1
       3
       0
       0
       4
       0
       0
       1
       2
       0
       3
       1
       2
       1
       1
       1
       3
       0
       0
       1
       2
       2
       2
       1
       3
       0
       1
       2
       2
       1
       2
       1
       3
       2
       1
       0
       2
       5
       4
       0
       1
       1
       5
       3
       4
       7
       4
       3
       3
       5
       2
       1
       1
       3
       1
       0
       0
       1
       1
       1
       3
       1
       0
       3
       0
       3
       1
       2
       0
       0
       1
       2
       0
       1
       1
       2
       2
       1
       1
       1
       1
       0
       1
       0
       0
       0
       2
       1
       2
       2
       1
       2
       1
       1
       0
       2
       2
       1
       0
       2
       0
       1
       1
       1
       1
       0
       1
       0
       4
       1
       1
       1
       0
       1
       2
       1
       2
       2
       0
       1
       0
       3
       3
       1
       2
       1
       1
       1
       1
       3
       0
       3
       1
       1
       0
       2
       1
       0
       2
       1
       0
       1
       2
       0
       2
       2
       2
       2
       0
       0
       0
       3
       1
       0
       1
       1
       3
       2
       2
       1
       3
       2
       3
       1
       2
       1
       2
       2
       0
       1
       1
       1
       2
       0
       3
       0
       0
       0
       0
       0
       1
       2
       2
       0
       1
       2
       1
       2
       0
       1
       2
       1
       1
       0
       2
       1
       1
       3
       3
       1
       8
       3
       5
      11
      11
      12
      13
      17
      18
      17
      13
      16
      11
      17
      16
      14
       5
       6
       6
       4
       3
       1
       1
       2
       3
       0
       0
       1
       0
       1
       1
       0
       1
       0
       1
       0
       1
       0
       3
       3
       0
       0
       0
       2
       1
       1
       0
       3
       0
       1
       3
       0
       1
       0
       0
       1
       1
       1
       5
       2
       1
       1
       1
       1
       0
       0
       2
       1
       1
       1
       1
       2
       3
       1
       1
       1
       1
       3
       1
       4
       1
       4
       2
       0
       0
       4
       6
       0
       4
       2
       2
      10
       6
       2
       8
      11
      13
       6
       9
      16
      17
      19
      19
      14
       9
      10
      11
      10
       3
       6
       3
       2
       4
       2
       0
       0
       2
       0
       3
       0
       0
       0
       1
       1
       2
       1
       0
       0
       0
       2
       0
       2
       1
       0
       1
       2
       1
       0
       2
       1
       3
       2
       0
       2
       1
       4
       1
       0
       1
       2
       0
       1
       2
       0
       0
       1
       2
       0
       1
       0
       1
       0
       0
       1
       0
       2
       0
       2
       0
       3
       1
       1
       1
       1
       4
       0
       0
       2
       1
       3
       0
       1
       1
       3
       3
       2
       5
       6
       6
      11
       9
      11
      11
      14
      23
      29
      31
      27
      40
      43
      33
      30
      42
      23
      18
      13
      21
      10
       7
       5
       3
       4
       5
       2
       1
       1
       1
       0
       0
       1
       2
       3
       0
       0
       0
       0
       2
       0
       0
       3
       0
       2
       1
       2
       1
       0
       0
       2
       0
       1
       1
       4
       2
       2
       1
       0
       1
       2
       1
       1
       3
       1
       1
       2
       0
       2
       2
       1
       1
       1
       3
       0
       0
       1
       1
       1
       1
       1
       1
       2
       1
       1
       1
       1
       1
       1
       0
       2
       1
       3
       3
       2
       3
       2
       1
       1
       3
       2
       2
       1
       4
       3
       2
       4
       1
       1
       1
       2
       0
       1
       1
       3
       1
       0
       2
       0
       0
       2
       1
       1
       1
       1
       2
       0
       0
       1
       2
       0
       0
       2
       1
       2
       0
       0
       0
       0
       3
       2
       0
       0
       1
       1
       0
       4
       3
       0
       1
       2
       1
       0
       3
       0
       2
       0
       0
       2
       0
       0
       2
       2
       5
       1
       1
       2
       1
       0
       0
       0
       2
       1
       1
       2
       0
       0
       0
       1
       1
       3
       1
       1
       1
       2
       0
       2
       0
       0
       1
       1
       0
       0
       1
       1
       0
       1
       0
       4
       2
       1
       2
       0
       0
       1
       1
       1
       0
       3
       3
       2
       1
       2
       2
       3
       0
       0
       1
       1
       0
       1
       2
       3
       2
       2
       2
       1
       0
       1
       1
       1
       1
       8
       3
       4
       4
       5
       2
       1
       1
       3
       4
      11
       3
       0
       1
       4
       2
       2
       2
       3
       6
       2
       5
       1
       1
       3
       2
       5
       3
       4
       7
       1
       6
       5
       4
       8
       4
       5
       4
       3
       7
       5
       8
       5
       5
       4
       9
       3
       6
       8
       7
       3
       5
       5
       1
       1
       2
       3
       1
       1
       0
       1
       2
       1
       3
       3
       0
       2
       0
       1
       1
       1
       0
       1
       0
       0
       1
       1
       1
       1
       2
       0
       0
       1
       1
       0
       2
       1
       2
       1
       1
       1
       0
       0
       0
       3
       1
       1
       0
       1
       1
       1
       0
       2
       2
       1
       2
       1
       0
       1
       0
       1
       1
       1
       3
       0
       0
       0
       1
       0
       3
       3
       0
       2
       2
       0
       1
       1
       1
       0
       1
       2
       1
       0
       1
       1
       1
       0
       3
       1
       2
       1
       3
       0
       1
       0
       1
       0
       1
       1
       0
       3
       2
       3
       0
       3
       0
       1
       1
       2
       1
       0
       1
       0
       1
       0
       3
       4
       3
       3
       1
       0
       1
       5
       5
       1
       3
       2
       3
       4
       2
       1
       1
       1
       1
       0
       0
       0
       1
       2
       2
       0
       2
       0
       2
       2
       0
       0
       0
       1
       2
       1
       1
       0
       0
       3
       1
       3
       1
       1
       1
       1
       4
       1
       1
       0
       2
       1
       2
       1
       2
       2
       2
       0
       0
       1
       0
       1
       2
       3
       1
       1
       2
       2
       1
       1
       0
       1
       2
       3
       0
       2
       0
       3
       0
       1
       0
       0
       0
       2
       0
       2
       3
       0
       1
       1
       0
       0
       1
       1
       4
       1
       1
       1
       0
       0
       1
       2
       2
       1
       0
       2
       1
       1
       1
       0
       0
       2
       1
       0
       0
       2
       1
       1
       1
       2
       1
       1
       1
       1
       0
       0
       1
       0
       1
       3
       1
       0
       2
       2
       0
       1
       2
       0
       1
       0
       1
       0
       1
       0
       1
       0
       3
       0
       0
       3
       1
       1
       3
       1
       0
       0
       0
       1
       0
       1
       1
       1
       2
       2
       3
       5
       0
       2
       0
       0
       1
       1
       2
       0
       0
       0
       1
       2
       1
       0
       0
       3
       1
       2
       1
       2
       1
       0
       1
       1
       2
       1
       1
       0
       0
       3
       0
       2
       1
       0
       0
       1
       0
       2
       0
       2
       0
       2
       1
       2
       0
       1
       0
       1
       3
       2
       0
       1
       4
       2
       3
       0
       2
       1
       4
       3
       1
       3
       0
       0
       2
       1
       1
       2
       1
       2
       1
       2
       2
       1
       0
       0
       0
       2
       2
       2
       1
       1
       0
       1
       0
       0
       2
       2
       0
       0
       1
       1
       1
       1
       1
       1
       1
       2
       2
       1
       1
       1
       1
       0
       1
       0
       3
       0
       2
       0
       1
       0
       2
       1
       2
       1
       2
       1
       0
       0
       1
       1
       0
       0
       1
       0
       0
       1
       0
       1
       1
       0
       0
       1
       1
       1
       2
       0
       0
       1
       1
       1
       3
       0
       0
       1
       3
       1
       3
       2
       1
       1
       3
       1
       2
       0
       1
       0
       1
       0
       1
       1
       2
       0
       0
       0
       2
       1
       0
       1
       1
       1
       1
       2
       1
       2
       1
       0
       1
       0
       1
       2
       2
       2
       1
       1
       0
       1
       2
       2
       1
       2
       2
       2
       1
       1
       0
       1
       0
       0
       0
       0
       1
       0
       0
       0
       1
       0
       0
       0
       1
       2
       1
       0
       2
       0
       0
       2
       1
       2
       2
       1
       2
       1
       1
       2
       1
       1
       0
       3
       1
       3
       0
       1
       0
       0
       0
       0
       1
       1
       2
       2
       0
       2
       2
       1
       0
       1
       1
       0
       0
       0
       1
       3
       2
       1
       1
       0
       3
       0
       0
       0
       1
       2
       2
       1
       1
       0
       2
       3
       0
       2
       1
       0
       0
       1
       2
       2
       0
       2
       0
       2
       2
       0
       1
       0
       0
       1
       2
       1
       1
       2
       1
       1
       2
       0
       2
       1
       1
       1
       2
       2
       2
       0
       2
       1
       2
       1
       1
       0
       0
       1
       1
       4
       2
       3
       3
       1
       3
       1
       2
       0
       1
       1
       1
       2
       1
       1
       0
       2
       1
       2
       4
       1
       4
       2
       3
       2
       2
       2
       3
       2
       2
       2
       6
       2
       1
       1
       3
       3
       1
       2
       0
       0
       1
       0
       1
       0
       2
       2
       0
       0
       1
       0
       0
       0
       2
       1
       1
       3
       0
       0
       0
       1
       4
       1
       1
       1
       1
       2
       0
       2
       0
       2
       4
       0
       0
       0
       2
       2
       1
       1
       1
       0
       0
       3
       1
       1
       2
       1
       2
       0
       1
       2
       4
       2
       1
       1
       1
       2
       0
       1
       2
       3
       1
       2
       0
       1
       3
       0
       0
       1
       0
       1
       1
       5
       1
       2
       0
       0
       4
       5
       0
       1
       5
       1
       3
       1
       2
       2
       0
       0
       2
       1
       3
       2
       5
       0
       0
       1
       1
       0
       0
       2
       0
       1
       2
       0
       0
       1
       3
       3
       2
       1
       2
       1
       1
       0
       1
       1
       1
       0
       2
       0
       2
       1
       1
       2
       0
       2
       0
       3
       1
       0
       1
       2
       5
       1
       2
       2
       1
       1
       0
       0
       0
       1
       2
       1
       0
       2
       3
       1
       2
       2
       1
       2
       0
       1
       2
       0
       2
       2
       0
       0
       2
       0
       0
       0
       0
       3
       0
       1
       2
       0
       0
       0
       2
       2
       4
       1
       2
       4
       3
       0
       1
       0
       2
       4
       0
       2
       0
       3
       3
       1
       3
       0
       0
       0
       1
       0
       1
       1
       1
       2
       3
       1
       3
       0
       1
       1
       1
       2
       0
       0
       0
       1
       0
       3
       1
       0
       1
       0
       0
       0
       3
       2
       1
       1
       1
       4
       1
       3
       2
       1
       1
       1
       1
       0
       1
       2
       1
       0
       0
       0
       0
       2
       3
       0
       1
       2
       2
       1
       2
       3
       1
       3
       2
       3
       2
       3
       1
       4
       2
       3
       0
       4
       4
       6
       1
       3
       4
       1
       1
       2
       2
       1
       2
       1
       1
       0
       2
       1
       1
       3
       0
       1
       1
       1
       3
       1
       1
       2
       1
       2
       1
       0
       1
       1
       3
       3
       0
       2
       1
       3
       1
       1
       1
       3
       2
       1
       2
       1
       2
       1
       5
       3
       3
       1
       2
       1
       2
       1
       2
       0
       0
       1
       1
       1
       4
       0
       2
       4
       4
       1
       4
       1
       1
       1
       3
       3
       1
       4
       1
       3
       2
       0
       2
       1
       1
       1
       2
       0
       0
       1
       1
       2
       3
       0
       0
       2
       3
       0
       1
       1
       0
       2
       0
       1
       2
       2
       1
       0
       0
       0
       2
       0
       1
       0
       1
       1
       2
       0
       1
       0
       7
       0
       3
       0
       3
       1
       0
       1
       1
       2
       0
       1
       3
       0
       1
       0
       0
       2
       1
       1
       2
       2
       3
       2
       2
       1
       0
       1
       1
       0
       0
       0
       2
       1
       1
       3
       1
       1
       1
       2
       1
       0
       1
       0
       3
       3
       2
       1
       0
       3
       0
       2
       2
       1
       0
       1
       1
       1
       3
       3
       2
       3
       3
       1
       0
       4
       2
       4
       1
       2
       2
       3
       2
       0
       0
       0
       0
       0
       0
       2
       3
       1
       2
       1
       2
       0
       1
       0
       2
       1
       2
       3
       0
       3
       1
       1
       2
       0
       1
       1
       2
       2
       1
       1
       0
       0
       0
       4
       1
       2
       2
       2
       1
       0
       0
       1
       3
       2
       1
       2
       2
       1
       1
       0
       1
       3
       3
       2
       2
       3
       3
       2
       2
       1
       3
       1
       1
       0
       3
       4
       2
       1
       0
       1
       0
       2
       3
       0
       0
       3
       2
       1
       1
       0
       0
       1
       0
       4
       4
       3
       3
       0
       0
       1
       2
       0
       3
       0
       2
       1
       2
       3
       1
       1
       0
       0
       0
       0
       0
       0
       4
       0
       0
       0
       1
       1
       0
       4
       2
       3
       1
       1
       0
       0
       0
       2
       3
       3
       3
       3
       2
       1
       1
       1
       0
       2
       0
       0
       1
       1
       2
       1
       0
       2
       0
       2
       1
       2
       3
       0
       5
       3
       3
       0
       0
       2
       1
       0
       0
       1
       3
       1
       1
       1
       4
       0
       1
       1
       1
       0
       2
       2
       1
       4
       1
       4
       2
       1
       3
       1
       0
       0
       0
       1
       1
       3
       1
       1
       3
       0
       2
       3
       1
       2
       0
       3
       2
       1
       5
       3
       1
       2
       1
       6
       5
       0
       3
       6
       0
       1
       1
       0
       2
       0
       2
       1
       2
       1
       3
       0
       1
       1
       3
       1
       1
       0
       0
       1
       2
       0
       2
       2
       1
       0
       0
       2
       0
       3
       0
       2
       1
       2
       0
       0
       0
       0
       1
       0
       1
       1
       2
       0
       2
       2
       0
       1
       0
       1
       1
       0
       2
       1
       1
       2
       0
       2
       3
       2
       1
       1
       1
       2
       1
       1
       0
       2
       2
       0
       1
       3
       1
       0
       4
       2
       0
       0
       3
       0
       1
       3
       1
       0
       1
       1
       2
       0
       0
       2
       1
       2
       1
       0
       3
       1
       1
       1
       0
       3
       2
       3
       0
       0
       1
       0
       4
       1
       2
       0
       2
       0
       1
       3
       3
       2
       1
       3
       0
       1
       2
       1
       2
       4
       1
       0
       3
       3
       2
       1
       2
       2
       1
       1
       1
       1
       1
       1
       1
       1
       1
       3
       2
       3
       0
       1
       1
       4
       1
       1
       0
       2
       4
       2
       2
       0
       1
       2
       0
       2
       1
       2
       1
       0
       1
       1
       0
       2
       1
       1
       0
       0
       0
       2
       1
       1
       0
       3
       0
       1
       3
       1
       1
       2
       1
       1
       0
       1
       1
       2
       2
       0
       0
       2
       0
       1
       3
       1
       1
       0
       4
       3
       2
       2
       0
       2
       2
       0
       3
       4
       1
       3
       1
       2
       3
       2
       2
       1
       1
       4
       0
       0
       0
       1
       0
       1
       2
       1
       0
       1
       0
       3
       2
       1
       0
       2
       0
       2
       1
       0
       0
       2
       2
       1
       1
       0
       3
       2
       1
       0
       2
       4
       1
       0
       1
       2
       2
       0
       1
       0
       1
       0
       0
       2
       0
       0
       0
       1
       1
       0
       1
       0
       3
       2
       0
       3
       3
       0
       2
       3
       0
       2
       2
       2
       0
       2
       1
       0
       1
       1
       1
       0
       1
       2
       0
       1
       2
       1
       2
       5
       1
       0
       2
       1
       0
       1
       4
       1
       1
       4
       2
       0
       0
       1
       1
       0
       0
       1
       2
       1
       0
       1
       1
       1
       2
       0
       2
       1
       0
       1
       1
       2
       0
       1
       0
       1
       1
       2
       1
       0
       0
       0
       0
       1
       2
       0
       1
       1
       1
       0
       2
       0
       0
       1
       3
       0
       1
       0
       0
       0
       1
       1
       1
       1
       0
       0
       2
       1
       0
       0
       1
       1
       0
       1
       1
       1
       2
       0
       4
       0
       2
       0
       0
       0
       0
       0
       1
       0
       2
       1
       0
       2
       1
       0
       0
       3
       1
       1
       3
       1
       2
       1
       1
       1
       0
       1
       1
       1
       2
       2
       1
       3
       1
       1
       1
       1
       0
       1
       2
       0
       3
       0
       0
       1
       3
       2
       2
       1
       0
       1
       2
       0
       0
       3
       2
       2
       0
       0
       1
       1
       1
       1
       2
       1
       4
       1
       2
       3
       3
       4
       1
       0
       1
       6
       0
       1
       1
       2
       0
       0
       0
       2
       2
       1
       0
       3
       1
       1
       0
       0
       0
       1
       0
       0
       1
       1
       1
       2
       0
       0
       0
       3
       1
       0
       2
       1
       0
       0
       0
       2
       1
       1
       1
       1
       1
       4
       0
       0
       1
       0
       0
       1
       0
       0
       2
       0
       1
       0
       1
       0
       3
       2
       0
       0
       2
       2
       2
       0
       1
       1
       0
       1
       0
       2
       0
       1
       0
       1
       0
       1
       2
       0
       1
       1
       1
       1
       0
       0
       1
       3
       1
       0
       1
       2
       2
       1
       2
       1
       0
       2
       3
       1
       0
       0
       0
       0
       1
       0
       0
       1
       2
       0
       1
       1
       1
       1
       0
       1
       2
       1
       0
       1
       1
       0
       3
       1
       0
       0
       1
       1
       1
       0
       0
       2
       1
       1
       1
       1
       0
       0
       0
       0
       0
       1
       0
       0
       0
       1
       0
       1
       0
       0
       1
       1
       2
       0
       0
       1
       0
       2
       3
       1
       1
       1
       4
       0
       0
       1
       1
       0
       1
       1
       2
       0
       0
       1
       1
       1
       0
       2
       2
       0
       1
       1
       0
       1
       0
       0
       0
       1
       0
       3
       0
       1
       0
       0
       1
       1
       3
       1
       0
       0
       1
       1
       1
       1
       2
       1
       0
       1
       1
       2
       1
       1
       0
       1
       0
       1
       1
       0
       2
       0
       3
       3
       2
       0
       1
       0
       1
       1
       1
       0
       1
       0
       1
       0
       1
       1
       2
       1
       2
       2
       2
       0
       2
       1
       0
       0
       0
       0
       0
       2
       0
       0
       0
       0
       0
       0
       0
       1
       1
       0
       0
       1
       1
       0
       2
       4
       2
       0
       0
       2
       0
       1
       0
       2
       0
       1
       3
       1
       1
       0
       2
       2
       1
       1
       0
       2
       1
       0
       0
       1
       2
       3
       0
       0
       2
       0
       3
       2
       0
       1
       0
       1
       0
       4
       2
       2
       1
       2
       1
       3
       3
       1
       1
       2
       1
       1
       0
       1
       0
       1
       1
       0
       0
       1
       0
       0
       2
       0
       1
       0
       0
       0
       0
       0
       2
       1
       0
       0
       2
       1
       0
       0
       1
       0
       2
       2
       0
       3
       0
       0
       0
       0
       1
       0
       1
       2
       1
       0
       1
       1
       0
       0
       2
       2
       0
       0
       0
       0
       1
       0
       0
       0
       0
       0
       2
       1
       1
       0
       1
       0
       0
       1
       1
       2
       0
       2
       1
       1
       1
       3
       0
       0
       0
       1
       1
       1
       0
       2
       0
       0
       2
       0
       0
       0
       0
       0
       0
       0
       0
       1
       1
       1
       3
       0
       1
       0
       2
       1
       1
       1
       0
       1
       3
       0
       0
       1
       1
       1
       1
       0
       0
       1
       0
       1
       1
       0
       0
       0
       1
       0
       0
       1
       0
       2
       0
       0
       0
       1
       1
       2
       2
       0
       2
       0
       0
       0
       1
       0
       0
       1
       0
       1
       1
       1
       2
       1
       0
       0
       1
       1
       0
       2
       0
       1
       0
       0
       0
       0
       0
       0
       1
       0
       0
       0
       0
       0
       2
       2
       0
       1
       0
       1
       2
       0
       0
       0
       2
       0
       1
       0
       0
       0
       0
       1
       0
       1
       0
       0
       0
       2
       0
       0
       0
       2
       1
       0
       0
       0
       2
       1
       1
       1
       1
       0
       1
       1
       0
       0
       0
       0
       0
       0
       1
       0
       0
       2
       0
       1
       0
       0
       0
       1
       0
       0
       1
       1
       0
       1
       1
       1
       0
       1
       1
       1
       2
       2
       1
       0
       1
       1
       2
       1
       1
       1
       1
       1
       1
       2
       1
       0
       1
       0
       0
       0
       2
       1
       2
       3
       0
       0
       1
       1
       0
       0
       0
       0
       0
       1
       0
       0
       0
       0
       0
       1
       2
       0
       1
       0
       1
       1
       1
       1
       1
       1
       2
       0
       0
       0
       0
       1
       3
       2
       1
       1
       0
       0
       2
       1
       1
       0
       2
       0
       0
       1
       0
       2
       0
       2
       0
       0
       1
       3
       1
       1
       1
       0
       0
       2
       0
       0
       2
       0
       0
       0
       1
       0
       2
       2
       0
       1
       2
       1
       2
       1
       0
       1
       1
       0
       0
       1
       0
       0
       1
       1
       0
       1
       0
       0
       0
       0
       1
       0
       1
       0
       0
       0
       0
       0
       1
       0
       1
       0
       1
       0
       1
       2
       0
       0
       0
       1
       1
       0
       1
       0
       1
       0
       0
       0
       0
       2
       2
       0
       1
       1
       0
       2
       1
       0
       3
       1
       0
       1
       0
       2
       0
       0
       0
       1
       0
       0
       1
       2
       1
       0
       1
       1
       2
       0
       2
       0
       0
       0
       0
       1
       1
       0
       2
       0
       0
       1
       1
       0
       1
       0
       2
       1
       0
       1
       2
       0
       0
       0
       0
       0
       0
       0
       0
       0
       1
       1
       1
       0
       0
       0
       0
       0
       0
       0
       0
       0
       1
       1
       0
       0
       0
       0
       0
       0
       0
       2
       0
       1
       0
       1
       2
       2
       4
       1
       6
       4
       2
       5
       6
      10
       5
       9
      13
      17
      21
      25
      34
      36
      43
      47
      36
      50
      62
      66
      45
      47
      55
      51
      39
      39
      30
      17
      17
      15
       8
       6
       2
       0
       0
       2
       3
       0
       1
       0
       1
       0
       1
       0
       0
       0
       0
       1
       0
       1
       0
       1
       0
       0
       0
       1
       2
       0
       0
       0
       0
       0
       0
       1
       0
       0
       1
       1
       0
       0
       2
       0
       0
       0
       0
       0
       1
       0
       1
       0
       0
       2
       0
       0
       0
       1
       1
       2
       0
       1
       0
       2
       1
       4
       0
       1
       3
       2
       3
       1
       1
       2
       1
       1
       3
       1
       2
       2
       1
       2
       0
       1
       0
       0
       0
       0
       1
       0
       0
       0
       0
       1
       0
       0
       0
       1
       0
       0
       0
       0
       0
       0
       2
       0
       0
       0
       0
       0
       0
       1
       0
       1
       0
       0
       2
       0
       0
       0
       0
       0
       0
       0
       0
       0
       0
       0
       1
       0
       1
       0
       1
       0
       1
       0
       0
       0
       1
       0
       0
       0
       0
       0
       1
       1
       0
       1
       0
       0
       1
       1
       1
       0
       0
       0
       1
       2
       0
       0
       0
       0
       0
       0
       0
       2
       0
       2
       0
       2
       1
       1
       0
       0
       0
       0
       3
       1
       0
       0
       2
       0
       0
       0
       0
       1
       1
       0
       1
       2
       0
       1
       0
       0
       0
       0
       0
       1
       2
       0
       1
       2
       0
       0
       0
       0
       1
       0
       0
       1
       0
       1
       1
       0
       2
       0
       0
       1
       1
       2
       0
       3
       0
       0
       0
       1
       1
       0
       4
       0
       1
       0
       0
       2
       0
       0
       1
       0
       0
       1
       1
       0
       0
       0
       0
       1
       0
       0
       0
       0
       0
       1
       0
       0
       0
       0
       0
       2
       0
       0
       0
       0
       1
       0
       0
       0
       0
       0
       1
       0
       0
       1
       0
       0
       1
       0
       1
       1
       0
       0
       0
       0
       3
       0
       0
       0
       0
       0
       0
       2
       0
       1
       0
       1
       0
       0
       0
       0
       1
       0
       0
       0
       0
       0
       0
       1
       0
       1
       2
       0
       1
       1
       2
       2
       0
       1
       1
       0
       3
       0
       1
       0
       0
       0
       0
       0
       0
       0
       1
       1
       1
       0
       1
       0
       0
       0
       1
       0
       0
       2
       0
       0
       0
       0
       1
       0
       0
       1
       0
       0
       0
       2
       0
       0
       0
       0
       1
       0
       2
       0
       1
       0
       0
       0
       0
       0
       1
       1
       1
       0
       0
       0
       0
       0
       0
       1
       0
       0
       0
       1
       1
       1
       1
       0
       0
       0
       1
       0
       0
       2
       2
       1
       0
       0
       3
       0
       0
       1
       0
       0
       1
       0
       0
       0
       0
       0
       0
       0
       0
       1
       0
       0
       0
       0
       0
       0
       0
       0
       0
       1
       0
       0
       1
       0
       0
       1
       1
       2
       1
       0
       0
       2
       2
       0
       0
       0
       0
       0
       1
       0
       1
       0
       0
       1
       4
       1
       1
       1
       0
       3
       2
       2
       0
       1
       3
       1
       4
       1
       3
       1
       0
       0
       2
       0
       1
       1
       1
       3
       0
       0
       0
       0
       1
       0
       2
       0
       0
       2
       1
       1
       0
       1
       0
       0
       1
       1
       0
       0
       0
       0
       1
       1
       1
       1
       1
       0
       0
       1
       0
       0
       0
       0
       3
       1
       1
       0
       1
       0
       0
       0
       0
       2
       0
       0
       0
       3
       0
       0
       2
       0
       0
       3
       2
       2
       0
       0
       1
       1
       0
       1
       0
       1
       0
       0
       0
       0
       0
       0
       2
       1
       0
       0
       0
       0
       0
       1
       0
       0
       1
       0
       1
       1
       1
       1
       0
       0
       0
       3
       0
       0
       0
       0
       0
       1
       2
       0
       0
       1
       0
       0
       0
       2
       0
       0
       0
       0
       0
       0
       1
       1
       1
       0
       0
       0
       1
       1
       0
       0
       0
       0
       0
       2
       0
       1
       0
       0
       0
       3
       0
       0
       1
       0
       1
       1
       1
       0
       1
       0
       0
       0
       0
       1
       0
       0
       0
       0
       2
       0
       0
       0
       0
       0
       0
       1
       2
       1
       2
       0
       1
       0
       1
       2
       1
       0
       1
       0
       0
       0
       1
       0
       1
       1
       1
       2
       0
       0
       0
       0
       1
       0
       0
       0
       1
       1
       2
       1
       2
       1
       2
       0
       0
       1
       0
       0
       0
       0
       0
       0
       0
       0
       0
       1
       1
       1
       0
       2
       0
       0
       0
       0
       2
       1
       3
       0
       1
       4
       2
       1
       0
       1
       1
       1
       2
       0
       0
       1
       1
       1
       2
       0
       4
       0
       2
       0
       5
       1
       1
       5
       0
       0
       5
       3
       4
       5
       4
       4
       3
       5
       3
       3
       2
       3
       5
       0
       4
       0
       1
       1
       1
       2
       0
       0
       0
       0
       2
       0
       0
       1
       1
       0
       0
       1
       0
       0
       0
       0
       0
       1
       1
       0
       1
       1
       1
       0
       0
       0
       0
       0
       0
       1
       0
       1
       0
       1
       1
       0
       1
       1
       0
       0
       1
       0
       0
       0
       0
       1
       0
       0
       0
       0
       1
       1
       1
       1
       2
       1
       1
       1
       1
       1
       0
       0
       0
       2
       0
       2
       2
       0
       2
       1
       1
       1
       0
       2
       0
       1
       1
       0
       1
       1
       0
       1
       2
       0
       0
       1
       0
       0
       1
       1
       1
       1
       1
       0
       0
       1
       2
       0
       0
       0
       0
       0
       1
       0
       2
       2
       0
       1
       1
       0
       0
       1
       0
       0
       1
       0
       0
       1
       1
       2
       2
       0
       0
       0
       0
       0
       1
       0
       0
       0
       1
       1
       0
       1
       0
       0
       1
       0
       1
       1
       0
       0
       0
       0
       0
       1
       0
       0
       0
       0
       0
       0
       0
       1
       2
       1
       0
       1
       2
       1
       1
       0
       0
       0
       1
       1
       1
       1
       1
       2
       0
       0
       2
       0
       0
       0
       0
       0
       0
       3
       0
       0
       0
       1
       0
       0
       1
       0
       0
       1
       2
       0
       0
       1
       0
       1
       0
       0
       1
       2
       0
       0
       0
       0
       1
       0
       1
       0
       1
       1
       1
       1
       1
       0
       0
       0
       0
       0
       0
       0
       1
       1
       0
       0
       0
       1
       1
       0
       1
       0
       0
       0
       1
       0
       1
       0
       0
       2
       0
       1
       0
       0
       1
       1
       1
       0
       0
       0
       0
       0
       0
       1
       3
       0
       0
       0
       1
       0
       2
       2
       2
       3
       0
       1
       0
       2
       1
       0
       1
       0
       0
       0
       1
       0
       0
       0
       1
       0
       2
       0
       1
       0
       1
       0
       5
       0
       0
       1
       0
       0
       1
       0
       0
       0
       0
       0
       2
       0
       0
       1
       1
       1
       0
       0
       1
       0
       1
       0
       0
       0
       0
       2
       1
       0
       0
       0
       1
       0
       2
       1
       0
       0
       1
       3
       1
       0
       0
       1
       0
       1
       0
       1
       1
       1
       1
       0
       0
       0
       0
       0
       1
       0
       0
       1
       0
       0
       0
       1
       0
       1
       1
       0
       0
       1
       0
       0
       1
       1
       1
       0
       0
       0
       1
       1
       1
       0
       2
       0
       2
       1
       1
       0
       1
       1
       1
       0
       1
       1
       1
       0
       0
       0
       1
       0
       1
       1
       0
       2
       0
       1
       1
       0
       0
       0
       0
       0
       2
       0
       1
       1
       1
       0
       0
       0
       0
       0
       1
       0
       0
       0
       0
       1
       0
       0
       2
       0
       1
       1
       1
       0
       0
       0
       1
       1
       1
       1
       0
       0
       1
       0
       0
       0
       2
       0
       0
       0
       0
       0
       0
       2
       2
       1
       0
       0
       0
       0
       1
       1
       1
       2
       0
       2
       0
       1
       1
       0
       0
       1
       2
       0
       0
       1
       0
       0
       0
       2
       1
       3
       0
       0
       0
       1
       0
       0
       0
       0
       0
       0
       1
       0
       0
       0
       1
       2
       0
       0
       0
       1
       0
       2
       0
       1
       0
       1
       1
       0
       1
       1
       0
       0
       1
       2
       1
       0
       0
       0
       0
       0
       1
       0
       1
       1
       0
       0
       0
       0
       0
       0
       1
       1
       0
       2
       0
       0
       1
       0
       1
       0
       1
       0
       0
       1
       0
       0
       0
       0
       0
       0
       0
       0
       0
       1
       0
       0
       0
       0
       0
       0
       1
       0
       0
       0
       1
       1
       0
       0
       0
       2
       1
       2
       0
       0
       1
       1
       0
       0
       0
       0
       0
       0
       0
       0
       0
       0
       0
       1
       0
       0
       2
       1
       0
       0
       1
       0
       0
       0
       1
       0
       0
       1
       1
       1
       0
       2
       1
       0
       1
       0
       0
       0
       0
       1
       1
       1
       0
       3
       0
       1
       0
       0
       1
       0
       0
       0
       1
       0
       1
       1
       1
       3
       0
       1
       0
       0
       1
       0
       1
       0
       2
       0
       1
       0
       0
       1
       3
       1
       1
       0
       0
       1
       3
       1
       0
       0
       0
       0
       0
       0
       1
       1
       0
       0
       0
       0
       0
       1
       3
       0
       0
       1
       0
       0
       1
       1
       1
       0
       0
       1
       0
       0
       0
       0
       1
       0
       0
       1
       0
       0
       1
       1
       1
       1
       0
       1
       0
       0
       2
       0
       2
       1
       0
       0
       2
       1
       0
       3
       0
       2
       0
       0
       0
       0
       0
       1
       1
       1
       2
       0
       0
       1
       0
       0
       0
       0
       0
       0
       0
       1
       1
       1
       0
       0
       0
       1
       0
       2
       1
       3
       0
       1
       0
       2
       0
       1
       1
       0
       0
       0
       0
       0
       1
       0
       0
       0
       2
       0
       0
       0
       0
       1
       1
       2
       0
       0
       1
       1
       1
       0
       0
       2
       1
       1
       0
       0
       0
       0
       0
       0
       1
       0
       0
       1
       0
       0
       2
       0
       0
       0
       1
       1
       0
       0
       0
       0
       1
       1
       0
       2
       1
       0
       1
       0
       0
       1
       0
       0
       0
       0
       0
       1
       0
       0
       2
       0
       0
       0
       1
       0
       2
       0
       1
       1
       0
       1
       0
       1
       0
       0
       1
       0
       0
       1
       0
       1
       1
       0
       0
       1
       0
       0
       0
       0
       0
       0
       0
       1
       0
       1
       0
       0
       0
       3
       1
       0
       1
       0
       1
       0
       0
       1
       0
       0
       1
       2
       0
       1
       0
       2
       0
       1
       1
       0
       0
       2
       1
       1
       0
       0
       0
       0
       0
       0
       1
       0
       0
       0
       1
       0
       1
       0
       2
       0
       0
       1
       0
       4
       0
       0
       1
       2
       0
       0
       2
       0
       0
       0
       0
       0
       1
       0
       0
       0
       1
       0
       1
       0
       0
       0
       0
       1
       3
       1
       2
       1
       2
       1
       0
       0
       1
       1
       0
       0
       1
       1
       2
       0
       0
       1
       0
       0
       1
       0
       2
       0
       1
       1
       1
       2
       0
       0
       1
       2
       0
       0
       0
       0
       0
       0
       0
       0
       0
       0
       1
       0
       2
       1
       2
       1
       0
       0
       0
       0
       0
       0
       0
       2
       1
       1
       2
       2
       0
       0
       2
       1
       0
       0
       0
       1
       1
       1
       4
       0
       0
       1
       1
       2
       0
       1
       0
       2
       1
       1
       3
       0
       2
       0
       0
       1
       0
       1
       1
       1
       3
       2
       0
       1
       0
       0
       1
       0
       0
       0
       0
       1
       0
       0
       0
       1
       0
       1
       2
       0
       1
       0
       0
       0
       1
       0
       0
       1
       0
       2
       1
       0
       0
       1
       1
       0
       0
       0
       0
       0
       1
       0
       0
       0
       0
       0
       1
       0
       1
       1
       0
       1
       0
       0
       0
       0
       3
       0
       0
       1
       1
       1
       1
       3
       1
       0
       1
       1
       0
       0
       1
       1
       0
       0
       1
       1
       1
       3
       0
       1
       0
       0
       0
       0
       1
       0
       1
       1
       0
       1
       2
       0
       1
       0
       1
       1
       0
       0
       0
       1
       0
       1
       1
       0
       1
       0
       0
       1
       1
       0
       1
       0
       1
       1
       1
       1
       2
       1
       0
       0
       1
       0
       2
       0
       1
       0
       1
       1
       0
       0
       1
       0
       1
       0
       0
       1
       1
       0
       3
       0
       2
       1
       0
       1
       0
       0
       1
       2
       0
       1
       0
       2
       0
       0
       1
       2
       0
       1
       0
       1
       0
       1
       0
       0
       0
       0
       1
       1
       0
       1
       0
       0
       0
       1
       0
       0
       0
       2
       0
       0
       0
       1
       0
       1
       0
       0
       0
       0
       0
       3
       2
       0
       0
       0
       1
       0
       1
       0
       0
       1
       0
       0
       0
       0
       1
       1
       0
       0
       2
       2
       1
       1
       0
       0
       1
       1
       2
       0
       0
       1
       2
       1
       1
       3
       0
       0
       0
       0
       1
       0
       2
       0
       1
       1
       1
       1
       2
       1
       1
       1
       1
       0
       1
       1
       0
       0
       1
       0
       1
       1
       0
       2
       1
       1
       0
       0
       0
       1
       1
       3
       0
       3
       0
       1
       0
       0
       0
       1
       1
       0
       1
       0
       1
       0
       0
       0
       1
       0
       0
       1
       0
       0
       0
       0
       1
       1
       0
       2
       2
       2
       1
       1
       0
       1
       0
       0
       0
       0
       1
       1
       0
       1
       0
       1
       2
       4
       1
       2
       2
       2
       0
       4
       4
       2
       4
       4
       4
       5
       2
       3
       6
       3
       3
       2
       4
       2
       0
       4
       1
       1
       1
       0
       0
       1
       1
       1
       2
       1
       1
       0
       1
       0
       0
       0
       0
       0
       0
       1
       3
       1
       0
       0
       2
       0
       0
       1
       1
       1
       0
       3
       1
       0
       1
       1
       2
       1
       4
       0
       0
       1
       0
       2
       0
       0
       0
       0
       0
       1
       0
       0
       1
       2
       0
       1
       2
       2
       1
       0
       1
       0
       0
       2
       1
       1
       1
       0
       0
       0
       0
       1
       0
       1
       0
       0
       1
       1
       0
       1
       3
       1
       3
       0
       0
       0
       2
       0
       0
       0
       1
       0
       0
       0
       0
       0
       1
       1
       2
       2
       2
       0
       0
       2
       1
       0
       1
       2
       0
       1
       0
       1
       1
       1
       2
       0
       0
       1
       1
       0
       0
       0
       1
       1
       1
       0
       0
       0
       0
       1
       2
       3
       0
       0
       0
       0
       0
       1
       2
       0
       0
       0
       1
       1
       1
       0
       2
       0
       1
       0
       2
       0
       0
       0
       0
       0
       0
       2
       1
       1
       1
       0
       0
       2
       0
       0
       1
       2
       0
       0
       0
       0
       0
       1
       1
       0
       0
       0
       1
       1
       0
       0
       2
       0
       2
       0
       0
       0
       0
       1
       0
       2
       1
       0
       0
       0
       0
       0
       0
       1
       1
       2
       1
       1
       0
       0
       0
       0
       0
       0
       0
       1
       0
       0
       1
       1
       1
       0
       1
       1
       3
       1
       1
       0
       0
       0
       2
       1
       0
       0
       0
       1
       0
       0
       0
       1
       0
       0
       1
       0
       0
       0
       1
       0
       1
       0
       0
       0
       1
       0
       1
       0
       0
       0
       0
       0
       0
       0
       1
       0
       1
       0
       1
       1
       0
       0
       0
       1
       1
       0
       1
       0
       0
       0
       0
       1
       0
       0
       0
       0
       0
       0
       0
       1
       1
       0
       0
       0
       0
       1
       0
       0
       0
       0
       0
       0
       1
       0
       2
       3
       1
       0
       1
       2
       0
       0
       0
       0
       0
       0
       0
       1
       0
       0
       1
       0
       0
       2
       0
       0
       0
       0
       0
       0
       0
       0
       0
       0
       0
       0
       0
       0
       0
       1
       0
       1
       0
       1
       0
       0
       0
       0
       1
       0
       0
       2
       1
       0
       0
       0
       0
       0
       0
       1
       0
       0
       0
       0
       1
       0
       3
       0
       1
       0
       0
       1
       0
       1
       0
       0
       1
       0
       0
       0
       0
       0
       0
       0
       1
       0
       0
       0
       0
       0
       0
       0
       0
       1
       0
       1
       0
       2
       0
       0
       0
       0
       0
       1
       0
       0
       0
       0
       2
       1
       0
       1
       0
       0
       1
       0
       0
       1
       1
       0
       0
       0
       0
       1
       0
       1
       0
       1
       0
       0
       0
       0
       0
       0
       0
       0
       0
       0
       0
       0
       0
       0
       0
       0
       0
       0
       1
       0
       0
       0
       2
       1
       0
       0
       0
       1
       0
       2
       0
       0
       0
       0
       0
       1
       2
       0
       0
       0
       0
       0
       1
       0
       0
       2
       0
       0
       0
       0
       0
       1
       1
       0
       0
       0
       0
       0
       1
       0
       0
       0
       0
       1
       0
       2
       0
       0
       1
       0
       1
       3
       0
       0
       1
       0
       0
       0
       1
       0
       0
       0
       0
       0
       1
       0
       0
       0
       0
       2
       0
       1
       0
       1
       1
       1
       0
       0
       1
       0
       0
       0
       0
       0
       1
       0
       0
       0
       1
       0
       0
       0
       2
       0
       0
       0
       0
       0
       0
       1
       0
       0
       0
       0
       2
       1
       1
       0
       0
       0
       0
       0
       1
       0
       0
       0
       0
       0
       0
       0
       0
       0
       0
       0
       0
       0
       0
       0
       0
       0
       0
       1
       0
       0
       2
       0
       0
       0
       0
       0
       0
       1
       0
       0
       0
       0
       0
       0
       0
       0
       0
       0
       1
       0
       0
       0
       0
       0
       0
       0
       2
       0
       0
       0
       0
       1
       1
       0
       0
       1
       0
       2
       0
       0
       0
       0
       0
       0
       0
       0
       0
       1
       0
       0
       0
       1
       0
       1
       0
       1
       0
       0
       0
       0
       1
       0
       1
       1
       0
       0
       0
       0
       0
       0
       0
       0
       0
       0
       1
       0
       0
       0
       0
       0
       1
       0
       0
       0
       0
       0
       0
       0
       0
       0
       0
       0
       0
       0
       1
       0
       0
       0
       0
       0
       0
       0
       0
       0
       0
       0
       0
       0
       0
       0
       1
       0
       0
       0
       1
       0
       0
       0
       0
       0
       0
       0
       0
       0
       0
       0
       0
       0
       0
       1
       0
       0
       0
       1
       0
       0
       2
       0
       0
       0
       0
       0
       0
       0
       2
       0
       0
       0
       0
       0
       0
       1
       0
       0
       0
       0
       1
       0
       1
       0
       0
       1
       2
       0
       0
       0
       0
       0
       0
       1
       0
       0
       1
       0
       0
       0
       0
       1
       0
       1
       0
       0
       1
       0
       0
       0
       0
       0
       1
       1
       1
       0
       0
       0
       0
       0
       0
       0
       1
       0
       0
       0
       0
       0
       0
       0
       0
       0
       0
       0
       1
       1
       0
       0
       0
       0
       1
       0
       0
       0
       0
       0
       0
       0
       0
       0
       0
       0
       0
       0
       0
       0
       1
       0
       0
       0
       0
       0
       1
       0
       0
       0
       0
       0
       0
       0
       0
       0
       1
       2
       0
       0
       0
       0
       0
       0
       0
       0
       0
       0
       0
       0
       0
       0
       0
       0
       0
       1
       0
       0
       0
       0
       0
       0
       1
       0
       1
       0
       0
       0
       0
       0
       1
       0
       0
       0
       0
       1
       0
       0
       0
       0
       0
       0
       0
       0
       0
       0
       1
       0
       0
       1
       0
       1
       0
       0
       0
       1
       0
       0
       0
       0
       0
       0
       0
       1
       0
       1
       0
       0
       0
       0
       0
       1
       0
       0
       0
       0
       0
       0
       1
       0
       0
       0
       0
       0
       0
       1
       0
       0
       1
       0
       0
       0
       0
       0
       0
       0
       0
       1
       0
       0
       0
       0
       0
       0
       0
       1
       0
       0
       0
       2
       1
       2
       1
       1
       1
       2
       5
       6
       6
       2
       5
       8
       5
       6
       4
      10
       5
       9
       4
       2
       8
       5
       5
       2
       4
       2
       1
       0
       2
       0
       2
       0
       1
       0
       0
       0
       0
       0
       0
       0
       0
       0
       0
       0
       0
       0
       0
       1
       0
       1
       0
       0
       0
       0
       0
       0
       0
       1
       0
       0
       0
       0
       0
       0
       1
       0
       0
       0
       1
       0
       0
       0
       0
       0
       0
       0
       0
       0
       0
       0
       0
       0
       1
       0
       0
       0
       0
       0
       0
       1
       0
       0
       0
       0
       0
       0
       0
       0
       0
       0
       1
       0
       0
       0
       0
       0
       1
       1
       0
       0
       0
       0
       0
       0
       0
       0
       0
       0
       0
       0
       0
       0
       0
       0
       0
       0
       0
       0
       0
       0
       0
       0
       0
       0
       0
       0
       0
       0
       0
       0
       0
       0
       0
       0
       0
       0
       0
       0
       0
       0
       0
       0
       0
       0
       0
       0
       0
       0
       0
       0
       0
       0
       0
       0
       0
       0
       0
       0
       0
       0
       0
       0
       0
       0
       0
       0
       0
       0
       0
       0
       0
       0
       0
       0
       0
       0
       0
       0
       0
       0
       0
       0
       0
       0
       0
       0
       0
       0
       0
       0
       0
       0
       0
       0
       0
       0
       0
       0
       0
       0
       0
       0
       0
       0
       0
       0
       0
       0
       0
       0
       0
       0
       0
       0
       0
       0
       0
       0
       0
       0
       0
       0
       0
       0
       0
       0
       0
       0
       0
       0
       0
       0
       0
       0
       0
       0
       0
       0
       0
       0
       0
       0
       0
       0
       0
       0
       0
       0
       0
       0
       0
       0
       0
       0
       0
       0
       0
       0
       0
       0
       0
       0
       0
       0
       0
       0
       0
       0
       0
       0
       0
       0
       0
       0
       0
       0
       0
       0
       0
       0
       0
       0
       0
       0
       0
       0
       0
       0
       0
       0
       0
       0
       0
       0
       0
       0
       0
       0
       0
       0
       0
       0
       0
       0
       0
       0
       0
       0
       0
       0
       0
       0
       0
       0
       0
       0
       0
       0
       0
       0
       0
       0
       0
       0
       0
       0
       0
       0
       0
       0
       0
       0
       0
       0
       0
       0
       0
       0
       0
       0
       0
       0
       0
       0
       0
       0
       0
       0
       0
       0
       0
       0
       0
       0
       0
       0
       0
$ROI:
11
583 647
961 1022
1579 1617
1945 1972
2543 2573
3149 3192
3710 3760
4621 4695
5562 5597
6799 6831
13202 13243
$PRESETS:
None
0
0
$ENER_FIT:
0.397847 0.199192
$MCA_CAL:
3
3.978472E-001 1.991916E-001 0.000000E+000 keV
$SHAPE_CAL:
3
5.030225E+000 9.745300E-004 0.000000E+000
