$SPEC_ID:
No sample description was entered.
$SPEC_REM:
DET# 1
DETDESC# DESKTOP-9VUPE7E Model 927 SN 7115241 Input 1
AP# Maestro Version 7.01
$DATE_MEA:
12/04/2025 10:56:50
$MEAS_TIM:
1104 1129
$DATA:
0 16383
       0
       0
       0
       0
       0
       0
       0
       0
       0
       0
       0
       0
       0
       0
       0
       0
       0
       0
       0
       0
       0
       0
       0
       0
       0
       0
       0
       0
       0
       0
       0
       0
       0
       0
       0
       0
       0
       0
       0
       0
       0
       0
       0
       0
       0
       0
       0
       0
       0
       0
       0
       0
       0
       0
       0
       0
       0
       0
       0
       0
       0
       0
       0
       0
       0
       0
       0
       0
       0
       0
       0
       0
       0
       0
       0
       0
       0
       0
       0
       0
       0
       0
       0
       0
       0
       0
       0
       0
       0
       0
       0
       0
       0
       0
       0
       0
       0
       0
       0
       0
       0
       0
       0
       0
       0
       0
       0
       0
       0
       0
       0
       0
       0
       0
       0
       0
       0
       0
       0
       0
       0
       0
       0
       0
       0
       0
       0
       0
       0
       0
       0
       0
       0
       0
       0
       0
       0
       0
       0
       0
       0
       0
       0
       0
       0
       0
       0
       0
       0
       0
       0
       0
       0
       0
       0
       0
       0
       0
       0
       0
       0
       0
       0
       0
       0
       0
       0
       0
       0
       0
       0
       0
       0
       0
       0
       0
       0
       0
       0
       0
       0
       0
       0
       0
       0
       0
       0
       0
       0
       0
       0
       0
       0
       0
       0
       0
       0
       0
       0
       0
       0
       0
       0
       0
       0
       0
       0
       0
       0
       0
       0
       0
       0
       0
       0
       0
       0
       0
       0
       0
       0
       0
       0
       0
       0
       0
       0
       0
       0
       0
       0
       0
       0
       0
       0
       0
       0
       0
       0
       0
       0
       0
       0
       0
       0
       0
       0
       0
       0
       0
       0
       0
       0
       0
       0
       0
       0
       0
       0
       0
       0
       0
       0
       0
       0
       0
       0
       0
       0
       0
       0
       0
       0
       0
       0
       0
       0
       0
       0
       0
       0
       0
       0
       0
       0
       0
       0
       0
       0
       0
       0
       0
       0
       0
       0
       0
       0
       0
       0
       0
       0
       0
       0
       0
       0
       0
       0
       0
       0
       0
       0
       0
       0
       0
       0
       0
       0
       0
       0
       0
       0
       0
       0
       0
       0
       0
       0
       0
       0
       0
       0
       0
       0
       0
       0
       0
       0
       0
       0
       0
       0
       0
       0
       0
       0
       0
       0
       0
       0
       0
       0
       0
       0
       0
       0
       0
       0
       0
       0
       0
       0
       0
       0
       0
       0
       0
       0
       0
       0
       0
       0
       0
       0
       0
       0
       0
       0
       0
       0
       0
       0
       0
       0
       0
       0
       0
       0
       0
       0
       0
       0
       0
       0
       0
       0
       0
       0
       0
       2
      18
      79
     108
     130
     129
     125
     121
     131
     105
     130
     136
     143
     123
     137
     129
     135
     139
     142
     143
     127
     121
     127
     113
     146
     146
     139
      99
     151
     152
     125
     141
     146
     127
     152
     142
     132
     166
     148
     152
     136
     123
     148
     151
     136
     145
     136
     141
     136
     158
     140
     149
     168
     149
     165
     140
     169
     150
     143
     130
     142
     172
     154
     133
     137
     157
     159
     146
     139
     137
     143
     132
     110
     142
     139
     149
     151
     131
     151
     127
     146
     123
     142
     152
     120
     120
     117
     129
     141
     153
     126
     143
     141
     127
     168
     113
     132
     128
     135
     154
     121
     134
     141
     128
     171
     133
     137
     148
     141
     115
     126
     163
     132
     133
     162
     148
     119
     152
     150
     130
     161
     148
     137
     163
     126
     144
     150
     138
     154
     165
     125
     143
     124
     139
     143
     158
     151
     154
     162
     137
     166
     158
     149
     150
     151
     161
     154
     144
     150
     154
     145
     149
     128
     181
     141
     166
     167
     183
     186
     175
     178
     149
     162
     155
     151
     160
     159
     137
     151
     156
     166
     162
     155
     165
     156
     168
     147
     173
     160
     179
     175
     137
     162
     157
     159
     168
     165
     158
     164
     182
     163
     170
     172
     162
     175
     143
     177
     190
     186
     175
     218
     201
     260
     301
     368
     576
     745
     870
    1051
    1024
     965
     722
     542
     382
     315
     213
     197
     174
     163
     137
     161
     147
     163
     155
     147
     157
     147
     137
     172
     171
     157
     168
     160
     162
     158
     165
     155
     179
     170
     150
     150
     147
     189
     164
     147
     142
     158
     156
     160
     180
     140
     156
     173
     168
     172
     146
     181
     141
     161
     184
     153
     150
     151
     144
     172
     155
     147
     194
     187
     175
     159
     129
     157
     161
     156
     174
     145
     180
     168
     159
     162
     152
     173
     172
     157
     161
     161
     178
     184
     168
     165
     186
     156
     175
     175
     160
     169
     148
     188
     180
     181
     145
     173
     165
     181
     188
     166
     169
     159
     182
     189
     166
     185
     179
     179
     167
     159
     152
     179
     190
     175
     191
     169
     161
     160
     175
     190
     179
     173
     199
     162
     160
     168
     189
     177
     176
     190
     174
     183
     200
     173
     176
     176
     171
     178
     151
     180
     184
     186
     170
     158
     181
     185
     177
     160
     191
     169
     200
     181
     183
     169
     174
     187
     159
     173
     196
     167
     168
     179
     175
     187
     209
     166
     156
     209
     167
     182
     206
     169
     177
     154
     167
     162
     188
     185
     157
     188
     175
     167
     164
     186
     175
     161
     169
     175
     194
     177
     194
     193
     175
     179
     165
     180
     197
     178
     205
     185
     166
     194
     193
     195
     188
     184
     174
     167
     188
     175
     195
     172
     177
     181
     192
     180
     178
     185
     175
     173
     159
     182
     166
     187
     171
     190
     191
     169
     175
     189
     184
     177
     195
     186
     195
     189
     159
     172
     193
     180
     165
     176
     184
     178
     178
     172
     184
     207
     182
     186
     167
     175
     181
     188
     170
     175
     184
     190
     193
     169
     189
     165
     185
     135
     181
     156
     171
     187
     169
     188
     166
     177
     180
     172
     196
     169
     173
     179
     166
     177
     193
     177
     179
     209
     173
     176
     184
     149
     151
     198
     177
     195
     192
     216
     183
     185
     163
     172
     169
     197
     198
     196
     156
     190
     172
     195
     206
     155
     192
     192
     199
     181
     184
     174
     173
     192
     166
     165
     162
     167
     176
     183
     156
     189
     184
     166
     150
     155
     161
     170
     172
     178
     179
     163
     173
     193
     164
     151
     155
     195
     163
     179
     198
     183
     183
     177
     174
     200
     171
     180
     193
     176
     198
     177
     164
     152
     192
     170
     171
     181
     148
     165
     208
     178
     175
     188
     171
     184
     188
     171
     176
     165
     182
     193
     177
     228
     252
     368
     509
     773
     996
    1300
    1521
    1541
    1409
    1112
     841
     601
     368
     262
     196
     160
     142
     154
     163
     165
     147
     158
     108
     133
     149
     120
     150
     168
     148
     150
     141
     127
     138
     156
     135
     153
     146
     142
     171
     154
     155
     150
     163
     134
     143
     144
     175
     156
     152
     134
     154
     143
     138
     137
     133
     166
     136
     191
     146
     157
     136
     132
     150
     115
     150
     124
     140
     153
     132
     164
     155
     142
     129
     147
     154
     129
     152
     139
     143
     137
     149
     145
     167
     132
     134
     140
     164
     160
     136
     146
     141
     148
     158
     154
     169
     142
     141
     151
     168
     183
     136
     128
     130
     162
     175
     143
     157
     143
     132
     158
     138
     135
     140
     160
     145
     145
     139
     155
     138
     152
     155
     155
     147
     138
     130
     132
     152
     145
     133
     143
     133
     131
     153
     156
     125
     148
     151
     119
     164
     140
     145
     136
     134
     137
     138
     137
     134
     149
     156
     143
     150
     155
     149
     125
     157
     152
     141
     146
     136
     126
     134
     147
     145
     134
     133
     161
     141
     121
     150
     122
     135
     151
     143
     158
     126
     130
     142
     152
     142
     146
     124
     147
     128
     150
     117
     125
     135
     144
     135
     135
     165
     154
     162
     129
     137
     144
     143
     135
     131
     128
     151
     154
     130
     158
     159
     154
     155
     120
     138
     153
     118
     138
     146
     146
     112
     123
     147
     132
     147
     129
     121
     130
     141
     141
     149
     140
     134
     152
     146
     140
     134
     132
     137
     168
     130
     144
     118
     134
     126
     156
     109
     142
     159
     134
     134
     146
     119
     126
     163
     137
     151
     116
     116
     125
     146
     119
     113
     134
     131
     146
     120
     121
     136
     122
     121
     147
     118
     120
     139
     149
     127
     152
     154
     120
     134
     132
     129
     127
     134
     116
     122
     131
     113
     123
     129
     144
     115
     130
     128
     110
     142
     120
     156
     133
     111
      99
     137
     136
     132
     124
     109
     126
     113
     142
     131
     121
     124
     119
     116
     126
     136
     132
      99
     108
     120
     115
     120
     117
     143
     131
     128
     125
     123
     128
     133
     133
     138
     129
     130
     128
     146
     112
     109
     102
     114
     120
     123
     120
     137
     115
     136
     120
     137
     132
     121
     138
     126
     130
     127
     117
     116
     135
     128
     129
     120
     112
     117
     120
     124
     114
     125
     130
     129
     136
     120
     109
     142
     125
     123
     127
     124
     133
     107
     124
     141
     127
     132
     118
     148
     103
     117
     132
     106
     114
      98
     130
     109
     116
     113
     116
     115
      97
     104
     138
     120
     128
     134
     121
     126
     106
     135
     113
     107
     126
     126
     152
     125
     133
     134
     115
     110
     132
     119
     124
     114
     114
     116
     115
     134
     117
     123
     112
     127
     132
     114
     113
     116
     111
     124
     117
     126
     129
     116
     120
     134
     114
     116
      98
     102
     118
     110
     108
     127
     118
     111
     130
     116
     138
     102
     114
     134
     109
     102
     127
     124
     108
     102
     127
     110
     115
     117
     123
     108
     127
     113
     106
     140
     117
     119
     134
     124
     115
     125
     139
     118
     104
     101
     122
     108
     119
     113
     114
     105
     121
     126
     123
      94
     112
     117
     123
     105
      95
     124
      92
     115
     115
     118
     101
     104
     131
     117
     113
     111
     126
     118
     116
      86
     114
     106
     142
     117
     111
      96
     106
     105
     111
     126
     112
     108
     107
     114
     100
     115
     111
     130
     116
     133
     128
      98
      97
      99
     127
     121
     101
     102
     104
     101
     121
      82
     108
     106
     121
     113
     125
     114
     115
     115
     105
     114
     115
     110
     101
      99
      97
      99
     125
      95
     119
     125
     114
     112
     122
     126
     113
     111
     119
     115
     114
     135
     119
      96
     112
     120
     105
     111
     105
      96
     117
     122
     120
     112
     111
     114
     117
     124
     117
     112
     106
      96
     120
     107
     102
     109
     111
     116
     103
      97
     109
     119
     104
     105
     134
     107
      93
     116
     108
     119
     101
     122
     110
      97
     101
      80
      96
     109
     120
     115
     119
     136
     136
     154
     140
     148
     164
     150
     126
     112
     115
     109
     128
      95
     115
     103
     107
     107
      95
     106
     106
      82
     104
     114
     100
     107
     113
     119
      99
     105
      97
      92
     118
     103
     100
     109
      89
     115
     103
     110
      89
     114
     113
     121
     109
     104
     119
     124
     110
     130
      86
      96
     109
     125
     110
     121
     106
     102
     107
      98
      95
      98
      88
     108
     117
     110
      99
     104
      86
      79
     107
     112
     107
     111
      86
     103
     104
      96
     114
     107
     108
      87
     112
     101
     104
     131
      93
     106
     109
     123
     111
     103
     104
      88
      99
      87
     101
      86
     118
      97
     106
      83
     109
     113
      92
      91
      97
     108
     110
      95
     111
      79
      96
     108
     122
      82
     100
      92
     110
     107
      95
      92
      90
      90
      96
      96
     108
      80
      99
      95
     114
      88
      81
     108
     107
      84
      93
      93
      81
      96
      98
      79
      93
     107
     100
      99
     108
      84
     100
      89
      99
      99
     117
      84
     101
     106
     110
      97
     104
     102
      98
      92
     111
     101
      81
      99
      86
      94
      98
      93
      98
      86
      84
     117
      99
      75
     101
     101
      88
      92
      95
     104
      98
     111
      90
      93
      83
      91
     106
      89
     101
     101
      87
      80
      83
      93
      79
      74
      96
      80
      69
      87
      92
      89
      93
     103
      77
     101
     100
      91
      89
     100
     100
      99
      92
      86
      94
      88
      88
      82
     115
      91
      83
     101
      79
      96
     101
      90
      90
      78
      92
     100
     101
      80
      84
      84
      99
      85
      89
      94
      91
      72
      86
     106
      84
      93
     100
      98
      96
      78
      89
      98
      85
      74
      99
      83
      86
      76
     100
      79
      75
      89
      87
      80
      83
      88
      69
     104
      76
      93
      91
     102
      88
      81
      78
      87
      92
      91
      69
      88
      83
      92
      71
      88
      92
      73
      82
      68
      87
      83
      92
     103
      90
      89
      87
      87
      93
      72
      76
      87
      90
      76
      87
      87
      98
      76
      83
      86
      75
      88
      93
      79
      82
      81
      86
      92
      94
      82
      73
      87
      64
      92
      89
     109
      96
      92
      78
      91
      70
     102
      81
      83
      98
      86
      92
      78
      86
      78
      80
      90
      84
      84
      85
      78
      97
      89
      75
      70
      88
      97
      88
      85
      76
      85
      78
      80
      79
      96
      90
      83
      80
      86
      77
      76
      75
      82
      61
      85
      86
      97
      81
      86
      86
      85
      88
      74
      80
     102
      70
      82
      90
      70
      73
      88
      72
      79
      87
     108
      78
      89
      82
      99
      82
      74
      90
      71
      77
      77
      81
      82
      71
      91
      83
      83
      73
      87
      76
      79
      87
      96
      88
      93
      71
      75
      78
      73
      61
      88
      82
      72
      74
      78
      97
      72
      74
      77
      85
      84
      74
      93
      87
      82
      66
      75
      73
      90
      71
      85
      84
      67
      64
      74
      72
      84
      86
      73
      86
      88
      71
      80
      83
      79
      84
      72
      71
      74
      73
      85
      99
      92
      87
      76
      76
      83
      75
      87
      85
      98
      94
      71
      91
     117
     146
     158
     164
     143
     148
     155
     140
     115
     102
      97
      93
      73
      80
      80
      53
      91
      79
      77
      73
      84
      82
      75
      84
      70
      88
      75
      68
      88
      90
      69
      73
      77
      63
      78
      86
      77
      76
      68
      74
      84
      70
      79
      63
      81
      71
      77
      87
      79
      72
      62
      74
      62
      83
      77
      94
      91
      73
      75
      74
      81
      70
      72
      75
      95
      71
      62
      53
      63
      66
      79
      77
      91
      73
      87
      74
      72
      74
      82
      78
      70
      72
      71
      75
      69
      98
      92
      77
      96
      79
      72
      78
      68
      77
      62
      81
      89
      88
      92
      74
      92
     100
      87
      78
      70
      65
      63
      80
      64
      71
      87
      79
      66
      80
      70
      61
      64
      83
      77
      62
      79
      66
      66
      74
      73
      61
      70
      75
      83
      77
      75
      74
      66
      72
      52
      59
      67
      61
      71
      53
      60
      71
      69
      81
      75
      73
      65
      59
      54
      66
      61
      71
      69
      59
      74
      75
      64
      77
      62
      76
      68
      61
      71
      77
      70
      63
      66
      77
      74
      60
      65
      68
      72
      63
      92
      63
      72
      69
      75
      66
      58
      76
      51
      62
      74
      81
      68
      65
      66
      51
      55
      78
      64
      69
      58
      64
      55
      65
      76
      65
      60
      72
      71
      60
      73
      56
      58
      58
      53
      68
      49
      68
      61
      78
      50
      75
      58
      56
      65
      67
      57
      65
      69
      68
      54
      76
      60
      57
      56
      71
      74
      76
      68
      53
      58
      73
      77
      53
      53
      58
      74
      59
      74
      68
      71
      59
      67
      60
      59
      72
      60
      63
      60
      64
      70
      75
      72
      58
      70
      77
      65
      49
      49
      55
      69
      55
      85
      67
      62
      53
      54
      55
      54
      67
      68
      62
      69
      69
      72
      64
      71
      75
      55
      62
      54
      60
      69
      65
      73
      57
      56
      66
      67
      63
      67
      69
      67
      59
      67
      61
      48
      59
      68
      54
      46
      70
      60
      63
      60
      51
      59
      71
      63
      69
      70
      78
      70
      66
      88
      75
      86
      69
      88
      82
      73
      90
      69
      58
      78
      66
      67
      49
      68
      67
      60
      64
      74
      52
      61
      71
      62
      59
      54
      69
      62
      56
      46
      63
      59
      71
      53
      42
      69
      50
      60
      55
      65
      73
      45
      64
      55
      49
      49
      64
      65
      57
      59
      58
      52
      71
      60
      61
      56
      50
      64
      51
      55
      78
      55
      59
      62
      49
      49
      55
      59
      57
      51
      61
      63
      74
      54
      68
      73
      54
      53
      54
      63
      60
      62
      48
      60
      65
      58
      50
      65
      70
      52
      59
      62
      57
      67
      53
      63
      54
      48
      48
      56
      66
      54
      48
      58
      59
      64
      54
      64
      51
      47
      71
      57
      45
      55
      49
      60
      65
      50
      55
      63
      76
      59
      47
      60
      58
      50
      56
      60
      57
      58
      71
      54
      49
      68
      55
      58
      58
      62
      53
      70
      58
      69
      58
      57
      64
      62
      48
      59
      67
      59
      57
      69
      61
      61
      59
      67
      62
      84
      80
      90
     107
     114
     138
     188
     191
     246
     309
     348
     417
     441
     457
     450
     526
     521
     494
     515
     447
     433
     373
     302
     261
     208
     199
     157
     107
     113
     103
      88
      63
      53
      70
      77
      58
      54
      66
      63
      46
      55
      55
      55
      54
      54
      64
      51
      47
      68
      48
      63
      41
      51
      56
      39
      51
      52
      57
      46
      44
      61
      58
      61
      57
      54
      57
      48
      64
      44
      59
      48
      42
      51
      50
      46
      49
      44
      48
      59
      39
      45
      35
      45
      55
      47
      45
      50
      54
      48
      51
      46
      42
      57
      52
      42
      49
      60
      46
      44
      40
      34
      55
      41
      31
      52
      39
      47
      49
      36
      54
      43
      46
      50
      44
      50
      57
      35
      44
      45
      45
      46
      50
      45
      54
      45
      49
      48
      40
      51
      57
      43
      60
      42
      54
      49
      41
      59
      46
      46
      46
      38
      44
      46
      47
      43
      43
      51
      56
      44
      53
      44
      50
      47
      51
      46
      42
      57
      41
      47
      54
      45
      45
      46
      48
      50
      38
      48
      39
      51
      56
      56
      75
      55
      67
      77
      67
      56
      66
      57
      57
      55
      55
      50
      52
      52
      50
      43
      49
      48
      37
      34
      38
      42
      41
      42
      46
      49
      49
      57
      49
      52
      50
      42
      49
      59
      75
      99
     161
     182
     267
     326
     341
     386
     442
     370
     283
     249
     178
     136
      86
      75
      75
      53
      77
      90
      86
     103
     112
      98
     122
      91
      55
      57
      59
      44
      50
      59
      38
      44
      48
      41
      62
      50
      40
      42
      37
      45
      56
      38
      42
      57
      43
      50
      41
      46
      45
      43
      39
      55
      51
      43
      50
      48
      39
      36
      32
      45
      39
      32
      49
      44
      47
      32
      38
      37
      45
      39
      44
      49
      47
      55
      37
      43
      32
      39
      43
      35
      51
      37
      44
      49
      41
      43
      46
      40
      49
      38
      41
      36
      51
      53
      51
      37
      39
      50
      43
      40
      35
      39
      53
      41
      52
      50
      36
      44
      72
      57
      58
      60
      62
      71
      69
      86
      77
      62
      62
      51
      43
      41
      42
      48
      45
      35
      38
      43
      42
      43
      44
      36
      29
      42
      38
      37
      49
      62
      38
      48
      39
      41
      36
      43
      56
      39
      53
      48
      33
      25
      41
      33
      41
      38
      46
      46
      45
      36
      52
      38
      32
      39
      37
      45
      47
      50
      43
      40
      42
      54
      52
      35
      56
      49
      48
      39
      34
      45
      38
      36
      47
      41
      41
      52
      49
      38
      43
      39
      33
      33
      30
      54
      39
      34
      33
      41
      42
      39
      37
      40
      38
      31
      41
      44
      39
      46
      35
      42
      36
      38
      35
      39
      46
      28
      32
      37
      45
      37
      42
      41
      38
      37
      34
      43
      34
      37
      47
      29
      39
      42
      39
      45
      45
      38
      43
      38
      28
      43
      44
      49
      35
      49
      49
      32
      33
      48
      33
      49
      55
      43
      34
      40
      39
      50
      57
      62
      79
     103
     134
     177
     201
     230
     238
     199
     181
     142
     133
      80
      86
      55
      52
      51
      42
      43
      53
      39
      36
      43
      41
      35
      45
      35
      35
      39
      40
      31
      45
      45
      46
      46
      44
      53
      40
      38
      42
      31
      46
      38
      51
      32
      35
      45
      49
      41
      56
      67
      58
      67
      90
     104
      89
     113
      74
      93
      79
      63
      59
      58
      36
      40
      33
      38
      47
      32
      39
      42
      38
      49
      31
      40
      37
      26
      44
      37
      50
      34
      36
      40
      49
      38
      60
      58
      54
      72
      77
      69
      70
      61
      60
      47
      48
      42
      36
      50
      43
      35
      49
      37
      43
      35
      42
      48
      32
      48
      59
      35
      45
      33
      34
      34
      26
      35
      38
      35
      33
      37
      30
      39
      44
      36
      35
      28
      36
      44
      41
      32
      34
      38
      32
      42
      43
      32
      40
      35
      46
      48
      51
      47
      86
     109
     144
     155
     212
     260
     268
     261
     238
     228
     175
     128
      90
      80
      55
      70
      48
      72
     100
     111
     142
     169
     229
     227
     228
     234
     258
     247
     181
     186
     136
     125
     100
      73
      63
      50
      41
      52
      45
      40
      31
      33
      33
      37
      35
      38
      35
      40
      31
      27
      39
      40
      35
      27
      43
      36
      34
      37
      40
      39
      30
      19
      34
      38
      38
      39
      31
      29
      34
      40
      27
      30
      37
      34
      34
      36
      47
      35
      23
      29
      39
      37
      29
      45
      27
      46
      33
      34
      34
      36
      32
      24
      35
      38
      30
      45
      26
      36
      37
      37
      45
      33
      31
      32
      40
      34
      44
      30
      31
      32
      37
      35
      35
      44
      29
      31
      41
      45
      47
      55
      65
      79
      96
     113
     107
      89
      97
      85
      81
      66
      64
      35
      37
      39
      32
      26
      31
      31
      34
      29
      27
      40
      37
      26
      32
      33
      34
      33
      37
      37
      38
      32
      31
      33
      37
      25
      19
      27
      30
      31
      31
      26
      25
      28
      28
      29
      31
      39
      29
      27
      27
      30
      43
      31
      23
      30
      37
      30
      28
      36
      49
      41
      61
      57
      47
      52
      65
      39
      40
      23
      34
      44
      35
      38
      31
      28
      36
      30
      27
      24
      26
      24
      38
      32
      25
      29
      21
      24
      35
      34
      28
      21
      25
      26
      37
      29
      29
      44
      29
      26
      26
      30
      27
      29
      24
      23
      37
      40
      20
      33
      29
      25
      21
      38
      31
      35
      42
      58
      87
     111
     139
     216
     258
     304
     307
     313
     293
     255
     216
     138
     108
      82
      56
      42
      29
      34
      34
      27
      27
      24
      27
      35
      26
      34
      32
      30
      31
      33
      33
      33
      27
      27
      38
      25
      28
      42
      32
      30
      34
      31
      39
      28
      22
      29
      21
      30
      19
      27
      34
      25
      34
      29
      29
      41
      38
      28
      25
      20
      25
      28
      27
      31
      29
      30
      26
      25
      22
      26
      23
      19
      33
      31
      26
      24
      26
      32
      30
      27
      21
      25
      23
      27
      30
      15
      28
      20
      38
      38
      22
      28
      32
      22
      23
      23
      31
      34
      38
      42
      59
      57
      45
      53
      68
      49
      35
      34
      39
      18
      28
      23
      32
      26
      29
      21
      26
      22
      31
      26
      30
      35
      29
      22
      32
      28
      35
      32
      30
      31
      53
      67
      51
      40
      38
      45
      39
      43
      55
      35
      39
      30
      29
      32
      35
      20
      27
      33
      22
      31
      27
      20
      23
      17
      23
      16
      19
      17
      18
      38
      21
      20
      26
      21
      23
      19
      18
      24
      24
      22
      25
      27
      27
      17
      32
      12
      14
      22
      28
      20
      31
      17
      29
      25
      18
      29
      22
      22
      32
      27
      25
      28
      24
      35
      29
      31
      25
      27
      20
      15
      27
      24
      26
      34
      21
      22
      19
      26
      30
      22
      15
      28
      21
      19
      30
      28
      26
      25
      26
      18
      31
      25
      27
      28
      23
      24
      21
      31
      16
      22
      25
      19
      35
      20
      20
      17
      29
      24
      26
      35
      19
      26
      42
      42
      41
      43
      47
      72
      55
      50
      60
      46
      46
      32
      37
      35
      26
      24
      24
      18
      26
      20
      18
      22
      35
      26
      26
      26
      20
      21
      28
      17
      24
      33
      29
      13
      28
      20
      17
      26
      19
      17
      27
      27
      19
      17
      21
      33
      20
      30
      36
      23
      26
      24
      13
      20
      25
      24
      12
      24
      27
      22
      21
      17
      32
      17
      27
      20
      23
      25
      16
      19
      18
      20
      19
      25
      23
      22
      21
      21
      25
      20
      16
      22
      25
      41
      44
      51
      58
      51
      62
      60
      54
      40
      23
      41
      32
      31
      30
      38
      32
      30
      21
      30
      23
      32
      26
      42
      74
     103
     113
     158
     205
     255
     301
     347
     302
     283
     250
     182
     126
     109
      65
      46
      41
      29
      32
      24
      19
      31
      28
      34
      24
      22
      26
      35
      24
      22
      17
      18
      21
      18
      19
      23
      15
      16
      21
      15
      20
      21
      15
      20
      22
      18
      14
      24
      16
      24
      29
      21
      22
      16
      23
      17
      22
      18
      14
      17
      16
      15
      20
      18
      18
      25
      23
      25
      19
      14
      19
      32
      19
      14
      12
      26
      23
      22
      25
      17
      25
      21
      15
      15
      17
      14
      15
      16
      18
      23
      26
      23
      26
      28
      30
      29
      21
      19
      34
      30
      21
      28
      27
      21
      23
      19
      22
      23
      19
      21
      18
      17
      12
      15
      30
      16
      21
      15
      29
      19
      23
      20
      19
      24
      20
      21
      13
      22
      14
      20
      24
      19
      19
      17
      17
      17
      23
      14
      35
      23
      20
      17
      25
      19
      15
      19
      12
      34
      19
      22
      15
      18
      19
      21
      26
      16
      21
      26
      17
      13
      14
      20
      22
      25
      23
      24
      16
      15
      24
      19
      23
      18
      14
      15
      20
      12
      16
      21
      17
      23
      22
      22
      20
      20
      14
      12
      25
      28
      11
      21
      19
      26
      19
      14
      20
      17
      16
      14
      11
      18
      20
      18
      15
      18
      10
      22
      19
      14
      23
      23
      33
      15
      21
      33
      15
      19
      11
      22
      17
      14
      18
      15
      23
      14
      23
      20
      25
      18
      18
      20
      16
      25
      15
      16
      23
      17
      21
      18
      22
      20
      19
      20
      19
      18
      20
      28
      22
      17
      22
      13
      26
      18
      18
      21
      20
      18
      23
      31
      33
      45
      75
      82
      86
     123
     134
     118
     152
     147
     102
     103
      68
      55
      45
      36
      24
      23
      28
      15
      27
      17
      16
      13
      23
      17
      14
      22
      14
      17
      21
      23
      17
      23
      16
      15
      15
      15
      12
      16
      20
      19
      11
      22
      11
      16
      20
      15
      13
      23
      20
      21
      15
      14
      12
      15
      10
      24
      17
      33
      22
      14
      30
      17
      32
      21
      21
      29
      34
      20
      26
      17
      14
      23
      17
      14
      14
      17
      28
      26
       7
      18
      18
      16
      17
      24
      18
      16
      14
      17
      19
      10
      21
      21
      28
      14
      18
      16
      17
      32
      20
      24
      16
      15
      17
      22
      14
      13
      12
      11
      14
       6
      14
      17
      19
      24
      18
      14
      16
      25
      18
      23
      14
      22
      15
      15
      22
      19
      19
      21
      20
      15
      13
       9
      15
      23
      13
      12
      18
      19
      16
      17
       9
       9
      13
      15
      15
      13
      14
      16
      11
      17
      21
      17
      16
      22
      14
       7
      19
      18
      22
      17
      23
      14
      11
      14
      21
      14
      17
      21
      17
      15
      15
      15
      25
      25
      17
      25
      25
      18
      36
      33
      30
      50
      58
      66
      73
      82
      82
      79
      87
      77
      66
      59
      37
      30
      19
      24
      19
      16
      16
      24
      17
      12
      14
      18
      12
      22
      15
      19
      14
      10
      22
      17
      17
       9
      12
      18
      10
      19
      18
      15
      16
      17
      14
      18
      12
      16
      19
      13
      20
      12
      20
      25
      15
      29
      23
      29
      43
      75
     120
     225
     311
     430
     526
     681
     854
     914
     981
     925
     817
     732
     576
     402
     284
     155
     119
      63
      31
      18
      18
      16
      15
      16
      13
      18
      13
      14
      19
      14
      19
      12
      12
      12
      16
      24
      17
      17
      14
      21
      11
      19
      13
       9
      14
      14
      14
      12
      20
      15
      14
      27
      18
      31
      54
      52
      67
      64
      86
      90
      74
      75
      50
      57
      47
      26
      22
      17
      19
      18
      19
      20
      14
      17
      12
      16
      15
      15
      18
      11
      10
      19
      13
       8
      16
      12
      13
      10
      15
      17
       8
      14
       9
      11
      12
      23
       8
      16
      17
      11
      13
      15
      14
      14
      13
       9
      11
      11
      15
      11
      12
      16
       8
      18
      12
      10
      15
      19
      15
      24
      24
      30
      20
      28
      22
      35
      18
      22
      18
      17
      19
      19
      17
      18
      22
      11
      14
       9
      22
      16
      17
       8
      15
       9
      12
      11
      15
      19
      15
      11
       8
      10
      12
      14
      22
      13
       5
      10
      10
      15
      12
      10
      12
      15
      16
      14
      11
      15
      11
      15
      21
      18
      20
      11
      14
      16
      20
       8
      12
      15
      16
      19
      10
      16
       9
      11
      10
       6
      12
      16
      22
      18
      13
      14
      15
      11
      15
       4
       9
      13
       9
      13
      12
       9
      11
      18
      15
      16
      11
      20
      16
      15
      17
      15
      14
      18
      11
      18
      22
      15
      18
      19
      17
      13
      15
      13
      11
      12
      12
      18
      14
      14
      21
      22
      33
      47
      64
      79
     102
     146
     174
     198
     223
     233
     245
     239
     199
     153
     118
      91
      69
      27
      33
      17
      22
      10
      13
      17
      15
      17
      12
      13
      13
      12
       8
      13
      19
      10
      11
       8
      16
      14
      27
      18
      17
      15
      13
      26
      17
       8
      11
      13
      13
      18
      10
       6
      16
      11
      14
      12
      13
      15
      14
      11
      15
      13
      11
      16
      16
      11
      14
       8
      15
      11
       5
      18
      10
      18
       9
      13
      12
       6
      11
      10
      17
      12
      16
      13
      11
       9
      18
      17
      11
      10
      11
       7
      18
      14
      11
      18
      11
       8
      20
      16
      20
      15
      13
      16
      13
       8
      11
      14
      11
       6
      12
      16
      15
      20
      16
      12
      15
      26
      21
      19
      16
      17
      12
       9
      14
      10
      12
      15
      15
       4
       6
      13
       7
      12
      16
      10
       5
      17
      15
       8
      12
      10
      11
      10
      11
      13
      15
      17
      15
      15
      13
      13
      12
      10
      11
       9
      13
      11
       7
      10
      10
      11
       7
       9
      11
      11
       6
       8
      13
      20
       7
      12
      15
      13
      15
      12
      13
      12
      19
       8
      11
      13
       7
      10
       9
      13
       7
      15
      12
      12
      14
      24
      16
      18
      11
      13
      23
      26
      32
      33
      40
      55
      47
      82
      75
      84
      83
      77
     102
      71
      39
      49
      31
      23
      23
      15
       9
      17
      10
      14
      14
      11
      12
      13
      13
      11
       8
       7
      10
      15
      11
      12
       7
      16
       9
      12
       9
       9
      10
      15
       8
       9
       8
      12
      12
      15
      11
      15
      15
      17
      17
      15
      11
      20
      13
      12
      12
      17
      17
      22
       7
      18
      10
      28
      10
      15
      15
      14
       9
      17
      16
      16
      13
      17
       7
       8
      11
       6
      11
       8
      14
      12
      11
      13
      12
      13
      16
       7
       8
      21
      14
      14
      12
      14
      10
      11
       7
       9
       7
       8
      14
       8
      15
      15
       9
       8
      12
      17
      11
      12
      18
      18
      27
      30
      51
      50
      59
      64
      92
      93
      82
      93
      84
      74
      76
      43
      42
      32
      18
      15
      16
      16
      13
       6
       9
      15
       9
       5
      14
       7
       8
       9
       9
      11
      20
       7
      10
       9
      13
      15
      15
      10
      17
      14
      11
       9
      10
      11
      10
       8
       9
      14
      16
      11
      14
      12
      16
      12
      16
      16
       6
      10
      11
      17
      16
      18
      23
      23
      14
      17
      19
      11
      14
      15
      13
      15
      17
      15
      18
       5
      11
      11
      13
      11
      11
      12
       8
      11
      10
      14
      16
      13
       9
      14
       9
      12
       9
      12
      11
       7
       6
       6
      12
      12
      10
       9
      12
      12
      14
      17
      11
      16
      14
       9
      24
      23
      29
      27
      25
      35
      14
      22
      22
      21
      11
      21
       9
      17
      10
       6
      14
      17
       8
      19
      10
       8
       9
      15
      11
      15
      10
      14
      22
      32
      26
      34
      44
      49
      52
      62
      53
      53
      55
      27
      29
      21
      21
      18
      19
       8
      11
       9
      11
      10
      13
       9
      13
      13
      13
       7
       6
      12
       9
      18
       8
      13
      11
       8
      14
      16
      14
       8
       9
      18
      10
       5
      10
      13
      17
       9
      11
       6
      20
       4
      16
      10
       9
      11
      13
       9
      10
       9
      11
      13
       9
      15
      11
      15
       8
       8
       5
      16
       6
      15
      14
      14
       9
      12
      15
      10
      13
      11
      15
      12
      16
      11
      10
      12
      19
      13
      11
      11
       9
      10
      14
       7
      11
       7
      14
       7
      12
      11
       8
      12
      13
      11
      12
       8
      16
       9
      15
       8
      12
      11
       9
       8
       8
      13
      11
       7
       9
      12
      10
      21
       9
       6
      11
       7
      13
      12
      12
      24
      11
      13
      14
      10
      13
      11
      11
      13
      12
       9
      14
      17
      15
      13
      10
      13
      11
       9
      16
      10
      15
      13
       8
      10
       8
      11
      12
      10
      13
      12
      14
      11
      12
      11
      14
      12
      16
       7
      12
      12
      13
      11
      13
      16
      12
      12
      17
      14
      14
       8
      14
      11
       9
      11
       6
       9
      17
       8
       8
      15
      10
       7
       7
       8
       9
      12
      11
      12
       7
       7
       6
       9
      12
       9
      12
      11
      10
      10
       8
      17
      10
       9
      10
      10
      13
      11
       6
      14
      13
       7
      11
      14
      11
      14
       4
      13
      10
      14
      10
       5
      16
      12
      14
      12
      12
      11
      12
       4
      10
      11
       9
      10
       8
       5
       9
      15
      11
      11
       6
      11
      13
      12
       8
      18
      14
      13
      19
      23
      23
      30
      30
      26
      21
      24
      19
      25
      14
      14
      21
      16
      25
      25
      38
      51
      83
      82
      89
     127
     131
     116
     117
     131
      77
      80
      53
      36
      29
      26
      16
      14
       7
      10
       7
       9
      12
       7
       8
       5
      11
      14
       4
       7
       5
      10
      10
      10
       6
      13
       6
      14
      11
      11
      11
      10
       9
       6
      10
       4
      13
      17
       8
      10
      17
      13
       9
       7
       8
      10
      10
      10
      11
      11
       8
       8
       8
       6
      12
       5
      10
      10
       7
      10
       8
       4
       9
       7
      11
       9
      11
      10
      11
       9
      10
       6
       9
      10
       5
       8
       6
       9
      16
       8
      11
       6
       6
      11
      12
       7
       5
      14
       7
      10
      10
      12
      12
      11
      11
      22
      16
      23
      16
      25
      20
      25
      13
      12
      15
      13
      14
      12
      14
       6
      15
      12
       6
      12
       6
       9
      14
       9
      12
      11
       9
       9
      12
      15
      11
       9
      12
      13
      16
       8
       7
      11
       6
       7
       9
       8
      10
      11
       8
       8
      13
       9
       6
      11
      13
       6
       6
       7
       7
       9
       8
      13
      10
       9
      12
      11
       7
      10
       8
       6
      10
       4
       7
       9
       6
      12
       8
       3
      10
       9
       7
      12
       8
       8
      11
      10
       5
       9
       9
      13
       9
      11
      14
      17
      18
      26
      37
      51
      49
      79
     112
     104
     122
     122
     122
     119
      99
      80
      84
      37
      47
      24
      17
      14
      11
       7
       8
       8
       6
       6
       8
       7
       7
      10
       4
       3
       8
       9
       8
      10
       4
       7
       9
       5
       8
       7
       7
      10
      13
       7
       6
       4
       8
       5
       5
       9
       8
       8
       6
      11
      10
      10
      10
       5
       4
       8
       5
       5
       9
       8
       8
      12
       8
      15
       9
       7
       7
       6
       7
       9
       7
      10
       7
       3
       8
      10
       7
      10
       6
       7
       7
       6
      13
       9
       8
       3
       7
       2
       9
       7
      11
      10
       9
       7
       3
      12
      14
       4
       6
      12
       8
      12
       6
      11
       6
       8
       9
       5
       8
      10
       4
       9
       5
      10
       3
      10
       4
       4
       6
      10
      10
       4
       4
       7
       5
      11
       7
       8
      11
       4
      10
      10
       5
       5
       8
      12
      12
       5
       6
       7
       9
       5
       4
       9
       4
       7
       8
       9
       8
       6
       6
       8
       4
       9
       8
       7
       2
      10
       7
       3
      10
      10
      10
       5
       8
       8
      11
       6
       6
       5
      12
      10
      10
      10
       5
       8
       5
       6
       9
       3
       6
       7
       5
       8
       9
       8
       8
      13
       8
      15
      20
      30
      34
      19
      26
      23
      29
      29
      31
      31
      28
      15
      16
       8
      11
      11
       2
       5
       5
      10
       5
      10
       8
       3
       6
      11
       5
      10
       7
      15
       9
      13
      17
       6
       8
       9
       3
       8
      10
       8
       9
      11
       3
      11
       9
       7
       7
       7
       6
       5
       6
       3
      10
       7
       6
       2
       9
       3
       7
       4
       3
       5
       2
       6
       5
       2
       8
       7
       3
       6
       9
       6
      10
      10
       8
      13
       2
       6
       6
       6
       7
       2
       8
       8
      10
       5
       4
       5
       9
       9
      15
       5
       4
      10
       3
       7
       5
       8
      11
       5
       6
       7
       7
       6
       8
       7
       9
       2
       5
       6
       8
       6
       8
       5
       7
       6
       3
       2
       3
       6
       9
       4
       3
       6
       6
       3
       7
      11
       4
       8
       5
       8
       4
       4
       8
       8
      12
      10
       5
       2
       9
       4
       4
       4
       6
      10
       7
       7
       5
       4
       4
       4
       6
       4
      10
       4
       4
       8
      13
      12
      14
      10
      11
      14
      13
      12
      10
       7
       8
       5
       5
       4
       2
       7
       7
       7
       7
       8
       3
      10
      10
      11
      10
       9
      10
       5
       3
       6
       5
       4
       3
       9
       2
       7
       4
       4
      10
       7
       5
       5
       4
       4
      10
       7
       7
       7
       7
       8
       5
       4
       3
       3
       8
       1
       3
       4
       6
       4
       4
       3
       6
       3
       5
       6
       4
       5
       4
      11
       6
       7
       5
       4
       8
       7
       5
       8
       6
       4
       7
       1
       4
       2
       4
       3
       3
       6
       4
       7
       3
       3
       3
       5
       7
       4
       8
       2
       5
       5
       5
       3
       9
       8
       1
       5
       3
       4
       1
       8
       7
       4
       5
       1
       3
       6
       3
       5
       6
       3
       7
       4
       0
       5
       5
       6
       8
       4
      10
       5
       4
       2
       4
       4
       5
       8
       8
       7
       7
      16
      13
      21
      17
       9
      23
      21
      24
      18
      20
      22
      22
      12
       8
      11
       7
       8
       6
       8
       3
       5
       8
       8
      10
       8
       5
       5
       8
       8
       3
      10
      14
      10
       9
       6
       6
      11
      12
       7
       9
       7
       8
       2
       6
       9
       8
       5
       7
       9
       8
       6
       9
       7
       5
       6
      13
       2
       4
       6
       2
       1
       2
       6
       4
       6
       4
       5
       4
       6
       5
       4
       9
       5
       5
       8
       6
       5
       6
       4
      10
       8
       4
       4
      10
       8
       7
       2
       4
       3
       7
       5
       7
       6
       3
       2
       7
       3
       5
      10
       6
       5
       8
       6
       4
       6
      10
       7
      11
       6
       8
       4
       8
       5
       7
       9
      15
       9
      10
       4
      11
       5
       6
       9
       4
       6
       9
       7
       1
       8
       4
       7
       1
       3
       4
       7
       3
       7
       4
       7
       9
       2
       4
       7
       7
       5
       5
      11
       7
       8
       5
       3
       3
       3
       9
      10
       5
       6
       2
       4
       2
       5
       2
       9
       6
       4
       6
       2
       3
       5
       5
       6
       6
       8
       6
       6
       4
       3
       3
       4
       4
       9
       4
       3
       1
       4
       5
       1
       6
       2
       4
       7
       4
       2
       6
       5
       4
      11
       6
       2
       1
       4
       6
       3
      10
       6
       8
       4
       8
       3
       8
       6
       7
       4
       4
       1
       4
       4
       3
       5
       6
       1
       4
       4
       8
       8
       4
       6
       6
       5
       8
       4
       5
       3
       2
       9
       2
       4
       6
       6
       5
       6
       7
       4
       9
       6
       5
       9
       4
       6
       4
       0
       8
       2
       1
       6
       1
       3
       3
       1
       4
       6
       7
       3
      12
       7
       7
       2
       5
       4
       6
       8
       6
       6
       4
       4
       7
       8
       4
       5
       1
       8
       4
       5
       5
       4
       6
       7
       5
       3
       7
       3
       3
       5
       4
       7
       7
       8
       3
       5
       3
       8
       5
       2
       6
       3
       8
      10
       7
      12
       7
      14
      16
      19
      34
      50
      93
     113
     176
     234
     255
     339
     399
     485
     467
     448
     427
     369
     300
     254
     175
     143
      93
      54
      37
      16
      13
       6
       6
       3
       7
       2
       7
       4
       4
       5
       1
       5
       4
       4
       3
       0
       3
       2
       3
       6
       2
       7
       5
       2
       5
       2
       1
       3
       5
       5
       4
       5
       3
       4
       2
       5
       4
       6
       2
       5
       2
       2
       6
       5
       3
       6
       2
       1
       6
       2
       3
       4
       6
       7
       6
       8
       4
       4
       6
       7
       3
       5
       7
       3
       6
       4
       7
       5
       2
       5
      11
      12
      19
      18
      11
      19
      21
      14
      18
      13
      10
      19
      11
      11
       5
       9
       5
      12
       4
       2
       2
       4
       4
       2
       2
       2
       4
       3
      10
       4
       3
       4
       4
       4
       5
       3
       3
       3
       1
       7
       4
       4
       3
       4
       6
       5
       3
       3
       4
       1
       6
       5
       3
       1
       2
       3
       5
       3
       1
       5
       3
       5
       3
       9
       9
       4
       3
       3
       3
       3
       5
       5
       4
       8
       2
       3
       3
       3
       7
       5
       4
       4
       3
       2
       6
       2
       2
       6
       4
       3
       5
      10
      10
       7
       7
       8
      12
      18
      15
      15
      16
      19
      12
       9
      11
       6
      10
       7
      10
       4
       4
       6
       1
       1
       4
       3
       2
       2
       4
       2
       4
       4
       5
       1
       3
       0
       0
       0
       2
       3
       3
       5
       3
       3
       7
       4
       3
       4
       5
       3
       4
       2
       4
       6
       1
       3
       3
       2
       3
       3
       0
       1
       4
       2
       3
       2
       1
       4
       2
       3
       5
       4
       1
       6
       4
       2
       3
       1
       1
       1
       3
       4
       2
       1
       3
       3
       3
       1
       4
       0
       3
       3
       2
       3
       0
       2
       2
       2
       3
       6
       5
       3
       5
       2
       4
       1
       3
       3
       4
       0
       4
       3
       3
       3
       5
       6
       7
       5
       5
       7
       7
      11
      12
      10
      11
      17
       7
      15
       4
       7
       4
       4
       5
       3
       4
       4
       3
       3
       5
       3
       2
       7
       4
       4
       5
       6
       4
       2
       3
       4
       2
       7
       2
       3
       5
       3
       3
       3
       2
       1
       1
       6
       3
       4
       2
       1
       4
       2
       4
       5
       1
       2
       2
       6
       3
       5
       2
       7
       5
       4
       2
       7
       5
       4
      12
       5
       3
       5
       7
       5
      11
      12
      12
      34
      32
      30
      36
      41
      40
      38
      31
      24
      28
      22
      10
      10
       7
       6
       4
       5
       6
       4
       4
       1
       6
       4
       2
       4
       9
       6
       1
       2
       6
       3
       3
       3
       6
       5
       3
       4
       5
       8
       5
       6
       1
       6
       2
       2
       2
       6
       2
       2
       5
       4
       1
       2
       2
       3
       4
       1
       4
       3
       2
       3
       2
       4
       2
       6
       4
       3
       2
       2
       2
       4
       2
       5
       3
       4
       7
       2
       6
       5
       4
       4
       3
       1
       6
       5
       6
       2
       9
       6
      11
       5
       5
       4
       3
       4
       5
       7
       8
       6
       5
       2
      10
       8
       5
      11
      11
      10
       4
       3
       7
       7
       4
       8
       6
       1
       2
       8
       2
       1
       3
       8
       4
       4
       2
       2
       9
       3
       5
       3
       4
       3
       2
       3
       2
       2
       3
       4
       3
       8
       1
       0
       5
       1
       2
       3
       3
       2
       2
       5
       2
       3
       3
       3
       2
       1
       6
       3
       5
       5
       4
       4
       1
       5
       8
       9
       9
      11
       4
      13
       8
       7
       9
       4
       5
       2
       4
       2
       2
       4
       2
       6
       4
       3
       3
       3
       1
       5
       2
       6
       2
       8
       3
       3
       4
       2
       2
       9
       8
       7
       4
       5
       3
       3
       3
       6
       2
       3
       4
       2
       3
       2
       1
       3
       4
       5
       4
       4
       6
       3
       0
       2
       1
       2
       4
       5
       4
       2
       1
       5
       6
       6
       3
       5
       7
       7
       5
      11
      10
       8
      10
      21
      22
      32
      27
      29
      42
      25
      32
      25
      17
      19
      18
      15
      18
       7
       5
       5
       3
       2
       6
       7
       4
       2
       3
       4
       4
       6
       4
       3
       3
       2
       3
       5
       2
       3
       3
       5
       0
       5
       1
       6
       4
       3
       5
       0
       2
       2
       1
       4
       0
       6
       2
       4
       3
       4
       2
       2
       2
       2
       1
       6
       3
       2
       2
       4
       1
       1
       2
       4
       3
       3
       6
       4
       0
       2
       3
       3
       5
       4
       2
       2
       3
       1
       3
       2
       3
       0
       2
       2
       7
       3
       3
       5
       3
       3
       3
       3
       5
       3
       4
       2
       1
       4
       4
       0
       1
       3
       5
       3
       3
       9
       2
       3
       7
       3
       2
       6
       2
       4
       4
       1
       4
       5
       2
       5
       4
       4
       2
       5
       7
       5
       3
       0
       2
       1
       8
       3
       1
       3
       1
       0
       3
       3
       6
       4
       4
       2
       5
       4
       6
       1
       1
       2
       2
       1
       8
       5
       2
       1
       3
       4
       3
       2
       3
       6
       7
       5
       3
       1
       0
       3
       5
       0
       1
       3
       6
       5
       2
       3
       2
       1
       6
       4
       1
       3
       3
       4
       1
       6
       0
       4
       2
       1
       4
       3
       4
       3
       2
       4
       4
       2
       1
       3
       3
       3
       1
       6
       2
       0
       1
       1
       8
       7
       3
       2
       2
       3
       1
       3
       3
       4
       4
       7
       3
       1
       3
       5
       1
       2
       8
       6
       5
       7
       3
       4
       6
       7
       6
       7
       7
       6
       8
       3
       6
       5
       8
       4
       4
       6
       7
      11
       2
       4
       0
       4
       4
       2
       3
       0
       6
       4
       2
       2
       2
       1
       1
       2
       8
       4
       4
       2
       2
       3
       4
       6
       4
       3
       6
       6
       2
       0
       1
       6
       5
       2
       7
       4
       2
       2
       1
       4
       2
       2
       2
       2
       3
       4
       4
       1
       3
       3
       3
       2
       3
       4
       5
       2
       3
       3
       4
       1
       2
       4
       5
       6
       3
       6
       3
       4
       2
       6
       1
       7
       5
       3
       4
       4
       2
       2
       7
       3
       6
       4
       4
       3
       2
       2
       0
       3
       5
       5
       5
       4
       4
       0
       7
       3
       2
       3
       6
       2
       1
       2
       1
       4
       2
       2
       3
       1
       4
       2
       3
       1
       3
       3
       1
       5
       5
       4
       5
       4
       2
       3
       3
       5
       4
       2
       3
       5
       3
       4
       3
       2
       3
       3
       3
       2
       3
       6
       3
       2
       0
       3
       4
       1
       3
       2
       3
       1
       2
       2
       2
       4
       2
       3
       3
       4
       2
       3
       1
       4
       7
       3
       3
       4
       4
       1
       4
       5
       5
       5
       6
       1
       1
       4
       3
       7
       0
       4
       2
       4
       4
       4
       5
       3
       3
       4
       3
       4
       2
       2
       5
       3
       3
       1
       3
       3
       8
       7
       7
       6
       9
       4
       4
       6
       4
       2
       3
       0
       0
       3
       3
       3
       3
       1
       5
       2
       2
       2
       1
       4
       3
       5
       1
       3
       1
       2
       3
       1
       3
       1
       1
       3
       3
       7
       5
       7
       2
       2
       2
       7
       3
       2
       0
       3
       4
       4
       2
       4
       5
       6
       8
      13
      25
      15
      23
      28
      31
      47
      26
      31
      43
      27
      37
      21
      14
      14
      11
       9
      14
       4
       4
       4
       5
       5
       2
       4
       3
       3
       4
       4
       2
       3
       0
       4
       9
       6
       3
       3
       1
       3
       3
       1
       2
       2
       3
       6
       2
       0
       4
       2
       5
       2
       2
       4
       3
       4
       1
       1
       2
       5
       2
       2
       2
       0
       5
       6
       2
       2
       1
       0
       1
       2
       1
       4
       1
       1
       3
       2
       1
       2
       3
       2
       2
       3
       4
       3
       0
       4
       3
       1
       2
       4
       3
       2
       0
       4
       2
       7
       2
       1
       1
       1
       1
       3
       1
       1
       3
       2
       5
       1
       4
       5
       5
       3
       0
       3
       4
       0
       3
       5
       1
       8
       1
       3
       2
       2
       3
       2
       2
       2
       5
       5
       5
       4
       2
       3
       0
       2
       3
       1
       3
       1
       5
       0
       4
       5
       1
       2
       2
       3
       0
       2
       4
       3
       3
       3
       3
       0
       2
       3
       3
       1
       1
       4
       2
       3
       5
       2
       4
       3
       1
       3
       6
       5
       5
       3
       3
       5
       1
       5
       2
       1
       7
       1
       3
       3
       5
       2
       2
       2
       1
       1
       2
       2
       1
       1
       2
       2
       2
       3
       1
       1
       1
       4
       2
       5
       2
       6
       2
       2
       3
       4
       0
       2
       5
       3
       2
       1
       3
       3
       8
       4
       7
       5
       4
       5
       3
       3
       3
       3
       3
       1
       2
       5
       3
       2
       6
       3
       2
       1
       1
       4
       4
       4
       3
       2
       5
       1
       6
       4
       6
       4
       2
       4
       4
       3
       1
       0
       3
       3
       6
       1
       1
       1
       2
       2
       3
       6
       5
       1
       1
       1
       3
       2
       1
       3
       4
       1
       4
       3
       2
       0
       3
       1
       0
       5
       4
       5
       2
       5
       2
       4
       5
       3
       3
       7
       6
       4
       1
       1
       5
       3
       2
       3
       3
       5
       4
       2
       1
       1
       6
       6
       5
       7
       7
       5
       7
       8
       5
       5
       6
       9
       4
       4
       3
       7
       1
       7
       3
       2
       3
       3
       4
       5
       1
       2
       1
       4
       7
       2
       1
       3
       3
       5
       6
       6
       3
       3
       2
       1
       2
       7
       0
       3
       1
       3
       0
       1
       5
       7
       1
       1
       7
       7
       1
       3
       7
       8
      12
      11
      11
      13
      19
      12
      14
      13
       6
      15
       9
       5
       7
       4
       3
       5
       3
       2
       2
       5
       3
       2
       1
       1
       2
       3
       1
       3
       2
       2
       2
       2
       5
       0
       2
       2
       0
       3
       2
       0
       4
       2
       1
       5
       5
       2
       3
       4
       2
       3
       4
       9
       3
       4
       2
       3
       2
       2
       3
       2
       2
       3
       3
       3
       3
       2
       3
       1
       0
       2
       5
       3
       2
       5
       6
       1
       5
       4
       4
       2
       5
       1
       3
       3
       2
       0
       1
       7
       2
       1
       3
       2
       1
       5
       1
       3
       8
       0
       4
       1
       4
       2
       2
       2
       2
       1
       4
       0
       1
       3
       1
       2
       4
       4
       3
       4
       4
       1
       3
       3
       0
       2
       8
       5
       1
       2
       2
       2
       0
       4
       2
       3
       1
       3
       1
       3
       1
       3
       2
       3
       2
       2
       2
       6
       4
       3
       4
       3
       5
       3
       7
       2
       0
       7
       2
       2
       3
       2
       1
       3
       1
       2
       3
       5
       3
       4
       4
       2
       5
       3
       0
       1
       3
       1
       1
       6
       2
       2
       3
       5
       1
       3
       4
       3
       2
       0
       3
       2
       1
       2
       1
       2
       3
       1
       1
       2
       2
       2
       1
       4
       6
       2
       4
       0
       1
       3
       4
       6
       1
       2
       6
       1
       6
       7
       1
       5
       0
       6
       7
       4
       2
       8
       3
       1
       4
       5
       1
       2
       3
       3
       2
       3
       5
       1
       1
       1
       1
       3
       2
       0
       5
       2
       2
       5
       4
       5
       4
       3
       0
       2
       3
       3
       3
       4
       0
       1
       2
       3
       2
       2
       3
       5
       1
       6
       2
       2
       3
       3
       3
       1
       0
       0
       3
       2
       2
       3
       2
       1
       3
       1
       3
       4
       2
       2
       1
       3
       2
       2
       1
       2
       4
       2
       3
       2
       1
       0
       2
       3
       5
       2
       2
       2
       3
       4
       3
       2
       3
       6
       3
       0
       2
       3
       2
       3
       4
       0
       2
       3
       0
       4
       0
       1
       2
       3
       1
       3
       2
       1
       2
       2
       7
       4
       5
       3
       3
       3
       5
       3
       1
       3
       1
       2
       2
       3
       3
       0
       2
       1
       3
       2
       6
       1
       1
       4
       4
       1
       2
       0
       4
       1
       5
       1
       0
       1
       5
       4
       2
       2
       0
       3
       0
       2
       2
       2
       2
       1
       4
       2
       4
       0
       3
       1
       1
       3
       0
       2
       1
       1
       2
       2
       6
       1
       0
       2
       3
       3
       3
       2
       2
       3
       3
       0
       3
       3
       3
       3
       3
       1
       4
       2
       0
       0
       1
       3
       3
       2
       5
       4
       4
       4
       2
       5
       2
       2
       3
       2
       2
       1
       3
       4
       0
       1
       2
       2
       4
       3
       2
       7
       2
       4
       4
       4
       8
       3
       6
      10
      10
       6
       5
      14
       8
       6
       4
       2
       4
       4
       2
       2
       1
       2
       1
       3
       1
       6
       3
       2
       1
       2
       2
       2
       0
       1
       2
       2
       4
       0
       2
       2
       3
       0
       2
       1
       1
       0
       3
       2
       2
       4
       6
       1
       5
       1
       4
       0
       2
       2
       1
       3
       1
       3
       2
       3
       2
       6
       2
       5
       3
       3
       2
       5
       2
       3
       5
       5
       2
       2
       3
       2
       3
       4
       2
       4
       2
       1
       2
       2
       0
       1
       3
       5
       2
       3
       0
       5
       2
       6
       1
       1
       1
       2
       3
       4
       2
       1
       1
       2
       1
       1
       1
       2
       1
       2
       4
       2
       3
       0
       2
       1
       1
       5
       1
       2
       1
       0
       3
       3
       3
       2
       0
       2
       3
       5
       1
       0
       2
       2
       2
       3
       3
       0
       3
       1
       3
       4
       4
      11
       5
       9
       3
       5
       2
       7
       9
       6
       7
       5
       5
       1
       4
       0
       1
       4
       2
       2
       4
       1
       5
       2
       4
       4
       1
       1
       2
       1
       1
       3
       2
       2
       6
       4
       4
       6
      10
       7
      14
      17
      21
      22
      25
      28
      29
      24
      28
      25
      18
      20
      16
      16
       5
      12
       2
       3
       4
       2
       1
       4
       2
       1
       1
       2
       2
       3
       3
       3
       3
       3
       5
       3
       2
       2
       1
       0
       1
       2
       1
       2
       3
       5
       1
       4
       1
       2
       3
       3
       0
       2
       2
       0
       4
       2
       2
       3
       3
       2
       0
       2
       4
       2
       3
       3
       2
       1
       3
       1
       2
       1
       2
       2
       6
       0
       1
       2
       1
       2
       2
       1
       0
       1
       2
       2
       1
       1
       2
       3
       0
       3
       2
       1
       2
       3
       4
       0
       1
       2
       1
       1
       2
       5
       3
       2
       1
       2
       3
       1
       2
       3
       4
       1
       2
       3
       1
       4
       3
       2
       3
       3
       1
       0
       2
       2
       1
       4
       0
       1
       2
       2
       1
       1
       2
       1
       4
       2
       1
       3
       3
       2
       3
       1
       2
       4
       3
       2
       3
       4
       4
       3
       2
       2
       0
       3
       1
       0
       2
       3
       0
       1
       1
       1
       4
       4
       3
       3
       4
       1
       1
       1
       3
       3
       1
       2
       1
       2
       2
       2
       1
       3
       4
       3
       2
       2
       0
       2
       2
       1
       1
       4
       3
       4
       0
       5
       0
       7
       4
       2
       3
       3
       0
       1
       0
       2
       2
       4
       7
       1
       1
       1
       4
       0
       5
       0
       1
       1
       5
       0
       2
       3
       1
       1
       0
       2
       2
       1
       1
       3
       1
       2
       5
       2
       0
       3
       1
       3
       1
       2
       3
       1
       1
       5
       1
       1
       2
       3
       0
       0
       0
       1
       3
       2
       1
       1
       0
       2
       1
       1
       1
       4
       1
       1
       3
       5
       1
       3
       1
       2
       1
       5
       2
       1
       3
       2
       1
       2
       4
       2
       1
       0
       2
       1
       4
       3
       1
       1
       2
       2
       1
       3
       1
       0
       2
       1
       1
       3
       7
       1
       5
       1
       2
       1
       0
       6
       2
       1
       1
       2
       0
       3
       3
       0
       1
       4
       3
       0
       2
       0
       2
       3
       1
       0
       1
       2
       1
       1
       0
       1
       1
       3
       1
       2
       2
       1
       1
       2
       2
       1
       1
       4
       2
       1
       0
       2
       1
       0
       2
       1
       3
       1
       1
       4
       0
       3
       1
       1
       1
       1
       2
       0
       1
       4
       5
       0
       2
       2
       2
       1
       4
       3
       2
       1
       2
       1
       2
       1
       3
       3
       1
       0
       2
       4
       1
       3
       2
       3
       4
       2
       1
       2
       2
       1
       1
       3
       2
       1
       2
       1
       4
       1
       0
       0
       1
       2
       2
       3
       2
       2
       0
       2
       4
       3
       1
       1
       3
       4
       2
       1
       0
       0
       5
       1
       1
       5
       2
       2
       1
       2
       1
       1
       1
       3
       3
       0
       2
       4
       2
       2
       2
       3
       3
       3
       3
       2
       4
       3
       2
       1
       1
       2
       1
       4
       5
       3
       1
       3
       0
       3
       3
       2
       2
       1
       2
       3
       4
       3
       5
       4
       2
       0
       3
       2
       2
       4
       2
       1
       1
       1
       3
       4
       2
       1
       0
       3
       1
       2
       3
       3
       1
       1
       3
       3
       3
       3
       1
       3
       3
       1
       6
       2
       1
       1
       1
       2
       2
       2
       3
       0
       3
       2
       1
       1
       5
       2
       1
       3
       2
       1
       2
       3
       4
       2
       1
       2
       1
       1
       1
       1
       3
       3
       5
       3
       5
       2
       6
       6
       2
       4
       0
       2
       5
       1
       4
       8
       2
       4
       0
       3
       1
       5
       0
       1
       2
       7
       6
       7
       3
      10
       7
      11
      18
      21
      19
      25
      40
      48
      58
      69
      80
      56
      73
      60
      71
      56
      55
      39
      30
      24
      13
       8
       9
       4
       6
       3
       5
       1
       2
       4
       3
       1
       3
       1
       1
       1
       2
       2
       3
       0
       0
       0
       1
       2
       2
       1
       3
       0
       3
       2
       0
       1
       4
       2
       1
       2
       1
       0
       0
       2
       1
       2
       1
       0
       3
       4
       3
       0
       0
       0
       3
       1
       2
       2
       2
       2
       2
       3
       3
       2
       6
       4
       2
       5
       2
       1
       1
       2
       3
       1
       2
       3
       1
       0
       0
       1
       2
       4
       2
       3
       1
       2
       0
       1
       1
       2
       1
       2
       1
       2
       0
       5
       5
       4
       3
       1
       2
       0
       1
       1
       1
       0
       1
       1
       1
       3
       3
       1
       2
       0
       3
       1
       2
       3
       3
       0
       2
       0
       2
       2
       1
       2
       0
       2
       0
       3
       0
       3
       2
       2
       4
       2
       1
       1
       2
       2
       2
       3
       2
       2
       1
       1
       3
       2
       0
       2
       3
       3
       1
       4
       3
       3
       5
       3
       2
       4
       5
       3
       8
       2
       2
       2
       0
       4
       0
       3
       3
       0
       2
       3
       2
       2
       2
       2
       1
       1
       1
       2
       2
       4
       3
       2
       1
       4
       3
      13
       1
       2
       2
       5
       5
       6
       5
       2
       2
       6
       4
       2
       2
       0
       2
       2
       0
       1
       1
       1
       1
       1
       1
       2
       2
       2
       3
       3
       3
       2
       2
       1
       3
       4
       3
       1
       0
       0
       0
       1
       3
       2
       2
       4
       3
       1
       1
       1
       0
       4
       1
       2
       1
       3
       1
       1
       0
       0
       0
       2
       1
       2
       0
       2
       1
       3
       1
       0
       1
       2
       4
       1
       1
       2
       2
       0
       1
       2
       1
       2
       5
       1
       2
       1
       4
       0
       4
       3
       0
       1
       2
       3
       2
       1
       2
       1
       2
       1
       0
       0
       1
       3
       0
       3
       1
       1
       1
       1
       4
       1
       1
       1
       0
       1
       0
       0
       2
       1
       0
       1
       0
       2
       2
       3
       1
       3
       1
       1
       1
       1
       0
       2
       0
       1
       2
       0
       0
       2
       1
       3
       0
       0
       1
       3
       1
       2
       3
       2
       1
       1
       2
       0
       1
       2
       2
       2
       1
       2
       2
       1
       1
       0
       1
       3
       1
       1
       0
       0
       3
       1
       2
       0
       0
       1
       1
       3
       0
       0
       1
       1
       0
       2
       2
       1
       3
       2
       1
       3
       1
       1
       0
       1
       2
       3
       1
       1
       1
       1
       0
       0
       2
       1
       1
       2
       1
       2
       0
       2
       2
       0
       1
       1
       1
       3
       1
       1
       3
       4
       1
       5
       1
       2
       2
       2
       1
       0
       2
       1
       1
       0
       1
       0
       2
       4
       0
       3
       0
       1
       2
       1
       3
       2
       0
       4
       4
       4
       1
       2
       0
       1
       3
       2
       4
       2
       4
       1
       0
       1
       1
       2
       1
       1
       0
       0
       1
       1
       1
       4
       2
       1
       0
       1
       1
       0
       1
       0
       0
       0
       4
       3
       3
       0
       1
       1
       0
       1
       0
       1
       3
       1
       2
       2
       0
       2
       3
       3
       0
       2
       0
       1
       3
       3
       2
       2
       1
       0
       2
       2
       2
       0
       0
       0
       1
       3
       2
       4
       2
       0
       1
       3
       3
       2
       1
       1
       4
       2
       1
       2
       4
       7
       2
       4
       4
       3
       2
       2
       0
       1
       0
       4
       2
       1
       2
       0
       1
       0
       0
       3
       1
       1
       0
       0
       5
       1
       1
       0
       2
       1
       1
       0
       3
       0
       0
       1
       0
       1
       2
       3
       3
       0
       0
       2
       0
       1
       0
       5
       2
       1
       2
       0
       0
       2
       1
       1
       2
       2
       1
       1
       2
       0
       0
       5
       2
       2
       1
       1
       0
       1
       1
       1
       0
       1
       0
       2
       1
       0
       2
       1
       2
       1
       1
       2
       3
       0
       2
       4
       1
       2
       2
       5
       1
       0
       0
       1
       1
       1
       1
       2
       2
       2
       0
       2
       0
       4
       0
       1
       2
       0
       1
       0
       2
       0
       0
       0
       3
       1
       2
       2
       1
       0
       2
       0
       1
       2
       2
       0
       1
       0
       0
       1
       0
       3
       2
       3
       5
       1
       3
       2
       0
       2
       0
       2
       1
       0
       2
       0
       0
       0
       2
       2
       3
       0
       1
       0
       0
       3
       2
       0
       1
       0
       2
       1
       2
       3
       1
       1
       1
       1
       3
       0
       2
       2
       1
       0
       1
       2
       1
       1
       1
       1
       1
       0
       1
       0
       2
       1
       1
       2
       0
       0
       0
       1
       2
       0
       0
       0
       2
       1
       0
       2
       1
       1
       2
       0
       3
       0
       0
       1
       1
       1
       3
       0
       1
       2
       3
       1
       0
       1
       0
       0
       2
       0
       0
       1
       0
       1
       0
       1
       1
       1
       0
       2
       2
       1
       2
       0
       0
       1
       3
       1
       1
       2
       3
       0
       1
       1
       0
       1
       1
       0
       3
       0
       0
       1
       0
       0
       3
       2
       1
       2
       1
       0
       2
       2
       0
       0
       1
       1
       0
       0
       2
       3
       4
       1
       5
       4
       2
       1
       1
       0
       3
       1
       0
       1
       2
       1
       1
       2
       1
       1
       1
       1
       2
       1
       1
       0
       1
       4
       3
       0
       1
       0
       1
       0
       2
       1
       1
       0
       1
       3
       2
       2
       2
       1
       2
       2
       0
       3
       1
       1
       2
       2
       0
       2
       1
       2
       2
       0
       2
       3
       2
       2
       1
       1
       1
       1
       4
       3
       2
       1
       0
       1
       0
       2
       0
       2
       1
       1
       0
       2
       0
       0
       0
       2
       0
       1
       1
       1
       3
       3
       1
       0
       2
       5
       0
       1
       2
       1
       1
       1
       2
       1
       1
       0
       1
       0
       0
       2
       2
       0
       0
       0
       1
       0
       1
       0
       0
       0
       1
       1
       1
       1
       1
       1
       2
       0
       0
       1
       4
       1
       0
       0
       4
       0
       0
       1
       1
       0
       2
       1
       0
       1
       2
       1
       1
       2
       0
       0
       2
       0
       1
       3
       2
       0
       3
       3
       3
       0
       0
       0
       0
       2
       4
       2
       6
       2
       0
       5
       1
       4
       7
       2
       4
       4
       3
       1
       2
       0
       0
       1
       3
       0
       0
       0
       0
       1
       0
       0
       3
       0
       0
       1
       1
       0
       1
       0
       1
       0
       0
       1
       0
       0
       2
       2
       3
       2
       2
       1
       1
       1
       3
       2
       1
       0
       1
       1
       1
       1
       3
       1
       3
       1
       0
       0
       1
       0
       1
       0
       0
       1
       2
       3
       2
       1
       2
       1
       0
       1
       1
       0
       3
       3
       0
       1
       0
       2
       1
       1
       3
       1
       0
       1
       0
       0
       1
       1
       1
       1
       1
       0
       2
       1
       2
       1
       1
       0
       1
       0
       0
       0
       2
       1
       1
       0
       1
       0
       1
       2
       0
       1
       1
       0
       0
       1
       4
       3
       0
       3
       0
       1
       1
       0
       1
       1
       0
       1
       0
       1
       1
       0
       0
       1
       0
       1
       2
       1
       1
       2
       0
       1
       0
       1
       1
       0
       0
       0
       2
       0
       1
       2
       2
       3
       3
       5
       2
       2
       3
       6
       8
       7
       8
       6
       8
      12
       8
       9
       7
      12
      12
       6
      12
       3
       7
       0
       7
       5
       1
       2
       1
       3
       2
       1
       1
       0
       0
       1
       0
       1
       0
       3
       1
       0
       1
       0
       3
       1
       0
       0
       0
       2
       1
       1
       2
       0
       0
       0
       1
       2
       0
       0
       2
       0
       1
       2
       0
       1
       3
       2
       4
       1
       2
       1
       1
       0
       2
       0
       1
       0
       3
       1
       0
       1
       0
       1
       0
       1
       0
       1
       2
       0
       2
       2
       1
       6
       2
       2
       6
       5
       4
       2
       8
       9
       6
      13
      11
      14
      12
      14
       8
      11
       7
       6
       3
       9
       3
       7
       7
       0
       3
       0
       2
       0
       2
       0
       0
       2
       0
       0
       2
       3
       0
       1
       2
       0
       1
       0
       0
       1
       0
       1
       1
       1
       0
       0
       2
       0
       1
       1
       0
       0
       0
       2
       0
       1
       2
       1
       1
       0
       0
       1
       0
       0
       3
       0
       0
       1
       1
       0
       1
       1
       1
       3
       1
       3
       0
       0
       1
       1
       0
       0
       0
       2
       0
       2
       5
       1
       3
       2
       3
       1
       3
       3
       4
       7
      10
      12
      14
      12
      21
      19
      23
      29
      29
      35
      31
      29
      42
      28
      25
      22
      16
      21
       8
       7
       8
       1
       2
       5
       0
       0
       0
       1
       1
       0
       0
       1
       0
       2
       0
       1
       0
       1
       1
       1
       2
       0
       1
       1
       1
       0
       0
       3
       1
       1
       2
       0
       1
       0
       1
       0
       2
       0
       0
       3
       2
       0
       1
       2
       0
       0
       0
       1
       2
       1
       1
       1
       1
       2
       2
       0
       0
       0
       1
       1
       0
       1
       1
       2
       1
       1
       1
       2
       0
       0
       0
       2
       1
       1
       0
       0
       0
       0
       2
       1
       2
       3
       1
       1
       0
       3
       1
       0
       2
       0
       2
       0
       1
       0
       1
       1
       2
       2
       0
       0
       1
       1
       0
       1
       1
       0
       2
       1
       0
       1
       3
       0
       5
       0
       1
       0
       0
       2
       2
       1
       3
       1
       1
       0
       1
       0
       0
       0
       1
       0
       0
       1
       1
       1
       1
       0
       2
       3
       1
       1
       0
       0
       1
       1
       0
       0
       0
       0
       1
       0
       2
       0
       1
       2
       0
       2
       2
       0
       0
       0
       0
       2
       0
       1
       2
       2
       2
       2
       0
       1
       0
       1
       0
       1
       0
       3
       2
       0
       2
       0
       1
       0
       0
       0
       2
       0
       2
       0
       2
       1
       2
       1
       0
       2
       0
       0
       1
       0
       0
       0
       0
       0
       1
       1
       1
       0
       0
       1
       1
       1
       1
       1
       2
       4
       1
       1
       4
       3
       2
       6
       1
       5
       2
       2
       2
       4
       3
       5
       2
       4
       0
       1
       3
       0
       1
       0
       2
       2
       2
       4
       4
       3
       2
       2
       5
       4
       2
       5
       3
       2
       8
       5
       4
       6
       3
       6
       6
       6
       8
       9
       3
       3
       3
       2
       0
       0
       3
       3
       3
       2
       3
       0
       3
       1
       0
       1
       0
       1
       1
       1
       2
       0
       0
       2
       1
       1
       2
       1
       1
       2
       2
       2
       0
       1
       0
       0
       2
       1
       0
       2
       0
       0
       0
       0
       2
       2
       0
       0
       0
       2
       0
       2
       1
       1
       0
       0
       2
       0
       3
       2
       0
       0
       2
       0
       1
       0
       0
       2
       0
       1
       0
       0
       2
       2
       0
       1
       2
       2
       0
       4
       2
       1
       2
       0
       0
       0
       0
       3
       0
       1
       0
       2
       1
       1
       1
       1
       0
       2
       0
       0
       2
       1
       3
       0
       0
       0
       3
       3
       0
       1
       2
       1
       2
       2
       0
       2
       1
       0
       3
       0
       2
       4
       2
       2
       4
       1
       3
       1
       1
       1
       0
       2
       1
       0
       2
       0
       0
       1
       1
       1
       1
       0
       1
       1
       1
       1
       0
       0
       2
       1
       2
       0
       2
       1
       0
       0
       1
       0
       1
       1
       4
       1
       0
       0
       0
       0
       0
       0
       2
       2
       0
       1
       0
       0
       2
       2
       0
       0
       0
       1
       2
       0
       2
       2
       2
       1
       1
       2
       0
       1
       1
       0
       0
       0
       1
       1
       0
       2
       1
       0
       1
       0
       1
       0
       1
       2
       0
       0
       1
       0
       1
       1
       2
       2
       1
       1
       1
       0
       1
       2
       2
       2
       0
       0
       0
       2
       2
       1
       1
       1
       5
       0
       2
       0
       0
       1
       1
       1
       1
       1
       0
       1
       1
       1
       1
       0
       1
       1
       1
       1
       1
       0
       0
       2
       2
       0
       1
       0
       0
       2
       0
       1
       2
       1
       1
       0
       1
       0
       0
       0
       1
       1
       1
       1
       1
       0
       1
       0
       3
       0
       1
       1
       2
       0
       0
       0
       1
       1
       2
       1
       1
       0
       1
       1
       1
       3
       2
       3
       0
       0
       0
       1
       0
       2
       1
       0
       0
       0
       1
       0
       0
       0
       0
       0
       3
       5
       1
       2
       1
       2
       2
       1
       1
       1
       0
       1
       2
       2
       2
       2
       1
       3
       1
       0
       1
       1
       1
       4
       2
       1
       2
       1
       2
       1
       0
       0
       0
       2
       1
       1
       1
       4
       1
       3
       4
       1
       0
       1
       0
       2
       0
       1
       0
       2
       1
       2
       1
       2
       0
       1
       2
       0
       0
       2
       4
       0
       0
       0
       1
       2
       0
       0
       1
       2
       0
       1
       1
       0
       1
       1
       0
       1
       1
       0
       1
       0
       2
       2
       3
       0
       0
       1
       0
       1
       2
       2
       3
       0
       0
       0
       1
       0
       0
       0
       0
       0
       1
       2
       0
       0
       2
       1
       2
       0
       0
       0
       1
       0
       0
       0
       0
       2
       0
       3
       1
       1
       1
       3
       2
       0
       1
       2
       1
       2
       1
       2
       0
       2
       4
       0
       0
       0
       0
       1
       2
       1
       1
       0
       2
       1
       1
       0
       1
       2
       2
       3
       2
       0
       1
       2
       2
       2
       0
       0
       0
       0
       2
       0
       1
       2
       1
       0
       1
       1
       2
       1
       0
       0
       3
       1
       0
       1
       0
       3
       0
       0
       1
       1
       0
       1
       1
       2
       4
       2
       0
       1
       2
       0
       1
       0
       1
       0
       3
       2
       0
       1
       4
       2
       1
       1
       2
       2
       0
       1
       1
       0
       4
       0
       0
       1
       0
       2
       0
       0
       1
       2
       0
       1
       1
       1
       0
       2
       2
       1
       1
       0
       1
       2
       1
       0
       0
       3
       2
       1
       1
       2
       0
       1
       1
       1
       6
       1
       1
       0
       2
       0
       0
       1
       2
       2
       1
       0
       1
       2
       3
       3
       4
       2
       2
       1
       0
       0
       2
       3
       2
       1
       0
       0
       2
       2
       0
       1
       1
       2
       1
       0
       2
       1
       0
       0
       2
       3
       1
       0
       1
       1
       0
       0
       1
       1
       2
       1
       2
       4
       1
       3
       2
       1
       5
       0
       8
       3
       2
       2
       0
       2
       1
       4
       2
       2
       1
       1
       0
       2
       3
       1
       1
       3
       1
       0
       1
       2
       2
       1
       1
       2
       0
       1
       2
       1
       0
       0
       1
       3
       2
       1
       0
       3
       0
       0
       2
       1
       0
       0
       0
       1
       2
       1
       1
       1
       1
       1
       3
       0
       1
       0
       2
       1
       1
       0
       2
       1
       3
       0
       1
       3
       1
       1
       0
       2
       1
       0
       1
       1
       3
       0
       4
       0
       0
       1
       1
       0
       0
       0
       2
       1
       1
       1
       1
       1
       2
       0
       2
       3
       1
       5
       1
       1
       2
       0
       2
       2
       3
       0
       3
       1
       0
       2
       0
       2
       0
       0
       4
       1
       1
       0
       4
       0
       1
       4
       0
       1
       1
       1
       4
       3
       2
       0
       1
       4
       1
       1
       2
       1
       1
       2
       3
       4
       1
       2
       3
       0
       1
       1
       1
       0
       1
       1
       0
       1
       1
       2
       2
       3
       1
       0
       1
       3
       3
       1
       1
       2
       5
       1
       4
       2
       1
       1
       1
       2
       0
       1
       1
       1
       2
       0
       1
       1
       1
       0
       3
       0
       1
       2
       0
       2
       0
       3
       3
       1
       2
       4
       0
       3
       1
       0
       1
       2
       4
       1
       1
       0
       2
       0
       1
       1
       0
       1
       1
       0
       3
       0
       0
       1
       1
       0
       2
       0
       1
       0
       0
       0
       4
       3
       0
       0
       3
       0
       1
       2
       2
       0
       1
       1
       0
       0
       1
       2
       0
       2
       2
       2
       1
       2
       0
       2
       2
       0
       0
       4
       1
       4
       2
       1
       1
       0
       2
       0
       0
       2
       1
       0
       2
       1
       2
       1
       1
       3
       0
       1
       2
       2
       3
       1
       1
       1
       0
       2
       0
       0
       2
       1
       0
       1
       0
       1
       2
       1
       3
       2
       1
       2
       1
       0
       2
       2
       2
       1
       2
       0
       3
       1
       2
       1
       0
       2
       4
       1
       1
       0
       2
       3
       0
       2
       2
       3
       0
       5
       1
       0
       1
       1
       0
       2
       1
       2
       0
       7
       1
       0
       0
       1
       2
       2
       4
       2
       0
       2
       2
       1
       0
       0
       1
       1
       0
       1
       0
       1
       3
       3
       1
       1
       2
       0
       0
       0
       1
       3
       0
       1
       1
       0
       0
       1
       1
       2
       3
       1
       3
       1
       1
       2
       3
       2
       1
       1
       1
       2
       0
       2
       0
       1
       1
       1
       1
       0
       0
       0
       0
       2
       1
       2
       0
       2
       2
       4
       1
       0
       1
       0
       0
       2
       3
       0
       2
       1
       1
       1
       2
       0
       1
       0
       3
       2
       1
       1
       2
       0
       2
       3
       2
       0
       0
       0
       2
       1
       1
       4
       1
       1
       1
       1
       1
       1
       0
       2
       2
       3
       3
       1
       1
       3
       1
       0
       0
       0
       1
       3
       0
       0
       0
       1
       1
       1
       1
       0
       0
       1
       1
       1
       1
       1
       0
       0
       2
       2
       1
       3
       0
       2
       0
       0
       1
       1
       2
       0
       0
       1
       1
       0
       1
       0
       3
       1
       1
       1
       2
       2
       1
       0
       0
       1
       1
       1
       3
       2
       1
       1
       0
       0
       0
       1
       0
       0
       0
       0
       3
       1
       1
       0
       1
       2
       3
       2
       2
       0
       2
       1
       1
       3
       0
       0
       2
       3
       1
       1
       1
       0
       1
       1
       1
       1
       2
       2
       2
       1
       0
       1
       0
       4
       2
       1
       0
       1
       0
       2
       1
       0
       2
       3
       1
       3
       1
       0
       1
       1
       2
       2
       4
       1
       3
       1
       0
       1
       1
       1
       1
       2
       1
       1
       1
       1
       1
       1
       0
       0
       2
       1
       3
       1
       0
       0
       3
       2
       2
       1
       1
       3
       1
       2
       0
       1
       1
       1
       1
       1
       2
       0
       0
       0
       2
       0
       0
       2
       2
       0
       1
       1
       4
       0
       1
       0
       0
       1
       3
       2
       0
       0
       1
       2
       1
       0
       1
       3
       1
       0
       3
       3
       1
       0
       1
       0
       1
       1
       2
       3
       1
       1
       0
       2
       2
       2
       0
       1
       0
       1
       1
       1
       1
       0
       2
       2
       2
       1
       2
       1
       0
       2
       0
       2
       1
       0
       3
       1
       0
       1
       2
       1
       4
       2
       2
       3
       3
       5
       0
       1
       1
       1
       2
       3
       2
       1
       2
       1
       3
       0
       2
       0
       2
       0
       0
       1
       5
       2
       1
       1
       2
       1
       2
       1
       0
       0
       0
       1
       1
       0
       1
       1
       1
       0
       2
       2
       1
       2
       1
       2
       0
       1
       1
       1
       1
       2
       1
       1
       2
       0
       0
       2
       2
       1
       3
       1
       0
       1
       1
       1
       1
       2
       0
       0
       1
       1
       0
       1
       1
       1
       1
       2
       1
       0
       0
       1
       1
       2
       1
       3
       3
       2
       3
       1
       0
       0
       1
       5
       0
       1
       2
       1
       3
       1
       0
       3
       0
       1
       2
       0
       1
       1
       2
       0
       2
       0
       0
       2
       0
       4
       1
       1
       1
       1
       0
       0
       3
       0
       2
       0
       3
       1
       0
       0
       2
       2
       0
       1
       1
       0
       0
       0
       2
       2
       0
       1
       2
       0
       0
       1
       2
       0
       1
       1
       2
       1
       1
       0
       2
       0
       1
       2
       0
       2
       0
       1
       1
       1
       1
       1
       2
       1
       2
       3
       1
       2
       0
       0
       1
       0
       1
       1
       1
       4
       1
       3
       1
       0
       2
       1
       2
       0
       1
       0
       0
       1
       3
       2
       2
       2
       1
       0
       1
       0
       0
       1
       2
       1
       1
       3
       2
       0
       1
       1
       1
       1
       4
       2
       3
       1
       0
       0
       0
       0
       1
       2
       0
       1
       2
       2
       0
       0
       0
       1
       0
       2
       1
       0
       1
       3
       0
       1
       1
       2
       2
       0
       0
       1
       0
       2
       1
       4
       1
       1
       1
       0
       2
       1
       1
       2
       2
       1
       1
       0
       2
       0
       0
       1
       0
       2
       1
       0
       2
       0
       0
       1
       2
       2
       0
       2
       0
       0
       0
       1
       3
       1
       0
       0
       2
       0
       1
       0
       0
       2
       1
       0
       0
       1
       1
       0
       2
       1
       0
       1
       1
       0
       1
       0
       0
       0
       1
       2
       1
       0
       0
       1
       2
       1
       1
       1
       1
       1
       2
       1
       2
       0
       2
       1
       1
       1
       5
       1
       2
       3
       3
       0
       1
       1
       2
       1
       0
       1
       0
       0
       1
       1
       1
       1
       0
       1
       0
       0
       3
       1
       1
       0
       1
       1
       0
       2
       1
       2
       0
       3
       1
       0
       2
       3
       0
       1
       0
       0
       0
       0
       2
       0
       0
       0
       0
       1
       0
       0
       1
       1
       0
       1
       0
       1
       0
       1
       0
       2
       2
       1
       0
       2
       1
       0
       1
       1
       1
       1
       1
       0
       1
       1
       0
       1
       1
       0
       1
       0
       0
       0
       0
       0
       1
       1
       3
       2
       0
       0
       0
       1
       2
       2
       1
       2
       0
       2
       1
       1
       0
       0
       2
       0
       3
       0
       0
       1
       3
       1
       0
       0
       0
       0
       1
       0
       0
       0
       1
       0
       4
       2
       0
       0
       1
       0
       1
       0
       0
       0
       1
       0
       4
       0
       1
       0
       1
       0
       2
       2
       2
       1
       0
       2
       1
       1
       2
       1
       0
       0
       0
       2
       0
       1
       0
       1
       0
       1
       0
       0
       0
       0
       1
       1
       1
       2
       1
       1
       0
       1
       0
       0
       1
       0
       0
       1
       0
       2
       0
       0
       1
       0
       1
       1
       0
       1
       0
       2
       0
       0
       2
       2
       0
       1
       0
       0
       0
       1
       4
       1
       0
       1
       0
       1
       0
       0
       0
       1
       2
       3
       0
       1
       2
       0
       1
       0
       1
       0
       0
       0
       2
       1
       1
       3
       0
       0
       0
       0
       1
       2
       0
       2
       3
       1
       3
       1
       0
       1
       2
       1
       0
       0
       0
       0
       3
       2
       0
       1
       0
       0
       0
       2
       0
       2
       3
       0
       1
       0
       1
       3
       1
       3
       0
       0
       0
       0
       1
       0
       3
       1
       0
       1
       1
       2
       0
       1
       1
       1
       0
       1
       1
       3
       0
       0
       1
       0
       0
       2
       0
       0
       1
       1
       1
       0
       1
       0
       1
       2
       0
       0
       0
       0
       1
       0
       1
       0
       0
       0
       4
       1
       2
       4
       1
       0
       0
       1
       0
       0
       0
       1
       2
       0
       1
       0
       1
       0
       1
       1
       0
       2
       2
       1
       0
       1
       2
       1
       3
       1
       0
       1
       0
       0
       2
       3
       2
       2
       0
       1
       1
       1
       0
       2
       3
       1
       0
       1
       0
       0
       0
       1
       1
       0
       1
       0
       2
       0
       0
       2
       0
       1
       1
       0
       1
       2
       1
       0
       2
       0
       2
       0
       0
       0
       1
       1
       1
       0
       1
       0
       0
       0
       0
       0
       1
       1
       0
       3
       1
       2
       0
       1
       2
       0
       2
       0
       0
       1
       0
       3
       0
       0
       1
       2
       2
       1
       1
       0
       1
       2
       2
       1
       0
       1
       1
       0
       2
       0
       1
       0
       1
       2
       1
       0
       0
       3
       2
       1
       0
       1
       2
       1
       2
       1
       0
       2
       2
       0
       1
       0
       0
       0
       0
       0
       0
       2
       0
       0
       1
       0
       0
       1
       0
       0
       1
       0
       2
       2
       1
       0
       0
       0
       0
       2
       1
       0
       0
       2
       0
       1
       0
       0
       1
       2
       1
       3
       1
       1
       0
       1
       1
       1
       0
       0
       0
       0
       0
       0
       1
       1
       0
       1
       0
       0
       1
       0
       2
       0
       1
       0
       1
       0
       3
       0
       0
       0
       1
       0
       0
       0
       1
       1
       0
       3
       0
       1
       0
       2
       0
       1
       1
       0
       1
       2
       0
       1
       1
       0
       0
       0
       0
       0
       1
       1
       1
       3
       1
       1
       0
       0
       0
       1
       0
       0
       1
       2
       1
       2
       0
       1
       0
       1
       0
       2
       0
       2
       1
       0
       0
       1
       2
       1
       2
       1
       1
       0
       1
       0
       0
       3
       0
       1
       0
       0
       0
       2
       2
       1
       1
       1
       0
       0
       0
       0
       0
       0
       2
       0
       0
       1
       0
       0
       0
       1
       0
       0
       2
       0
       0
       0
       0
       1
       0
       2
       0
       1
       0
       0
       0
       0
       1
       1
       0
       0
       1
       0
       1
       0
       0
       0
       0
       0
       0
       1
       1
       0
       0
       1
       0
       0
       1
       0
       0
       0
       1
       0
       0
       1
       1
       2
       0
       4
       0
       0
       2
       0
       0
       1
       2
       1
       0
       0
       2
       0
       1
       0
       0
       2
       0
       2
       1
       0
       0
       0
       1
       5
       0
       0
       0
       0
       0
       1
       1
       2
       2
       0
       0
       0
       0
       1
       0
       0
       0
       0
       1
       1
       0
       0
       1
       2
       2
       0
       0
       1
       0
       0
       0
       0
       0
       0
       2
       2
       0
       0
       0
       1
       1
       1
       1
       0
       0
       0
       1
       0
       1
       0
       1
       0
       0
       0
       0
       0
       1
       1
       0
       0
       0
       1
       0
       0
       0
       0
       2
       0
       0
       0
       0
       0
       0
       0
       0
       0
       1
       0
       1
       0
       0
       0
       1
       0
       0
       0
       0
       0
       1
       0
       0
       1
       0
       1
       2
       1
       0
       2
       1
       0
       1
       0
       0
       0
       0
       1
       0
       1
       2
       0
       0
       0
       0
       0
       1
       0
       1
       0
       0
       0
       1
       0
       0
       0
       1
       0
       0
       0
       1
       0
       1
       0
       1
       0
       0
       1
       0
       0
       1
       1
       2
       0
       0
       0
       2
       0
       1
       1
       0
       0
       1
       0
       1
       1
       0
       0
       0
       1
       1
       1
       1
       0
       0
       0
       0
       0
       1
       0
       1
       1
       1
       2
       0
       3
       1
       1
       0
       1
       0
       2
       0
       1
       0
       0
       0
       0
       0
       0
       0
       0
       0
       3
       1
       1
       2
       2
       0
       3
       1
       0
       0
       0
       1
       0
       0
       1
       3
       1
       1
       0
       1
       1
       0
       1
       0
       1
       0
       0
       1
       0
       0
       0
       1
       1
       1
       1
       1
       0
       2
       2
       1
       1
       0
       0
       2
       2
       0
       1
       1
       1
       2
       6
       2
       2
       2
       2
       7
      10
      10
       7
      24
      16
      20
      22
      14
      40
      42
      35
      53
      36
      65
      53
      56
      50
      24
      43
      23
      30
      26
      13
      10
       8
       8
      12
       2
       1
       1
       0
       3
       0
       0
       0
       0
       1
       0
       0
       1
       1
       0
       0
       0
       2
       0
       0
       0
       1
       0
       0
       2
       0
       0
       0
       1
       1
       0
       1
       0
       1
       0
       0
       0
       0
       2
       0
       0
       0
       0
       1
       0
       1
       1
       0
       2
       0
       1
       2
       1
       2
       0
       0
       0
       0
       1
       0
       2
       3
       5
       2
       2
       7
       3
       7
       3
       2
       2
       6
       0
       3
       2
       3
       0
       1
       0
       1
       0
       0
       0
       2
       1
       0
       0
       0
       0
       0
       1
       0
       0
       0
       0
       0
       1
       0
       0
       1
       0
       1
       0
       2
       1
       1
       1
       0
       0
       0
       0
       0
       1
       0
       0
       0
       0
       0
       1
       0
       0
       0
       1
       0
       0
       0
       0
       1
       0
       0
       1
       0
       1
       0
       1
       1
       0
       0
       0
       1
       1
       1
       0
       0
       1
       1
       1
       0
       0
       0
       0
       1
       0
       0
       1
       0
       0
       0
       0
       0
       1
       0
       0
       0
       0
       0
       0
       1
       0
       0
       0
       2
       0
       2
       0
       0
       0
       0
       0
       1
       0
       1
       1
       1
       0
       2
       0
       0
       0
       0
       0
       1
       1
       0
       0
       0
       0
       0
       0
       0
       0
       0
       1
       2
       1
       1
       0
       2
       0
       0
       0
       1
       1
       1
       1
       1
       0
       0
       0
       1
       1
       0
       0
       0
       0
       0
       2
       0
       0
       0
       0
       0
       0
       0
       1
       1
       1
       0
       0
       0
       0
       3
       0
       0
       1
       0
       1
       1
       0
       1
       0
       0
       2
       0
       0
       0
       0
       1
       1
       0
       1
       0
       0
       0
       0
       0
       0
       0
       1
       1
       0
       1
       0
       0
       0
       0
       0
       1
       0
       0
       1
       1
       1
       0
       0
       0
       0
       0
       1
       0
       0
       1
       1
       2
       1
       0
       0
       1
       0
       0
       0
       0
       0
       0
       1
       0
       0
       0
       1
       0
       2
       0
       0
       0
       0
       0
       1
       0
       2
       1
       0
       0
       1
       0
       0
       0
       1
       0
       0
       0
       0
       0
       0
       1
       0
       0
       0
       0
       0
       1
       0
       1
       0
       0
       2
       2
       0
       0
       0
       2
       0
       1
       0
       0
       0
       0
       1
       1
       0
       1
       0
       1
       0
       0
       2
       1
       0
       0
       1
       0
       1
       0
       0
       0
       0
       0
       0
       0
       0
       0
       2
       1
       0
       0
       0
       0
       1
       0
       0
       0
       1
       1
       0
       0
       0
       1
       0
       1
       0
       0
       0
       0
       0
       1
       0
       0
       1
       0
       0
       0
       0
       0
       1
       1
       0
       0
       2
       0
       0
       0
       0
       0
       1
       0
       1
       1
       0
       1
       0
       0
       0
       1
       2
       1
       0
       1
       0
       2
       2
       3
       1
       2
       2
       1
       2
       0
       2
       3
       4
       0
       2
       1
       0
       2
       2
       2
       0
       1
       1
       0
       0
       1
       0
       0
       0
       0
       0
       0
       0
       4
       0
       0
       0
       0
       0
       0
       1
       0
       0
       2
       0
       1
       1
       0
       0
       0
       0
       0
       0
       0
       0
       1
       0
       1
       0
       0
       0
       1
       1
       0
       1
       1
       0
       1
       0
       1
       0
       0
       0
       1
       0
       0
       0
       1
       0
       0
       0
       0
       0
       1
       1
       0
       0
       1
       0
       0
       0
       2
       0
       0
       0
       0
       0
       0
       0
       0
       1
       0
       1
       1
       0
       0
       1
       0
       0
       0
       0
       0
       1
       1
       0
       0
       1
       0
       1
       0
       0
       0
       0
       0
       0
       1
       0
       1
       0
       1
       0
       0
       0
       0
       0
       0
       0
       0
       0
       0
       0
       1
       1
       1
       2
       0
       0
       0
       0
       1
       0
       0
       1
       0
       0
       0
       0
       0
       0
       1
       0
       0
       1
       0
       0
       0
       2
       2
       0
       0
       2
       0
       0
       1
       2
       0
       0
       1
       0
       0
       0
       0
       0
       0
       0
       1
       0
       0
       0
       0
       0
       1
       1
       1
       0
       2
       1
       1
       0
       0
       0
       0
       0
       0
       0
       1
       1
       1
       0
       0
       1
       1
       0
       0
       0
       0
       0
       1
       1
       3
       0
       0
       0
       0
       0
       0
       1
       1
       1
       0
       0
       1
       0
       1
       0
       0
       0
       0
       2
       0
       0
       0
       1
       0
       2
       0
       2
       0
       0
       1
       1
       0
       2
       0
       1
       1
       3
       2
       0
       0
       3
       0
       2
       3
       0
       2
       4
       0
       2
       5
       3
       2
       4
       1
       1
       0
       2
       0
       1
       2
       0
       0
       3
       1
       1
       0
       1
       1
       0
       0
       0
       1
       2
       1
       0
       0
       0
       0
       2
       1
       0
       0
       0
       1
       0
       1
       1
       1
       0
       0
       2
       0
       0
       0
       0
       0
       0
       0
       1
       0
       0
       0
       2
       0
       0
       0
       0
       1
       2
       0
       3
       0
       0
       1
       0
       2
       0
       1
       0
       0
       1
       0
       0
       0
       0
       0
       2
       1
       0
       2
       0
       0
       0
       0
       0
       0
       0
       0
       2
       2
       1
       0
       3
       0
       1
       2
       0
       0
       1
       1
       2
       1
       1
       0
       1
       2
       1
       0
       3
       0
       0
       0
       1
       4
       2
       1
       2
       2
       1
       0
       0
       3
       1
       1
       0
       1
       1
       1
       1
       1
       0
       1
       1
       0
       2
       0
       0
       0
       1
       0
       0
       0
       0
       0
       0
       0
       0
       1
       0
       0
       0
       1
       1
       0
       0
       1
       0
       1
       0
       0
       0
       0
       0
       1
       0
       1
       0
       0
       1
       0
       0
       1
       0
       0
       0
       0
       1
       1
       1
       0
       0
       0
       1
       0
       1
       1
       1
       1
       2
       1
       0
       1
       0
       0
       0
       1
       0
       2
       0
       0
       0
       2
       1
       1
       0
       1
       0
       1
       0
       1
       0
       1
       0
       1
       0
       1
       1
       0
       0
       1
       2
       0
       0
       1
       2
       2
       0
       1
       1
       0
       0
       0
       1
       1
       0
       0
       0
       0
       0
       1
       1
       0
       0
       1
       1
       0
       0
       0
       0
       1
       0
       1
       0
       1
       0
       0
       0
       1
       1
       0
       0
       0
       1
       0
       2
       0
       1
       0
       1
       0
       0
       0
       0
       0
       0
       0
       0
       0
       0
       0
       2
       0
       0
       0
       0
       0
       0
       0
       1
       0
       0
       0
       0
       0
       1
       0
       0
       0
       0
       0
       0
       1
       0
       0
       2
       0
       0
       0
       0
       1
       0
       0
       0
       1
       0
       1
       1
       0
       1
       0
       0
       0
       1
       0
       0
       0
       0
       0
       0
       0
       3
       0
       0
       1
       0
       0
       0
       0
       0
       0
       1
       0
       0
       2
       1
       0
       1
       3
       1
       0
       1
       0
       0
       1
       0
       0
       0
       0
       0
       1
       0
       0
       1
       0
       0
       0
       0
       0
       0
       0
       1
       0
       0
       0
       1
       2
       0
       0
       0
       0
       1
       2
       2
       0
       1
       2
       0
       1
       0
       0
       0
       0
       1
       0
       0
       0
       0
       1
       0
       0
       1
       1
       0
       0
       1
       1
       0
       0
       0
       1
       0
       2
       1
       1
       3
       0
       0
       1
       0
       0
       0
       1
       2
       1
       0
       1
       0
       1
       0
       0
       0
       0
       0
       1
       0
       1
       0
       0
       0
       2
       1
       1
       1
       0
       0
       1
       1
       2
       0
       0
       0
       0
       0
       0
       0
       4
       0
       0
       0
       0
       1
       0
       2
       0
       0
       0
       0
       0
       0
       0
       0
       0
       1
       1
       0
       0
       0
       1
       2
       2
       1
       0
       0
       0
       0
       0
       1
       1
       0
       1
       1
       0
       1
       1
       1
       0
       1
       1
       0
       0
       0
       0
       1
       1
       0
       2
       0
       0
       0
       1
       1
       0
       0
       0
       1
       1
       1
       0
       0
       2
       1
       1
       1
       2
       1
       0
       0
       0
       0
       1
       0
       3
       1
       0
       1
       0
       1
       0
       2
       1
       1
       0
       0
       0
       2
       0
       0
       1
       0
       0
       0
       0
       1
       0
       0
       0
       0
       1
       0
       0
       1
       0
       0
       0
       1
       1
       0
       2
       0
       0
       0
       1
       0
       1
       1
       0
       0
       1
       1
       0
       0
       0
       0
       0
       1
       2
       0
       0
       1
       0
       0
       0
       0
       0
       0
       1
       0
       0
       0
       0
       0
       0
       0
       0
       1
       0
       0
       1
       1
       1
       0
       2
       1
       0
       0
       0
       0
       0
       0
       0
       0
       0
       1
       0
       0
       1
       0
       0
       1
       2
       0
       0
       1
       1
       3
       0
       0
       1
       0
       0
       0
       1
       0
       0
       0
       0
       1
       0
       0
       0
       0
       1
       1
       0
       0
       0
       0
       2
       0
       0
       0
       0
       0
       0
       1
       1
       0
       0
       2
       0
       1
       2
       0
       1
       1
       0
       0
       1
       0
       0
       0
       1
       0
       0
       0
       2
       0
       1
       1
       0
       0
       0
       1
       0
       1
       0
       0
       0
       0
       0
       1
       0
       0
       0
       0
       0
       1
       1
       0
       0
       1
       0
       1
       1
       1
       0
       0
       0
       0
       0
       1
       1
       1
       0
       0
       1
       1
       0
       0
       1
       1
       1
       0
       1
       0
       0
       0
       1
       0
       2
       2
       0
       0
       1
       3
       0
       0
       0
       0
       1
       0
       0
       0
       2
       0
       0
       1
       0
       2
       1
       0
       0
       0
       1
       0
       0
       0
       0
       1
       0
       0
       0
       0
       4
       1
       0
       0
       0
       1
       0
       0
       1
       1
       1
       0
       0
       0
       0
       1
       0
       0
       1
       0
       2
       0
       0
       1
       0
       0
       0
       1
       3
       0
       0
       1
       0
       2
       0
       1
       1
       0
       0
       1
       2
       0
       0
       0
       0
       2
       0
       0
       0
       0
       0
       1
       0
       1
       1
       1
       1
       1
       0
       0
       1
       0
       0
       0
       1
       0
       1
       0
       1
       0
       1
       1
       1
       2
       0
       2
       0
       0
       0
       0
       0
       0
       0
       0
       0
       2
       0
       3
       1
       0
       0
       0
       1
       0
       0
       0
       0
       0
       0
       0
       1
       0
       1
       0
       0
       0
       0
       0
       0
       1
       0
       1
       0
       0
       0
       3
       0
       0
       0
       0
       1
       1
       0
       0
       0
       0
       2
       1
       0
       0
       0
       1
       0
       1
       1
       1
       1
       2
       0
       0
       1
       0
       2
       0
       1
       1
       1
       1
       0
       1
       0
       0
       2
       1
       0
       1
       0
       0
       1
       0
       1
       0
       0
       1
       0
       2
       0
       0
       0
       0
       0
       0
       0
       1
       1
       0
       0
       2
       0
       1
       0
       0
       2
       0
       0
       0
       0
       1
       0
       2
       0
       1
       0
       0
       0
       1
       1
       1
       0
       2
       0
       0
       1
       0
       0
       0
       1
       0
       0
       2
       0
       0
       2
       0
       0
       2
       0
       1
       0
       1
       2
       1
       0
       1
       0
       0
       0
       0
       0
       0
       2
       0
       0
       0
       0
       2
       0
       0
       0
       1
       0
       2
       0
       2
       0
       0
       1
       2
       0
       1
       0
       0
       0
       0
       0
       1
       0
       1
       0
       0
       0
       1
       0
       0
       3
       0
       0
       1
       0
       1
       0
       0
       0
       1
       0
       0
       0
       1
       1
       1
       0
       1
       0
       1
       1
       0
       0
       1
       0
       0
       0
       0
       0
       0
       1
       0
       0
       0
       0
       0
       1
       0
       0
       0
       2
       0
       0
       1
       1
       2
       0
       0
       1
       1
       2
       0
       0
       0
       0
       0
       0
       0
       0
       1
       0
       0
       3
       0
       0
       0
       0
       1
       0
       1
       0
       0
       0
       1
       1
       1
       2
       1
       0
       0
       0
       0
       0
       1
       1
       0
       0
       0
       0
       0
       1
       0
       2
       2
       1
       1
       1
       2
       1
       2
       0
       2
       0
       1
       1
       2
       2
       1
       0
       1
       2
       1
       0
       1
       0
       1
       0
       0
       0
       1
       0
       0
       0
       0
       0
       0
       0
       2
       1
       0
       1
       0
       0
       0
       0
       1
       2
       2
       0
       1
       2
       1
       0
       0
       0
       0
       0
       0
       1
       1
       2
       0
       0
       1
       1
       0
       1
       1
       3
       1
       0
       0
       0
       0
       0
       0
       0
       0
       0
       0
       1
       0
       1
       0
       0
       1
       2
       0
       0
       0
       0
       0
       1
       2
       0
       0
       0
       0
       1
       1
       0
       1
       0
       1
       0
       0
       0
       0
       1
       0
       1
       0
       1
       2
       0
       0
       0
       1
       0
       0
       0
       0
       0
       0
       0
       1
       1
       1
       0
       1
       1
       1
       1
       0
       3
       1
       0
       0
       1
       0
       2
       1
       0
       0
       2
       1
       1
       0
       1
       0
       0
       2
       0
       0
       0
       1
       0
       0
       0
       0
       0
       2
       1
       0
       0
       1
       1
       0
       0
       0
       1
       0
       2
       0
       1
       0
       0
       0
       0
       1
       2
       2
       0
       2
       0
       1
       1
       0
       0
       4
       2
       0
       0
       0
       1
       0
       1
       1
       0
       2
       1
       2
       3
       4
       2
       3
       4
       2
       2
       4
       1
       4
       4
       5
       2
       3
       2
       2
       0
       4
       2
       0
       0
       1
       0
       1
       2
       0
       0
       0
       0
       1
       0
       0
       0
       2
       1
       0
       2
       0
       2
       0
       0
       0
       1
       2
       0
       0
       1
       0
       0
       0
       2
       0
       0
       2
       3
       0
       0
       2
       0
       1
       0
       0
       0
       0
       1
       0
       0
       0
       0
       0
       0
       0
       0
       1
       1
       1
       1
       0
       1
       0
       1
       1
       0
       0
       0
       0
       0
       0
       1
       0
       1
       0
       0
       0
       4
       0
       0
       1
       0
       1
       0
       0
       1
       2
       0
       1
       0
       0
       0
       0
       1
       0
       0
       1
       1
       0
       0
       1
       1
       0
       0
       0
       0
       1
       0
       0
       0
       1
       1
       1
       0
       1
       0
       0
       1
       1
       0
       0
       0
       0
       2
       0
       1
       0
       1
       1
       2
       1
       0
       0
       0
       0
       1
       0
       0
       1
       1
       0
       1
       1
       0
       2
       1
       0
       0
       0
       0
       2
       0
       0
       0
       0
       0
       1
       0
       0
       1
       0
       1
       4
       0
       0
       1
       0
       0
       0
       0
       0
       0
       1
       0
       0
       0
       0
       1
       1
       0
       1
       1
       2
       0
       0
       0
       0
       0
       1
       0
       1
       0
       1
       2
       0
       0
       0
       1
       0
       1
       0
       0
       2
       0
       0
       0
       0
       0
       0
       0
       0
       1
       0
       0
       0
       0
       0
       2
       0
       1
       0
       0
       0
       0
       0
       0
       0
       0
       0
       2
       0
       0
       2
       0
       0
       1
       0
       2
       1
       1
       1
       0
       0
       0
       0
       0
       1
       1
       0
       0
       2
       0
       0
       1
       0
       1
       0
       0
       0
       0
       0
       1
       2
       0
       0
       1
       0
       1
       2
       0
       0
       0
       0
       0
       0
       1
       0
       0
       1
       1
       1
       0
       0
       0
       0
       0
       0
       0
       1
       0
       0
       0
       0
       0
       0
       0
       0
       2
       0
       0
       0
       0
       1
       0
       0
       0
       0
       1
       1
       1
       0
       0
       0
       0
       0
       2
       0
       0
       0
       0
       0
       2
       1
       1
       1
       0
       1
       0
       0
       1
       1
       1
       0
       1
       0
       0
       0
       0
       1
       1
       0
       0
       1
       1
       0
       0
       2
       0
       0
       0
       0
       0
       0
       0
       0
       1
       0
       2
       2
       1
       0
       0
       0
       1
       0
       0
       0
       0
       0
       0
       0
       0
       0
       1
       1
       0
       2
       0
       0
       0
       1
       0
       0
       1
       0
       0
       0
       0
       0
       0
       0
       0
       0
       0
       0
       1
       1
       1
       0
       0
       0
       1
       0
       0
       0
       0
       0
       0
       0
       0
       0
       0
       0
       0
       0
       0
       0
       0
       0
       0
       0
       1
       2
       0
       0
       1
       0
       0
       0
       0
       1
       0
       0
       0
       0
       0
       1
       0
       0
       1
       1
       0
       0
       0
       0
       2
       0
       0
       0
       1
       0
       0
       0
       0
       0
       0
       0
       0
       0
       1
       0
       0
       0
       0
       0
       0
       0
       0
       0
       0
       0
       1
       0
       1
       0
       0
       0
       0
       0
       0
       1
       0
       0
       0
       0
       0
       0
       0
       0
       0
       2
       0
       2
       0
       0
       1
       0
       0
       1
       0
       0
       0
       0
       0
       0
       0
       0
       1
       0
       0
       0
       0
       0
       1
       0
       0
       0
       1
       1
       0
       0
       0
       0
       0
       0
       0
       0
       0
       0
       0
       0
       0
       0
       0
       0
       0
       0
       1
       0
       0
       1
       1
       1
       0
       0
       0
       1
       0
       1
       1
       0
       1
       0
       0
       0
       1
       0
       0
       0
       0
       1
       1
       0
       1
       0
       0
       0
       1
       0
       0
       0
       0
       0
       2
       0
       0
       0
       0
       0
       0
       0
       0
       0
       0
       0
       0
       0
       0
       0
       0
       0
       0
       0
       0
       0
       0
       0
       0
       0
       0
       0
       1
       0
       1
       0
       0
       0
       0
       0
       1
       1
       3
       0
       0
       0
       0
       1
       0
       0
       0
       0
       1
       0
       0
       0
       0
       0
       0
       1
       1
       0
       1
       1
       0
       0
       0
       0
       2
       0
       0
       1
       0
       0
       0
       1
       0
       1
       0
       0
       1
       0
       0
       0
       0
       2
       0
       1
       0
       0
       0
       0
       0
       0
       0
       0
       0
       0
       0
       0
       0
       1
       1
       0
       0
       0
       0
       0
       0
       1
       1
       0
       0
       0
       0
       0
       0
       0
       0
       0
       0
       0
       0
       0
       0
       0
       0
       0
       0
       0
       1
       0
       0
       1
       1
       0
       0
       0
       1
       0
       0
       0
       0
       0
       0
       0
       0
       0
       0
       0
       0
       0
       0
       0
       1
       1
       0
       0
       0
       1
       0
       0
       0
       0
       0
       0
       0
       0
       0
       0
       0
       0
       0
       1
       0
       0
       0
       1
       1
       0
       0
       0
       0
       0
       0
       0
       0
       0
       0
       0
       0
       0
       0
       0
       0
       0
       0
       0
       0
       0
       0
       0
       0
       0
       0
       0
       0
       0
       0
       0
       0
       1
       0
       0
       1
       0
       0
       0
       0
       1
       0
       0
       0
       0
       0
       0
       0
       1
       0
       1
       0
       0
       0
       1
       0
       0
       0
       0
       0
       1
       0
       0
       1
       0
       0
       1
       1
       0
       0
       0
       0
       0
       0
       0
       0
       0
       0
       0
       0
       0
       0
       0
       0
       0
       0
       0
       0
       1
       0
       0
       0
       0
       0
       0
       0
       0
       0
       0
       0
       0
       0
       0
       0
       0
       0
       1
       0
       0
       0
       0
       0
       0
       1
       0
       0
       0
       0
       0
       1
       0
       0
       0
       0
       0
       1
       0
       0
       0
       0
       0
       0
       0
       0
       0
       0
       0
       0
       0
       0
       0
       0
       0
       0
       0
       0
       0
       0
       0
       0
       1
       0
       0
       1
       0
       0
       0
       0
       0
       0
       0
       0
       0
       0
       0
       0
       0
       0
       0
       0
       0
       0
       0
       1
       0
       0
       0
       0
       1
       0
       0
       0
       0
       1
       0
       1
       0
       0
       1
       0
       1
       0
       2
       2
       1
       2
       3
       1
       5
       3
       9
       4
       7
       1
       7
       9
       6
       8
       8
       5
       7
       6
       6
       2
       6
       1
       1
       1
       3
       2
       1
       0
       1
       0
       1
       1
       0
       0
       0
       0
       0
       0
       0
       0
       0
       0
       0
       0
       0
       0
       0
       0
       0
       0
       0
       0
       1
       0
       0
       0
       0
       0
       1
       0
       1
       0
       0
       0
       1
       0
       0
       1
       0
       0
       0
       0
       0
       1
       0
       1
       0
       0
       1
       0
       0
       0
       0
       1
       0
       0
       0
       0
       0
       0
       0
       1
       0
       0
       0
       1
       0
       0
       0
       0
       0
       0
       0
       0
       0
       0
       0
       0
       0
       0
       0
       0
       0
       0
       0
       0
       0
       0
       0
       0
       0
       0
       0
       0
       0
       0
       0
       0
       0
       0
       0
       0
       0
       0
       0
       0
       0
       0
       0
       0
       0
       0
       0
       0
       0
       0
       0
       0
       0
       0
       0
       0
       0
       0
       0
       0
       0
       0
       0
       0
       0
       0
       0
       0
       0
       0
       0
       0
       0
       0
       0
       0
       0
       0
       0
       0
       0
       0
       0
       0
       0
       0
       0
       0
       0
       0
       0
       0
       0
       0
       0
       0
       0
       0
       0
       0
       0
       0
       0
       0
       0
       0
       0
       0
       0
       0
       0
       0
       0
       0
       0
       0
       0
       0
       0
       0
       0
       0
       0
       0
       0
       0
       0
       0
       0
       0
       0
       0
       0
       0
       0
       0
       0
       0
       0
       0
       0
       0
       0
       0
       0
       0
       0
       0
       0
       0
       0
       0
       0
       0
       0
       0
       0
       0
       0
       0
       0
       0
       0
       0
       0
       0
       0
       0
       0
       0
       0
       0
       0
       0
       0
       0
       0
       0
       0
       0
       0
       0
       0
       0
       0
       0
       0
       0
       0
       0
       0
       0
       0
       0
       0
       0
       0
       0
       0
       0
       0
       0
       0
       0
       0
       0
       0
       0
       0
       0
       0
       0
       0
       0
       0
       0
       0
       0
       0
       0
       0
       0
       0
       0
       0
       0
       0
       0
       0
       0
       0
       0
       0
       0
       0
       0
       0
       0
       0
       0
       0
       0
       0
       0
       0
       0
       0
       0
       0
       0
       0
       0
       0
       0
       0
       0
       0
       0
       0
       0
       0
       0
       0
       0
       0
       0
       0
       0
       0
       0
$ROI:
11
583 647
961 1022
1579 1617
1945 1972
2543 2573
3149 3192
3710 3760
4621 4695
5562 5597
6799 6831
13202 13243
$PRESETS:
None
0
0
$ENER_FIT:
0.397847 0.199192
$MCA_CAL:
3
3.978472E-001 1.991916E-001 0.000000E+000 keV
$SHAPE_CAL:
3
5.030225E+000 9.745300E-004 0.000000E+000
