$SPEC_ID:
No sample description was entered.
$SPEC_REM:
DET# 1
DETDESC# DESKTOP-9VUPE7E Model 927 SN 7115241 Input 1
AP# Maestro Version 7.01
$DATE_MEA:
12/05/2025 10:21:36
$MEAS_TIM:
674 704
$DATA:
0 16383
       0
       0
       0
       0
       0
       0
       0
       0
       0
       0
       0
       0
       0
       0
       0
       0
       0
       0
       0
       0
       0
       0
       0
       0
       0
       0
       0
       0
       0
       0
       0
       0
       0
       0
       0
       0
       0
       0
       0
       0
       0
       0
       0
       0
       0
       0
       0
       0
       0
       0
       0
       0
       0
       0
       0
       0
       0
       0
       0
       0
       0
       0
       0
       0
       0
       0
       0
       0
       0
       0
       0
       0
       0
       0
       0
       0
       0
       0
       0
       0
       0
       0
       0
       0
       0
       0
       0
       0
       0
       0
       0
       0
       0
       0
       0
       0
       0
       0
       0
       0
       0
       0
       0
       0
       0
       0
       0
       0
       0
       0
       0
       0
       0
       0
       0
       0
       0
       0
       0
       0
       0
       0
       0
       0
       0
       0
       0
       0
       0
       0
       0
       0
       0
       0
       0
       0
       0
       0
       0
       0
       0
       0
       0
       0
       0
       0
       0
       0
       0
       0
       0
       0
       0
       0
       0
       0
       0
       0
       0
       0
       0
       0
       0
       0
       0
       0
       0
       0
       0
       0
       0
       0
       0
       0
       0
       0
       0
       0
       0
       0
       0
       0
       0
       0
       0
       0
       0
       0
       0
       0
       0
       0
       0
       0
       0
       0
       0
       0
       0
       0
       0
       0
       0
       0
       0
       0
       0
       0
       0
       0
       0
       0
       0
       0
       0
       0
       0
       0
       0
       0
       0
       0
       0
       0
       0
       0
       0
       0
       0
       0
       0
       0
       0
       0
       0
       0
       0
       0
       0
       0
       0
       0
       0
       0
       0
       0
       0
       0
       0
       0
       0
       0
       0
       0
       0
       0
       0
       0
       0
       0
       0
       0
       0
       0
       0
       0
       0
       0
       0
       0
       0
       0
       0
       0
       0
       0
       0
       0
       0
       0
       0
       0
       0
       0
       0
       0
       0
       0
       0
       0
       0
       0
       0
       0
       0
       0
       0
       0
       0
       0
       0
       0
       0
       0
       0
       0
       0
       0
       0
       0
       0
       0
       0
       0
       0
       0
       0
       0
       0
       0
       0
       0
       0
       0
       0
       0
       0
       0
       0
       0
       0
       0
       0
       0
       0
       0
       0
       0
       0
       0
       0
       0
       0
       0
       0
       0
       0
       0
       0
       0
       0
       0
       0
       0
       0
       0
       0
       0
       0
       0
       0
       0
       0
       0
       0
       0
       0
       0
       0
       0
       0
       0
       0
       0
       0
       0
       0
       0
       0
       0
       0
       0
       0
       0
       0
       0
       0
       0
       0
       0
       0
       0
       0
       0
       0
       0
       0
       0
       1
      18
      81
     133
     150
     179
     126
     136
     135
     142
     156
     139
     150
     178
     151
     172
     149
     154
     166
     140
     158
     151
     185
     162
     147
     170
     189
     145
     164
     169
     176
     174
     191
     156
     165
     166
     169
     173
     170
     156
     179
     185
     152
     198
     164
     175
     173
     175
     169
     187
     184
     175
     184
     173
     143
     191
     170
     171
     174
     190
     193
     195
     164
     155
     179
     176
     195
     178
     165
     180
     140
     160
     152
     174
     171
     165
     177
     168
     143
     168
     157
     143
     160
     153
     208
     189
     165
     170
     164
     156
     155
     137
     160
     180
     175
     150
     158
     174
     169
     182
     157
     155
     173
     189
     159
     157
     149
     181
     145
     169
     166
     157
     165
     180
     163
     169
     144
     170
     152
     175
     158
     173
     174
     174
     151
     162
     165
     155
     152
     162
     164
     136
     174
     180
     169
     188
     166
     182
     149
     162
     153
     201
     167
     166
     213
     191
     174
     186
     162
     180
     191
     200
     183
     185
     203
     193
     176
     182
     195
     166
     176
     188
     171
     170
     165
     172
     179
     179
     178
     195
     206
     196
     191
     205
     219
     206
     191
     193
     204
     187
     208
     190
     197
     197
     180
     205
     193
     178
     185
     199
     204
     193
     222
     193
     213
     216
     206
     212
     212
     207
     235
     233
     273
     387
     530
     748
     981
    1295
    1447
    1475
    1303
    1040
     815
     549
     377
     256
     239
     195
     177
     169
     202
     172
     187
     174
     175
     187
     174
     184
     199
     179
     185
     179
     197
     179
     200
     184
     196
     200
     205
     246
     212
     168
     200
     223
     199
     200
     198
     170
     160
     168
     218
     212
     204
     175
     174
     206
     173
     203
     210
     190
     213
     210
     220
     195
     191
     211
     211
     183
     210
     209
     220
     232
     220
     196
     183
     195
     193
     200
     185
     210
     212
     218
     235
     181
     215
     224
     207
     193
     205
     215
     186
     200
     209
     213
     208
     219
     196
     189
     221
     205
     195
     211
     236
     191
     236
     211
     189
     214
     211
     244
     209
     200
     211
     200
     210
     208
     223
     228
     226
     228
     196
     210
     215
     226
     205
     205
     218
     215
     224
     205
     239
     196
     224
     228
     221
     232
     218
     197
     228
     241
     218
     223
     189
     208
     219
     224
     194
     215
     219
     196
     229
     191
     201
     234
     201
     201
     210
     184
     214
     219
     196
     210
     235
     211
     230
     192
     198
     199
     202
     215
     228
     235
     222
     223
     205
     219
     206
     233
     186
     201
     198
     195
     213
     172
     215
     202
     225
     199
     187
     206
     195
     186
     185
     180
     218
     203
     192
     195
     191
     174
     176
     200
     242
     176
     200
     212
     186
     216
     238
     209
     220
     215
     197
     219
     214
     208
     232
     233
     192
     203
     210
     202
     187
     188
     202
     202
     203
     184
     211
     205
     190
     218
     202
     222
     176
     190
     199
     218
     209
     214
     196
     195
     210
     185
     216
     218
     221
     174
     221
     210
     227
     191
     187
     201
     215
     217
     198
     193
     196
     210
     199
     218
     216
     208
     204
     207
     215
     187
     197
     195
     223
     190
     230
     194
     225
     214
     202
     192
     200
     188
     190
     188
     195
     204
     215
     208
     190
     234
     215
     203
     218
     226
     199
     199
     196
     192
     209
     194
     200
     213
     171
     204
     188
     194
     208
     193
     200
     185
     199
     188
     206
     215
     196
     199
     235
     236
     199
     209
     227
     191
     173
     199
     227
     202
     213
     200
     207
     210
     218
     186
     196
     194
     204
     202
     185
     189
     187
     207
     215
     202
     197
     189
     186
     235
     208
     229
     205
     214
     200
     210
     171
     200
     206
     195
     210
     206
     239
     192
     220
     221
     211
     217
     199
     222
     202
     205
     179
     209
     199
     227
     222
     186
     205
     207
     206
     247
     204
     216
     190
     202
     217
     252
     256
     350
     446
     662
     951
    1397
    1792
    2159
    2221
    2016
    1631
    1221
     858
     540
     353
     261
     229
     155
     196
     171
     163
     164
     163
     186
     154
     156
     174
     181
     182
     179
     183
     167
     170
     165
     204
     176
     184
     197
     185
     187
     176
     180
     195
     185
     164
     185
     196
     162
     164
     174
     169
     213
     181
     174
     197
     187
     168
     189
     185
     196
     153
     186
     169
     180
     196
     168
     170
     172
     158
     162
     168
     156
     177
     178
     178
     165
     173
     176
     176
     179
     166
     190
     162
     181
     181
     172
     157
     189
     174
     157
     159
     169
     161
     174
     157
     184
     172
     174
     171
     187
     180
     172
     194
     179
     166
     177
     191
     146
     155
     196
     175
     162
     195
     183
     177
     181
     161
     188
     149
     164
     168
     169
     150
     167
     179
     162
     179
     153
     208
     193
     164
     173
     145
     188
     179
     185
     137
     177
     167
     199
     156
     169
     160
     182
     170
     183
     150
     184
     167
     164
     150
     186
     166
     166
     186
     180
     166
     182
     171
     160
     187
     161
     179
     147
     183
     170
     162
     166
     168
     169
     157
     176
     174
     185
     176
     178
     181
     198
     170
     160
     142
     192
     174
     173
     174
     171
     169
     186
     153
     157
     163
     142
     168
     170
     158
     170
     161
     174
     169
     157
     158
     172
     160
     161
     197
     195
     165
     171
     179
     165
     180
     182
     165
     166
     175
     157
     165
     164
     166
     189
     163
     167
     157
     145
     149
     166
     160
     177
     174
     171
     190
     187
     170
     172
     185
     155
     169
     169
     174
     167
     172
     162
     182
     178
     197
     164
     171
     177
     160
     163
     166
     176
     168
     168
     174
     184
     165
     164
     172
     151
     154
     159
     173
     177
     172
     177
     169
     164
     159
     166
     172
     172
     174
     157
     156
     145
     175
     179
     185
     167
     166
     158
     175
     166
     146
     181
     170
     149
     163
     152
     180
     188
     154
     154
     148
     159
     147
     150
     148
     158
     157
     149
     146
     149
     146
     171
     145
     137
     171
     149
     166
     144
     163
     176
     163
     153
     131
     148
     149
     160
     145
     164
     168
     159
     156
     148
     147
     175
     168
     147
     165
     174
     176
     149
     173
     148
     143
     147
     156
     162
     139
     169
     169
     157
     132
     166
     153
     170
     143
     165
     146
     157
     158
     140
     138
     172
     145
     166
     171
     156
     165
     176
     158
     173
     152
     153
     146
     142
     133
     172
     161
     142
     180
     145
     143
     149
     150
     147
     156
     167
     141
     157
     175
     149
     154
     155
     162
     136
     176
     179
     142
     163
     145
     168
     163
     147
     154
     148
     149
     157
     131
     155
     139
     161
     170
     130
     163
     160
     134
     160
     167
     167
     153
     143
     146
     159
     154
     141
     164
     187
     167
     149
     164
     127
     168
     135
     163
     145
     156
     146
     157
     126
     168
     133
     151
     143
     138
     156
     131
     172
     147
     150
     150
     134
     145
     137
     145
     158
     157
     137
     148
     139
     148
     145
     138
     177
     159
     157
     164
     142
     138
     121
     149
     163
     136
     152
     133
     174
     138
     158
     156
     153
     141
     153
     129
     164
     158
     184
     151
     139
     135
     161
     127
     141
     146
     132
     147
     143
     127
     149
     143
     147
     126
     134
     141
     156
     164
     143
     126
     123
     121
     132
     137
     134
     120
     139
     157
     127
     141
     140
     127
     142
     133
     146
     137
     140
     135
     143
     129
     148
     163
     120
     144
     149
     151
     131
     135
     145
     137
     119
     135
     128
     145
     135
     144
     118
     129
     140
     147
     129
     146
     140
     145
     146
     131
     149
     136
     144
     143
     156
     144
     142
     148
     137
     142
     147
     132
     142
     129
     138
     150
     125
     138
     131
     133
     134
     137
     123
     149
     137
     135
     116
     130
     115
     140
     139
     124
     135
     135
     169
     143
     140
     135
     139
     136
     160
     141
     140
     142
     113
     126
     122
     143
     152
     133
     128
     136
     132
     115
     137
     121
     158
     120
     124
     132
     134
     107
     136
     145
     128
     115
     139
     131
     144
     127
     136
     160
     129
     162
     156
     167
     189
     212
     193
     183
     182
     161
     171
     126
     130
     131
     134
     123
     133
     116
     106
     140
     121
     142
     118
     146
     119
     115
     133
     136
     123
     129
     118
     134
     126
     126
     123
     129
     138
     131
     107
     141
     132
     154
     152
     122
     127
     124
     136
     134
     123
     133
     122
     119
     120
     147
     115
     116
     106
     125
     113
     113
     126
     118
     137
     116
     118
     127
     117
     134
     103
     112
     125
     104
     121
     118
     124
     123
     110
     136
     131
     136
     114
     125
     107
     110
     113
     119
     139
     117
     133
     119
     123
     114
     116
     119
     119
     136
     115
     117
     116
     109
     119
     113
     113
     127
     112
     119
     121
     108
     115
     129
     122
     135
     115
     106
     133
     115
     124
     122
      94
      99
     113
     112
     105
     112
     107
     130
     108
     114
     109
     134
     109
     110
     123
     123
      98
     118
      96
     143
      95
     108
      93
     125
      99
     114
      92
     116
     117
     115
     119
     121
     123
     117
     110
     101
     121
     124
      92
     110
     107
     105
     102
     114
      84
     119
     114
     116
     107
     106
     112
     108
     115
     106
     117
      91
      99
     103
     105
     107
     106
     104
     112
     110
     119
     112
     126
     119
     118
     125
      95
     109
     100
     105
     127
     107
     129
     102
      92
     123
     104
     110
     130
     116
     102
     113
      93
      94
      97
      89
      97
     100
     101
     115
      98
     108
     103
     103
     102
      95
     115
     112
     103
      92
     101
     107
     104
     104
     102
     109
      94
      95
      83
     101
      89
      98
     110
      86
     107
     103
      96
     107
     109
      90
     103
     106
      91
     121
     134
     134
     111
     106
      99
      99
     102
     100
      96
      87
     100
     113
     114
      88
      98
      94
     108
     110
     115
      94
     101
      91
      98
      82
      96
      82
      98
      79
     132
     100
     100
      85
     103
      87
      84
      85
      83
      93
      91
     103
      92
     106
     107
      81
      89
     112
      92
     100
      92
      97
      71
      90
      81
      97
      92
      92
      80
     103
      89
      96
      80
      82
     101
      78
      80
      91
      88
      88
      87
      81
      98
      82
      84
      94
      84
      94
     102
      95
     103
      88
      93
      79
      77
      92
      86
      89
      84
      97
     100
      99
     100
      92
      83
      79
      84
      85
     111
      91
      99
     100
      82
      94
      85
      91
      89
      92
     108
      84
     103
      94
      83
      78
      93
      97
     103
      81
      87
      95
      91
      84
      83
      84
     108
      88
      82
      98
      75
     100
      94
      67
      63
      78
      79
      74
      88
      77
      79
      75
      82
      75
      84
      81
      90
      88
      96
      86
      89
     101
      77
     103
      86
     115
      87
      76
      86
      70
      86
      90
      95
      85
      76
      71
      68
      81
      89
      95
      75
      68
      70
      90
      71
      92
      67
      88
      78
      80
      86
      74
      94
      83
      91
      82
      85
      87
      85
      94
      84
      95
      78
      81
      71
      73
      92
      86
      65
      88
      78
     101
      79
      77
      67
      85
      72
      73
      78
      76
      68
      75
      88
      90
      98
      85
      79
      94
      94
      81
      92
      76
      75
      89
      83
      93
      90
      87
     103
     100
     112
     148
     145
     169
     193
     198
     201
     164
     155
     119
     117
     102
      77
      85
      84
     107
      91
      86
      70
      83
      65
      73
     104
      90
      91
      65
      66
      73
      83
      93
      83
      89
      76
      65
      78
      64
      74
      73
      79
      79
      73
      76
      90
      82
      82
      76
      79
      80
      75
      77
      77
      79
      68
      87
     108
      82
      77
      64
      83
      74
      79
      76
      79
      69
      87
      77
      84
      79
      81
      74
      73
      76
      75
      90
      82
      71
      80
      76
      80
     100
      74
      65
      89
     103
     102
     100
      98
     105
      79
      84
      73
      80
      73
      85
     104
     105
      97
     113
      81
      83
      80
      86
      81
      86
      63
      76
      64
      74
      75
      73
      76
      71
      82
      73
      93
      90
      81
      72
      77
      91
      78
      68
      94
      65
      63
      73
      76
      78
      71
      68
      80
      85
      66
      82
      81
      73
      67
      89
      76
      71
      66
      96
      87
      68
      64
      82
      62
      77
      73
      92
      60
      61
      81
      63
      72
      80
      73
      79
      70
      72
      70
      65
      75
      63
      78
      81
      65
      74
      76
      84
      67
      67
      63
      77
      65
      61
      81
      73
      80
      79
      94
      76
      87
      73
      77
      77
      63
      68
      68
      68
      60
      92
      72
      75
      63
      82
      62
      56
      73
      62
      66
      68
      56
      65
      62
      71
      52
      80
      72
      56
      77
      78
      78
      84
      60
      74
      59
      67
      79
      65
      69
      68
      62
      67
      73
      72
      69
      71
      62
      69
      69
      61
      63
      64
      78
      76
      49
      64
      54
      58
      73
      67
      82
      71
      73
      60
      72
      68
      62
      77
      55
      72
      64
      68
      60
      67
      62
      74
      70
      75
      71
      77
      58
      64
      60
      78
      62
      69
      58
      59
      51
      59
      65
      71
      67
      61
      80
      78
      73
      81
      52
      65
      69
      66
      68
      70
      67
      65
      68
      67
      71
      70
      48
      69
      74
      65
      69
      64
      69
      75
      65
      47
      51
      49
      62
      64
      41
      65
      63
      63
      60
      60
      68
      62
      64
      74
      71
     102
      77
      92
     102
      93
     100
      90
      77
      78
      77
      87
      82
      66
      72
      54
      66
      73
      58
      56
      70
      60
      65
      61
      73
      66
      68
      59
      79
      56
      68
      55
      63
      52
      76
      60
      71
      54
      64
      51
      60
      70
      61
      58
      66
      62
      70
      56
      59
      67
      71
      58
      59
      53
      61
      74
      65
      58
      54
      60
      68
      62
      57
      67
      52
      57
      73
      63
      68
      70
      69
      69
      52
      60
      64
      67
      63
      56
      60
      57
      61
      57
      56
      59
      65
      68
      70
      58
      54
      49
      56
      54
      48
      69
      61
      65
      63
      58
      58
      60
      59
      58
      53
      57
      70
      63
      70
      50
      48
      61
      54
      70
      55
      63
      60
      57
      58
      59
      67
      58
      61
      68
      59
      59
      59
      62
      66
      71
      60
      66
      69
      54
      63
      57
      48
      60
      53
      53
      62
      61
      62
      55
      62
      61
      74
      72
      74
      57
      76
      61
      63
      76
      68
      81
      84
      72
      72
      92
     102
     135
     103
     137
     180
     192
     246
     290
     289
     360
     423
     465
     547
     612
     693
     710
     786
     677
     673
     609
     576
     455
     478
     393
     323
     269
     183
     188
     148
     140
     125
      91
      95
      74
      68
      68
      56
      53
      73
      63
      52
      52
      55
      66
      51
      45
      51
      60
      51
      51
      53
      59
      71
      48
      56
      57
      49
      51
      54
      54
      57
      53
      55
      53
      45
      56
      51
      50
      40
      56
      57
      59
      30
      59
      40
      44
      60
      44
      50
      48
      41
      37
      57
      53
      57
      39
      50
      50
      49
      44
      52
      50
      61
      49
      58
      51
      40
      55
      57
      44
      49
      52
      65
      49
      56
      45
      52
      53
      55
      46
      42
      39
      53
      47
      47
      56
      51
      42
      46
      52
      44
      51
      51
      54
      47
      49
      48
      64
      62
      45
      38
      55
      63
      54
      38
      55
      54
      44
      56
      56
      44
      57
      56
      44
      54
      43
      51
      57
      58
      57
      43
      39
      51
      47
      49
      65
      60
      58
      52
      49
      48
      47
      40
      56
      56
      44
      45
      48
      68
      59
      70
      65
      82
      79
      80
      90
      69
      72
      64
      59
      48
      52
      43
      39
      61
      46
      50
      47
      63
      47
      45
      51
      55
      55
      51
      41
      43
      42
      56
      56
      51
      49
      59
      58
      69
      87
     132
     158
     198
     304
     393
     500
     464
     569
     469
     403
     330
     254
     178
      99
     101
      71
      81
      89
      94
     108
     122
     131
     128
     110
      95
      85
      84
      55
      70
      46
      44
      46
      46
      58
      36
      51
      48
      49
      45
      50
      43
      49
      55
      47
      38
      62
      44
      51
      46
      44
      50
      51
      38
      42
      41
      42
      44
      55
      52
      42
      43
      46
      50
      49
      50
      43
      33
      52
      42
      45
      42
      49
      55
      47
      53
      39
      52
      56
      44
      32
      51
      55
      37
      32
      53
      44
      50
      35
      42
      40
      51
      47
      51
      41
      39
      46
      48
      43
      43
      41
      39
      53
      48
      46
      55
      43
      41
      51
      50
      43
      63
      64
      79
      70
      86
      90
      74
      88
      66
      63
      59
      60
      49
      61
      55
      39
      41
      43
      40
      52
      48
      42
      44
      39
      47
      49
      55
      37
      39
      40
      52
      50
      51
      43
      49
      41
      36
      56
      31
      47
      47
      36
      42
      39
      63
      54
      31
      35
      34
      44
      43
      43
      50
      41
      58
      48
      46
      35
      49
      53
      45
      41
      48
      56
      45
      46
      60
      49
      38
      37
      46
      38
      38
      35
      52
      49
      50
      34
      45
      46
      46
      53
      38
      49
      54
      41
      32
      42
      43
      44
      58
      48
      42
      41
      39
      42
      38
      54
      47
      36
      40
      34
      46
      40
      59
      40
      42
      41
      44
      47
      52
      36
      48
      38
      53
      41
      43
      37
      53
      37
      39
      42
      53
      42
      44
      40
      42
      43
      39
      58
      35
      40
      38
      42
      34
      46
      46
      38
      57
      45
      46
      51
      44
      45
      54
      71
      62
      91
     127
     181
     228
     249
     275
     284
     271
     243
     214
     150
     108
     101
      57
      65
      54
      49
      39
      47
      44
      44
      43
      34
      56
      38
      50
      39
      48
      38
      41
      49
      39
      47
      45
      47
      38
      44
      40
      45
      50
      48
      47
      47
      38
      37
      46
      44
      51
      60
      60
      78
      70
      84
     114
     127
     145
     124
     115
      99
     103
      85
      60
      46
      49
      30
      34
      45
      47
      48
      37
      39
      43
      43
      42
      35
      29
      55
      33
      40
      44
      55
      46
      66
      43
      59
      72
      66
      81
      78
      89
      84
      81
      81
      74
      59
      42
      51
      41
      48
      40
      45
      37
      46
      50
      40
      49
      34
      50
      34
      42
      48
      41
      39
      44
      46
      44
      40
      41
      34
      35
      47
      42
      33
      36
      38
      47
      39
      45
      52
      43
      49
      35
      43
      43
      39
      40
      46
      37
      56
      53
      52
      73
     107
     117
     200
     182
     243
     329
     361
     330
     321
     286
     266
     190
     139
     110
      94
      67
      77
      80
      94
     126
     169
     209
     225
     261
     287
     284
     270
     287
     248
     201
     166
     154
     139
      96
      76
      48
      48
      46
      46
      41
      40
      51
      43
      53
      48
      41
      39
      33
      44
      44
      44
      36
      45
      31
      49
      50
      56
      42
      50
      35
      32
      38
      43
      42
      42
      47
      43
      52
      28
      32
      31
      42
      33
      34
      51
      41
      35
      37
      38
      35
      32
      43
      29
      48
      48
      37
      32
      35
      46
      33
      46
      43
      36
      27
      38
      37
      45
      48
      30
      46
      31
      42
      39
      36
      33
      43
      44
      31
      48
      38
      38
      24
      47
      45
      49
      43
      39
      33
      62
      60
      76
      81
      85
      91
     148
     120
     122
     122
      87
      91
      74
      70
      50
      51
      44
      41
      40
      31
      38
      36
      42
      54
      37
      35
      39
      36
      40
      36
      26
      30
      30
      39
      40
      46
      46
      33
      47
      37
      38
      38
      34
      37
      33
      25
      31
      36
      32
      32
      46
      32
      34
      37
      36
      43
      33
      35
      34
      50
      45
      37
      37
      55
      52
      58
      62
      53
      53
      62
      42
      30
      39
      44
      47
      38
      33
      41
      32
      36
      35
      38
      36
      30
      31
      38
      36
      48
      36
      32
      37
      39
      30
      37
      36
      34
      29
      33
      36
      33
      34
      33
      37
      27
      38
      27
      37
      36
      39
      36
      42
      40
      32
      32
      37
      34
      33
      45
      42
      56
      84
     132
     153
     235
     290
     378
     416
     405
     420
     337
     299
     243
     188
     111
      77
      50
      65
      37
      28
      23
      33
      33
      17
      37
      32
      39
      33
      47
      37
      31
      31
      46
      49
      27
      38
      37
      31
      42
      25
      30
      45
      30
      24
      31
      34
      33
      30
      36
      26
      31
      29
      26
      20
      38
      33
      23
      29
      39
      30
      32
      34
      39
      28
      30
      31
      33
      37
      34
      34
      40
      26
      26
      32
      31
      40
      37
      30
      22
      24
      34
      28
      34
      22
      31
      26
      33
      32
      32
      28
      28
      25
      31
      37
      42
      23
      34
      26
      43
      47
      60
      53
      65
      77
      65
      75
      60
      59
      53
      38
      45
      25
      38
      32
      34
      27
      30
      24
      25
      25
      30
      28
      20
      23
      26
      36
      35
      38
      40
      37
      49
      56
      54
      46
      45
      60
      50
      57
      44
      38
      29
      49
      46
      37
      31
      32
      30
      29
      32
      31
      33
      24
      27
      30
      28
      31
      29
      26
      32
      36
      30
      26
      31
      27
      27
      38
      24
      35
      30
      28
      26
      25
      24
      37
      32
      37
      27
      20
      22
      29
      23
      25
      23
      26
      32
      23
      34
      25
      35
      27
      29
      29
      25
      38
      31
      29
      29
      30
      30
      33
      32
      27
      29
      34
      30
      26
      32
      24
      33
      21
      36
      27
      27
      29
      34
      39
      26
      23
      26
      28
      27
      31
      19
      16
      28
      24
      25
      27
      33
      30
      26
      30
      30
      27
      18
      23
      28
      27
      27
      23
      31
      36
      29
      34
      51
      61
      70
      57
      74
      89
      67
      48
      75
      43
      41
      41
      42
      26
      26
      40
      20
      22
      22
      35
      23
      33
      28
      31
      26
      33
      20
      32
      20
      31
      24
      24
      25
      31
      21
      27
      23
      20
      29
      27
      30
      24
      27
      19
      19
      39
      24
      28
      31
      23
      31
      32
      26
      30
      30
      30
      24
      30
      27
      21
      29
      16
      36
      35
      28
      26
      27
      24
      30
      20
      23
      27
      27
      20
      43
      24
      32
      30
      23
      27
      30
      27
      44
      44
      45
      56
      55
      84
      57
      73
      69
      41
      49
      33
      39
      32
      36
      32
      30
      23
      35
      30
      26
      44
      60
      62
      96
     130
     187
     197
     280
     286
     366
     352
     338
     277
     242
     195
     145
      96
      64
      43
      42
      35
      38
      40
      19
      33
      38
      30
      18
      32
      19
      20
      32
      21
      21
      27
      17
      27
      19
      26
      28
      27
      19
      16
      25
      29
      26
      21
      32
      24
      25
      19
      26
      20
      35
      28
      22
      19
      28
      29
      25
      26
      14
      32
      18
      15
      16
      20
      24
      16
      27
      28
      25
      25
      21
      20
      24
      22
      16
      21
      19
      29
      23
      22
      19
      20
      24
      20
      20
      17
      24
      28
      32
      18
      15
      15
      30
      33
      32
      33
      21
      30
      24
      26
      27
      22
      27
      17
      20
      22
      20
      16
      21
      24
      13
      25
      19
      20
      23
      32
      23
      21
      21
      21
      18
      23
      19
      20
      21
      31
      17
      18
      22
      25
      22
      26
      21
      25
      20
      20
      27
      22
      22
      17
      34
      19
      22
      21
      34
      24
      21
      19
      26
      16
      21
      21
      26
      22
      26
      22
      24
      23
      19
      18
      26
      18
      20
      20
      24
      23
      17
      30
      17
      14
      17
      14
      19
      17
      32
      17
      22
      28
      17
      33
      10
      23
      21
      22
      18
      15
      23
      20
      23
      14
      19
      30
      20
      17
      23
      25
      20
      19
      35
      19
      20
      27
      18
      26
      27
      29
      23
      27
      27
      29
      23
      23
      29
      21
      30
      32
      20
      16
      23
      19
       8
      33
      26
      17
      21
      22
      31
      27
      20
      19
      23
      14
      24
      18
      18
      22
      21
      21
      27
      20
      16
      16
      20
      17
      25
      19
      15
      17
      18
      24
      21
      21
      25
      17
      20
      29
      33
      35
      50
      67
      82
      96
     150
     181
     191
     154
     175
     169
     139
     129
      98
      50
      51
      36
      30
      24
      11
      11
      25
      19
      16
      21
      22
      18
      20
      23
      19
      26
      26
      26
      19
      27
      25
      18
      21
      25
      25
      14
      19
      27
      18
      19
      12
      27
      30
      17
      18
      18
      13
      15
      21
      17
      16
      28
      25
      23
      19
      24
      26
      26
      26
      25
      27
      30
      26
      29
      27
      33
      21
      17
      23
      21
      22
      19
      16
      22
      18
      19
      27
      17
      27
      15
      16
      17
      12
      24
      28
      16
      22
      21
      21
      21
      20
      29
      24
      23
      22
      19
      16
      14
      16
      19
      18
      18
      17
      16
      25
      21
      23
      33
      23
      30
      17
      25
      20
      16
      19
      29
      24
      23
      23
      17
      21
      23
      13
      10
      30
      26
      25
      22
      23
      25
      19
      18
      18
      16
      24
      26
      25
      24
      16
      16
      16
      20
      20
      13
      23
      18
      23
      16
      26
      17
      13
      14
      26
      23
      22
      24
      18
      30
      18
      21
      24
      16
      20
      20
      30
      22
      24
      21
      18
      26
      21
      21
      22
      17
      25
      22
      39
      46
      40
      71
      70
      86
      96
     101
     120
     100
      98
      95
      64
      61
      39
      30
      30
      24
      23
      19
      13
      17
      19
      20
      16
      23
      23
      14
      17
      26
      21
      19
      19
      10
      18
      16
      19
      24
      23
      21
      15
      18
      16
      17
      17
      19
      27
      23
      26
      17
      30
      16
      16
      22
      31
      21
      33
      60
      78
     132
     198
     298
     482
     588
     783
     979
    1137
    1282
    1285
    1165
    1012
     815
     633
     441
     318
     168
     127
      68
      44
      29
      16
      19
      14
      17
      15
      22
      18
       9
      18
      19
      17
      13
      18
      18
      12
      25
      22
      28
      14
      18
      13
      20
      13
      17
      25
      17
      23
      23
      19
      29
      33
      40
      37
      44
      47
      56
      70
      84
      98
     117
      87
      82
      68
      62
      49
      47
      37
      29
      16
      14
      27
      22
      18
      11
      17
      16
      12
      16
      22
      13
      15
      15
      15
      22
      18
      13
      15
      13
      12
      20
      17
      16
       7
      16
      19
       9
      18
      14
      15
      15
      15
      16
      15
      12
      17
      13
      17
      16
       9
      16
      12
      27
      19
      13
      15
      15
      28
      17
      10
      35
      30
      30
      36
      26
      41
      25
      32
      21
      21
      19
      17
      12
      14
      17
      12
      24
      19
      13
      16
      15
      17
      16
      18
      14
      12
      14
      26
      18
      11
      17
      18
      14
      12
      15
      20
      13
      16
      14
      13
      16
      13
      10
      16
      20
      17
      18
      14
      12
      20
      15
      20
      20
      14
      24
      21
      26
      15
      27
      15
      12
      18
      12
      21
      12
      11
      27
      17
      15
      13
      13
      16
      17
      11
      16
      18
      17
      15
      13
      14
      15
      16
      20
      15
      18
      11
      14
      13
      16
      18
      16
      18
      21
      23
      21
      11
      18
      18
      15
      15
      20
      24
      16
      28
      13
      21
      24
      15
      20
      11
      17
      20
      25
      22
      28
      39
      57
      81
      92
     149
     160
     211
     260
     276
     263
     247
     261
     213
     161
     129
      74
      50
      38
      24
      18
      22
      21
      11
      13
      11
      18
      10
      15
      13
       8
      15
      17
      11
      14
      17
      10
      21
      12
      22
      23
      17
      18
      28
      22
      22
      28
      27
      24
      22
      10
      17
      12
       9
      21
      17
      16
      15
      20
      17
      12
      16
      17
      14
      14
      15
      18
      14
      10
      12
      13
      15
      14
      25
      20
      11
      15
      20
      11
      13
      14
      12
      18
      14
      18
       9
      14
       9
      18
      13
      15
       9
      19
      14
      24
      15
      19
      10
      18
      16
      19
      19
      13
      15
      18
       8
      12
      12
      18
      15
      17
      20
      26
      13
      14
      19
      19
      26
      25
      20
      17
      26
      20
      17
      20
      18
      16
      14
      10
      14
      13
      13
      15
      13
      10
      16
      13
      14
      11
      18
      18
       9
      16
       5
       7
      15
      15
      14
      13
      15
       7
      14
      13
       8
      25
      14
      16
      13
      11
      16
      21
      16
      10
      13
       9
       9
       5
      10
      12
       8
      10
      16
      17
      15
      10
      14
      15
      23
      17
      12
      22
      17
      10
      11
      12
      16
      14
      14
      23
      10
      26
      27
      26
      17
      30
      26
      17
      23
      20
      22
      44
      44
      78
      64
      84
     118
     106
     108
     118
      92
      57
      59
      63
      37
      37
      24
      21
      15
      11
      15
      23
      16
      15
      14
      17
      11
      19
      16
      14
       9
      16
      18
      12
      15
      20
      17
      15
       9
      18
      16
      13
      12
      11
      10
      19
       9
      19
      15
      17
      10
      18
      19
      19
      23
      20
      14
      18
      22
      15
      21
      20
      12
      20
      12
      15
      17
      20
      26
      15
       9
      22
      18
      11
       8
       6
       9
      17
      11
      18
      13
      12
      16
      16
      21
       8
      15
      18
      12
      14
      13
      16
      13
      18
      11
      15
      13
       7
      19
      10
      16
      15
      15
      11
       9
      16
      15
      15
      12
      17
      22
       5
      16
      21
      20
      34
      58
      63
      69
     101
     105
     127
     123
     113
     121
     106
      69
      60
      41
      27
      31
      23
      15
      16
      13
       6
      11
      10
      18
      19
      10
      10
      15
      10
      16
      14
      17
      15
      10
      16
      13
      13
      13
      21
      13
      12
      12
      14
      11
      12
      10
      14
      10
      14
      17
      19
      13
      10
      13
       8
       9
      14
      25
      15
      11
      14
      27
      21
      25
      24
      16
      14
      16
      17
      25
      14
      13
      15
      13
      11
      15
      14
      10
      15
      13
      13
      10
      13
      17
      13
      13
       8
      18
      16
      11
      12
      17
      13
      10
      15
       7
      19
      15
      13
      14
      16
      13
      14
      14
      19
      14
      11
      22
      23
      15
      12
      21
      34
      28
      28
      16
      21
      29
      20
      14
      19
      15
      20
      15
      20
      11
      25
      11
      11
      13
      19
      11
       8
      25
      22
      18
      19
      28
      26
      34
      36
      55
      46
      61
      73
      73
      70
      62
      75
      41
      40
      32
      23
      29
      21
      21
      11
      12
      15
      10
      16
      18
      15
      15
      19
      17
      15
      12
      12
      16
      16
      12
      16
      16
      15
      11
      14
      22
      21
      15
       8
      14
      11
       7
      17
      13
      11
      17
      14
      17
      15
      13
       8
      17
      10
      13
      10
      20
      13
      12
      15
      13
      26
      14
      15
      11
      14
      14
      12
      12
      20
      18
      18
       9
       5
      17
       9
      14
      14
       7
      13
      12
       8
      11
      20
      26
      16
      14
      11
      17
      16
       9
      19
      17
      10
      14
      16
      13
      20
      24
      17
      12
      18
      10
      12
      16
      14
      17
      14
      17
      10
      12
      20
      18
      14
      16
      18
      18
       7
      14
      15
      22
      13
       6
      18
      19
      12
      12
      12
      13
      18
      14
      19
      16
      10
       8
      11
      13
      16
      16
      14
       8
       9
       7
      14
      18
      12
      15
      11
      22
      12
      21
      16
      10
       8
      13
      13
      10
      19
      16
      16
      19
      11
      12
       8
      18
      11
      14
      13
      12
      17
       5
      21
       9
      14
      12
      13
      10
      13
      13
      14
      14
      14
      19
      13
       9
      12
      13
      10
      25
      15
      18
      14
      11
      19
      16
      14
      17
      18
      18
      14
      18
      21
       8
      21
      14
      13
      15
      16
      11
      11
      14
      15
      15
      11
      14
      15
      13
      18
      12
      12
      14
      10
      16
      17
      14
      15
       9
      11
      10
      13
      13
      17
      18
      10
      12
      12
      11
       8
       8
       9
      10
      17
      12
      14
      16
      15
      14
      16
      17
       9
      17
      19
      23
      18
      30
      40
      29
      36
      32
      27
      25
      26
      28
      20
      15
      20
      20
      30
      33
      44
      53
      62
      84
     123
     115
     159
     168
     155
     143
     129
      99
     111
      63
      50
      42
      28
      23
      18
       8
      12
      12
      12
      10
      13
      17
      16
      13
      16
      13
      14
      17
      14
      10
      11
      15
      11
       8
       8
      16
      10
      12
      14
      10
      15
      11
       8
       9
      10
      10
       7
      12
       9
       8
       9
      10
       8
       6
       8
       9
      12
      10
      10
      11
       9
      14
      11
       9
      10
      10
      15
      18
       9
      12
       6
      10
      13
       7
       6
      10
       9
       6
      10
      11
      13
      11
      13
      10
       8
      14
      12
       8
      10
      10
      15
       9
       7
       8
       8
      16
      14
      15
      12
      18
      18
      17
      14
      19
      18
      21
      24
      21
      24
      24
      23
      22
      25
      16
      12
      20
      10
      10
      12
      10
       9
       9
      11
      11
       9
      15
      13
      11
      10
      17
      13
      13
      10
      13
      17
      13
      18
       8
       9
      18
       8
      13
       9
       6
      16
       9
      14
      13
      12
       8
      14
       9
       8
       9
      13
      11
      17
      14
      12
       8
       7
      11
       9
      14
      13
      14
       7
       5
      13
       8
       9
      14
       7
       7
      12
      15
       8
       2
      10
       7
      13
       9
      11
       4
      15
      10
      11
       7
      14
      14
      22
      26
      40
      50
      63
     104
     101
     135
     154
     174
     157
     158
     155
     116
     107
      86
      61
      45
      33
      21
      14
      15
      14
      20
      13
      10
       8
      14
       7
      15
      14
      11
      13
      13
      11
      12
       7
       3
      13
       9
      12
       7
      11
       8
      14
       8
      14
      12
       9
       8
       7
      12
       7
      11
      12
      16
       8
      10
      17
      11
      12
       8
       5
      11
       9
       8
      11
      15
       7
      11
       9
      13
      14
       8
       8
      11
      10
      11
       5
       4
      10
      10
       8
      16
       9
       5
       9
       9
      13
       7
       2
       8
      10
       6
       6
       5
       8
      14
       7
       8
       7
       5
      10
       6
      10
       6
       2
       7
       9
      13
       8
       7
       4
       7
      12
      10
       3
       9
      10
      13
       8
      11
       9
       5
       3
      11
      10
       5
       8
       6
       5
      14
       3
       3
       7
      16
       9
      10
       5
      12
       8
      11
      11
       6
      11
       7
       9
       6
       8
      14
      12
      17
       6
       4
      12
      10
      14
       7
       2
       9
       9
       6
      11
      10
      10
      13
       8
       5
       8
       7
       7
      11
      10
      12
       7
       6
       6
      11
       7
       9
       7
       8
      12
       2
       5
       3
       6
       6
       8
      13
      10
       7
      11
       7
      19
      23
      24
      31
      35
      31
      43
      59
      43
      33
      45
      48
      45
      35
      26
      28
      17
      15
       4
       6
       7
       7
      13
      12
       6
       9
       8
      13
      13
      16
       8
      15
      15
      14
      11
      10
       9
       9
      10
       7
       8
       6
       8
      12
       7
       8
       7
       4
       4
       7
       9
       7
       5
       7
       9
       5
      13
       7
       5
       6
      12
       9
       4
       6
      10
       9
      16
       6
       3
       8
      10
       4
       6
       9
      10
       7
       4
       3
      11
       8
       8
       9
       8
       8
       7
       6
       3
       3
      16
       8
       4
      11
       9
       6
       4
       7
       7
      10
      10
       9
       5
       6
       6
       4
       4
       4
      13
       5
       4
       9
       9
       7
       6
       4
       9
       8
       7
       7
       6
       8
       9
      11
       7
       8
      13
       5
       5
       7
       8
      11
       9
       8
      10
      13
       5
       9
       7
       4
       9
      10
       4
      12
       3
       5
       5
       9
       7
       6
       5
       5
       9
       8
       5
       4
       9
       6
       5
       7
       9
       8
      13
      13
       9
       8
       6
      10
       9
      10
      12
      10
      11
       2
       7
      13
       3
      10
      10
       8
      15
      12
       4
       7
       7
      10
      13
      13
       9
       5
       6
      13
       9
       5
       3
       7
       4
       7
      11
       5
       4
      14
       6
       5
       9
       7
      10
       4
      11
       4
       7
       7
       2
       9
       4
       6
       6
       7
       7
       7
       8
       6
       4
       9
       8
       8
      14
       9
       6
       4
       8
       5
       7
       5
       6
      13
       9
       7
       8
       6
      12
       7
       7
       1
       2
       6
      13
       9
       7
       5
       5
       5
       3
       8
       5
       7
       9
       4
       4
       5
       3
      10
       7
       9
       5
       4
       6
       9
       6
       8
       7
       4
       7
       5
      10
       5
      10
       5
       7
       5
       7
       2
       2
       7
       7
       6
       2
       6
       8
       7
       9
       9
       4
       8
       9
       4
       7
       6
       7
      13
      13
       9
       8
      14
      15
      22
      23
      26
      18
      37
      17
      21
      20
      19
      13
      17
      11
      12
      10
       4
      10
       4
       4
       6
       5
       6
       7
       8
      11
      14
      15
      10
      10
      16
      21
      11
      14
       9
      14
      11
      15
       9
      11
      13
      10
       6
       9
       8
      11
      11
      11
       8
       5
      13
       8
      13
       7
       8
       6
       5
       4
       8
       4
       7
       3
       6
       7
      10
       3
       5
       4
       8
       6
       8
       8
       4
       4
       8
       3
       5
      12
       9
       9
       3
       4
       6
       6
       6
      13
       6
       7
       8
       5
      16
      10
       6
       2
       5
       6
       2
       6
       7
       8
       6
       2
       3
       4
       4
       7
       7
       3
       4
       5
       7
      10
      11
       4
      17
      13
      17
       9
      14
      12
       8
       5
      10
       1
       6
       7
       4
       4
       3
       3
       7
       7
       5
       9
       6
       8
       5
       5
       8
      11
       2
       8
       3
       2
       8
       3
      10
       2
       7
       6
       9
       7
       5
       8
      13
      10
       9
      10
       4
       1
       4
       1
       6
      10
       5
       9
       5
       9
       1
       9
       7
      12
       2
       2
       4
      10
       6
       7
       5
       7
       6
       9
       1
       7
       0
       7
       4
       8
       3
       4
      11
       5
       5
       4
       5
       5
       7
       3
       3
       7
       5
      11
       3
       9
       6
       9
       9
       5
       2
       5
       7
       3
       2
       4
       7
      11
       7
       3
       6
       5
       3
       6
       6
       4
       4
       3
       3
       3
       2
       4
       3
       5
       5
       9
       2
       5
       4
       6
       8
       7
       9
       4
       7
       7
       6
       3
       4
       7
       6
       1
       7
       4
       5
       6
       7
       2
       8
       5
       0
       3
       5
       8
       6
       6
       5
       3
       5
       6
       7
       3
       3
       6
       6
       5
       4
       9
       7
       5
       6
       4
       7
       5
      10
       6
       7
       2
       5
       4
       1
       7
       4
       2
       5
       4
       2
       4
       1
      10
       3
       7
       7
       8
       7
       4
       8
      10
      15
      16
      11
      22
      35
      39
      52
      98
     118
     181
     223
     306
     347
     450
     539
     624
     586
     578
     518
     476
     360
     292
     219
     174
      92
      66
      39
      20
      14
       4
       9
       8
       8
       9
       2
       6
       9
       5
       2
       6
       8
       7
       4
       6
       5
       3
       5
       5
       5
       4
       3
       4
       4
       1
       4
       2
       1
       3
       8
       4
       3
       2
       2
       4
       5
       3
       3
       7
       4
       2
       5
       3
       4
       6
       1
       2
       6
       6
       7
       6
       1
       6
      10
       6
       6
       4
       7
       7
       7
       7
       6
       6
       9
      11
       8
       3
       9
      16
       9
      16
      18
      15
       9
      22
      29
      28
      17
      21
      13
      21
      13
      11
       9
       7
       4
       4
       6
       6
       7
       6
       5
       3
       5
       6
       8
       6
       5
       8
      10
       6
       6
       6
       5
       7
       7
       7
       2
       3
       7
       3
       7
       3
       2
       2
       5
       3
       1
       3
       7
       4
       3
       1
       3
       6
       3
       5
       5
       2
       8
       6
       4
       4
       8
       6
       5
       5
       3
       7
       2
       4
       2
       5
       5
       3
       5
       2
       3
       5
       7
       3
       3
       1
       3
       4
       6
       7
       3
       2
       7
       5
       8
       8
      13
      18
      15
      17
      19
      18
      17
      15
      21
      14
      16
      10
      11
       4
      10
       3
       8
       0
       5
       5
       4
       4
       3
       8
       2
       2
       6
       7
       2
       1
       7
       3
       1
       3
       5
       3
       1
       4
       1
       6
       4
       5
       3
       8
       3
       2
       2
       2
       4
       4
       4
       5
       1
       6
       7
       6
       5
      10
       0
       3
       5
       1
       5
       3
       2
       6
       6
       2
       6
       5
       4
       1
       0
       5
       2
       5
       2
       2
       0
       2
       8
       2
       2
       2
       8
       4
       7
       5
       2
       5
       3
       3
       4
       3
       5
       4
       4
       5
       5
       4
       3
       6
       4
       6
       2
       4
       4
      10
       9
       5
       6
       6
       4
       9
      12
      11
       9
      16
      11
      22
      21
      23
       9
      10
       4
       4
       6
       4
       3
       3
       6
       5
       4
       5
       2
       6
       8
       3
       8
       2
       3
       4
       3
       9
       2
       7
       1
       2
       5
       2
       4
       4
       3
       6
       4
       3
       5
       3
       3
       7
       5
       6
       2
       1
       9
       6
       3
       3
       6
       8
       2
       6
       3
       4
       6
       3
       4
       9
       6
       3
       5
       9
       7
       7
       7
      15
      16
      11
      27
      25
      34
      32
      39
      48
      35
      35
      40
      25
      28
      23
      22
      13
      12
       3
       4
       5
       5
       3
       3
       3
       3
       6
       4
       3
       7
       5
       6
      12
       2
       5
       4
       6
       6
       6
       6
       7
       7
       4
       4
       5
       4
       5
       3
      10
       2
      10
       5
       4
       5
       7
       3
       5
       6
       6
       3
       2
       1
       3
       4
       2
       1
       1
       6
       4
       3
       6
       4
       3
       3
       3
       4
       6
      10
       4
       4
       6
       5
       6
       2
       4
       3
       4
       3
       4
       6
       7
       6
       7
       5
       9
       2
       6
      10
       5
       8
       9
       9
       9
       2
       9
       8
      14
      11
      12
       7
      12
      11
       5
      11
      10
       6
      10
       5
       3
       3
       6
       3
       6
       9
       8
       6
       6
       4
       3
       3
       4
       5
       4
       4
       3
       7
       2
       5
       5
       3
       6
       6
       2
       3
       5
       4
       3
       1
       2
       1
       7
       5
       3
       2
       3
       1
       5
       8
       1
       1
       2
       7
       9
       7
       1
       5
       7
      10
       9
       8
      11
      17
       8
      11
       7
       8
       5
       4
       4
       4
       3
       5
       6
       4
       4
       2
       4
       2
       6
       5
       4
       3
       6
       6
       3
       6
       9
       4
       1
       6
       1
       3
       4
       4
       6
       5
       4
       6
       7
       3
       3
       3
       5
       2
       1
       6
       7
       8
       6
       6
       6
       5
       3
       4
       2
       3
       5
       5
       6
       5
       5
       2
       3
       7
      12
      10
       3
      14
       9
      19
      14
      18
      17
      13
      25
      25
      38
      31
      26
      36
      28
      33
      40
      24
      29
      13
      17
      14
      14
       5
       4
       5
       6
       6
       3
       4
       6
       3
       2
       3
       4
       6
       1
       3
       5
       2
       3
       3
       5
       7
       5
       5
       5
       6
       0
       3
       4
       2
       4
       2
       3
       2
       5
       1
       4
       3
       3
       3
       4
       6
       6
       1
       2
       2
       7
       1
       3
       5
       5
       4
       2
       5
       7
       7
       4
       6
       2
       2
       4
       3
       4
       4
       5
       4
       4
       4
       1
       4
       2
       5
       3
       4
       4
       1
       7
       3
       9
       5
       2
       7
       7
       3
       6
       5
       8
       3
       4
       2
       2
       3
       1
       8
       7
       4
       4
       2
       4
       7
       2
       3
       6
       4
       1
       0
       6
       2
       2
       2
       9
       1
       6
       2
       2
       3
       2
       1
       6
       2
       5
       4
       0
       3
       4
       3
       4
       6
       3
       4
       2
       5
       2
       4
       5
       1
       1
       7
       3
       2
       7
       5
       4
       3
       3
       2
       3
       4
       5
       5
       1
       5
       4
       3
       5
       3
       4
       2
       2
       5
       5
       6
       1
       3
       2
       1
       8
       4
       3
       2
       4
       2
       3
       2
       8
       5
       8
       8
       7
       7
       4
       3
       3
       3
       5
       3
      10
       0
       3
       1
       3
       3
       2
       3
       1
       0
       5
       7
       2
       2
       2
       8
       2
       4
       4
       1
       2
      10
       5
       7
       3
       7
       1
       5
       6
       7
       2
       6
       6
       4
       6
       5
       5
       7
       9
       5
       8
      10
       7
       3
      10
       6
      10
       8
       8
       4
       9
       6
       6
       5
       4
       5
       3
       5
       3
       0
       8
       3
       3
       1
       2
       4
       6
       3
       2
       6
       1
       3
       5
       2
       2
       5
       1
       2
       3
       2
       4
       8
       2
       7
       5
       8
       7
       3
       2
       3
       2
       3
       7
       6
       8
       5
       4
       0
       6
       3
       3
       2
       1
       4
       5
       3
       1
       1
       4
       3
       5
       2
       2
       5
       3
       6
       5
       5
       4
       2
       3
       5
       6
       9
       4
       4
       5
       4
       5
       4
       4
       5
       2
       4
       5
       2
       4
       6
       2
       6
       8
       8
       8
       6
       6
       7
       2
       4
       6
       2
       6
       5
       4
       6
       2
       5
       3
       6
       4
       6
       2
       5
       3
       4
       7
       2
       3
       2
       4
       1
       8
       3
       5
       3
       6
       8
       3
       7
       4
       4
       3
       5
       5
       1
       7
       5
       2
       4
       5
       0
       3
       3
       8
       4
       4
       2
       4
       3
       5
       2
       5
       7
       1
       6
       6
       5
       5
       3
       2
       0
       0
       6
       2
       6
       6
       4
       5
       4
      12
       4
       6
       5
       2
       4
       6
       6
       2
       6
       4
       3
       6
       5
       4
       2
       0
       8
       7
       4
       5
       7
       2
       3
       6
       6
       5
       5
       6
       8
       6
       9
      12
       8
       8
       9
       1
       5
       8
       4
       7
       2
       4
       7
       5
       3
       4
       1
       5
       2
       8
       4
       6
       9
       4
       5
       6
       6
       9
       6
       3
       3
       2
       6
       0
       4
       4
       2
       6
       5
       3
       2
       6
       0
       2
       3
       4
       4
       3
       6
       3
       5
       7
       5
       6
      15
      15
      15
      19
      29
      32
      26
      23
      17
      31
      20
      16
      13
      10
       7
      11
       5
       7
       5
       7
       5
       3
       1
       3
       5
       2
       4
       1
       5
       3
       1
       1
       3
       6
       4
       3
       4
       6
       3
       5
       4
       1
       1
       4
       4
       0
       5
       5
       7
       4
       3
       5
       3
       2
       2
       2
       2
       3
       4
       1
       5
       4
       7
       3
       5
       1
       1
       6
       2
       0
       2
       5
       1
       4
       3
       3
       3
       4
       1
       2
       3
       3
       6
       3
       5
       6
       4
       4
       7
       1
       5
       3
       5
       4
       2
       4
       2
       1
       4
       2
       5
       6
       2
       2
       5
       1
       4
       6
       3
       2
       1
       6
       4
       4
       6
       5
       5
       2
       2
       5
       5
       3
       2
       1
       4
       5
       6
       4
       3
       5
       3
       4
       3
       3
       3
       3
       2
       7
       5
       3
       0
       3
       3
       4
       3
       2
       4
       2
       3
       2
       1
       2
       4
       2
       2
       2
       5
       0
       8
       2
       3
       1
       5
       1
       2
       0
       2
       5
       2
       3
       1
       6
       3
       3
       5
       2
       6
       6
       4
       7
       6
       2
       6
       3
       6
       5
       7
       3
       2
       6
       8
       4
       0
       3
       4
       0
       4
       3
       1
       1
       3
       2
       1
       4
       2
       2
       0
       3
       5
       6
       3
       3
       4
       5
       7
       4
       4
       4
       3
       6
       6
       2
       6
       5
       3
       9
       4
       3
       3
       3
       4
       5
       5
       6
       3
       4
       1
       6
       1
       1
       4
       5
       4
       5
       2
       7
       3
       4
       1
       3
       3
       8
       1
       3
       5
       4
       2
       1
       2
       3
       4
       7
       1
       9
       1
       5
       6
       4
       4
       7
       5
       4
       3
       2
       2
       4
       4
       3
       4
       6
       1
       6
       1
       7
       6
       5
       6
       8
       4
       4
       5
       6
       3
       6
       6
       4
       3
       3
       4
       1
       3
       1
       3
       3
       4
       2
       4
       7
       6
       3
       4
       5
       7
       7
       2
       8
      10
       5
       4
      10
       6
       6
       9
       1
       3
       6
       2
       5
       3
       3
      10
       5
       3
       2
       5
       2
       3
       3
       3
       3
       3
       3
       1
       4
       4
       4
      11
       5
       5
       1
       3
       4
       5
       6
       3
       3
      10
       6
       7
       4
       4
       3
      10
       5
      11
       8
      10
      12
      17
      15
      18
      13
      10
       9
      12
      15
       9
       5
       7
       4
       1
       6
       9
       4
       5
       6
       4
       9
       8
       3
       0
       4
       2
       5
       6
       3
       1
       3
       3
       4
       6
       2
       9
       4
       0
       4
       5
       1
       5
       4
       2
       2
       6
       3
       4
       7
       0
       4
       3
       6
       5
       5
       5
       4
       6
       5
       5
       0
       4
       2
       2
       3
       6
       4
       1
       1
       4
       3
       8
       3
       6
       4
       6
       4
       1
       2
       7
       1
       2
       1
       6
       0
       2
       5
       4
       6
       7
       8
       4
       3
       2
       4
       4
       4
       5
       4
       4
       4
       2
       1
       3
       0
       4
       1
       4
       4
       2
       2
       1
       6
       4
       5
       3
       0
       3
       2
       1
       0
       3
       5
       4
       4
       4
       1
       3
       5
       4
       2
       3
       2
       5
       5
       7
       4
       3
       5
       3
       2
       2
       4
       3
       6
       2
       2
       3
       1
       1
       4
       2
       3
       6
       3
       3
       0
       2
       6
       2
       3
       1
       5
       2
       3
       2
       6
       1
       2
       4
       3
       2
       1
       3
       5
       5
       3
       3
       4
       2
       1
       4
       2
       0
       7
       1
       2
       1
       2
       5
       2
       5
       3
       0
       4
       5
       6
       3
       1
       2
       2
       4
       1
       5
       4
       8
       1
       1
       1
       4
       2
       3
       3
       3
       5
       5
       4
       6
       9
       7
       6
       7
       9
       4
       1
       3
       4
       4
       3
       5
       5
       8
       4
       4
       1
       2
       3
       3
       3
       2
       3
       5
       6
       0
       1
       4
       1
       0
       6
       5
       2
       1
       2
       5
       3
       3
       0
       3
       3
       4
       3
       1
       1
       0
       3
       7
       0
       1
       5
       4
       1
       2
       2
       6
       1
       4
       3
       6
       4
       3
       0
       1
       3
       2
       5
       3
       1
       1
       3
       2
       2
       7
       3
       3
       3
       3
       3
       3
       2
       0
       5
       2
       3
       7
       2
       3
       3
       4
       4
       3
       6
       5
       4
       4
       3
       4
       1
       2
       5
       2
       3
       4
       4
       4
       0
       3
       0
       2
       2
       1
       2
       5
       9
       2
       1
       2
       2
       4
       4
       2
       2
       2
       2
       1
       5
       2
       3
       1
       5
       2
       1
       3
       1
       2
       1
       5
       3
       4
       5
       1
       3
       7
       0
       2
       1
       0
       1
       2
       4
       8
       4
       0
       4
       2
       0
       0
       4
       3
       4
       2
       1
       5
       2
       1
       3
       4
       1
       3
       1
       1
       4
       4
       2
       2
       2
       4
       8
       2
       2
       3
       2
       4
       3
       3
       2
       3
       2
       2
       7
       2
       2
       3
       4
       2
       1
       5
       5
       4
       1
       4
       2
       3
       5
       3
       2
       3
       2
       0
       3
       8
       1
       4
       0
       4
       4
       4
       4
       5
       3
       6
       9
       7
       9
       2
      13
      14
      12
       6
       6
      12
       5
       8
       2
       3
       3
       3
       5
       3
       1
       3
       1
       2
       2
       5
       4
       1
       3
       4
       0
       3
       4
       7
       2
       1
       1
       1
       2
       5
       5
       2
       7
       1
       2
       2
       3
       5
       3
       2
       2
       2
       3
       2
       5
       3
       4
       1
       3
       0
       2
       0
       6
       4
       3
       3
       4
       0
       2
       0
       4
       0
       1
       6
       0
       4
       1
       0
       3
       2
       1
       2
       1
       2
       4
       4
       1
       3
       3
       1
       3
       5
       2
       3
       2
       5
       3
       4
       0
       4
       2
       3
       6
       2
       3
       3
       5
       4
       3
       4
       2
       2
       2
       3
       4
       2
       0
       1
       3
       2
       1
       3
       3
       4
       2
       2
       1
       2
       3
       5
       0
       2
       2
       4
       2
       7
       2
       3
       5
       1
       3
       7
       1
       6
       5
       6
       8
       9
       4
       6
      10
      14
      13
       8
       4
       6
       3
       7
       8
       3
       2
       1
       2
       3
       5
       3
       2
       4
       1
       3
       3
       0
       6
       3
       6
       1
       2
       5
       3
       2
       7
       4
      15
       9
      13
      12
      16
      31
      30
      19
      33
      39
      37
      37
      31
      17
      17
      15
      18
       9
      12
       6
       2
       5
       1
       1
       2
       3
       2
       5
       3
       5
       1
       3
       4
       4
       3
       0
       2
       3
       2
       1
       4
       1
       1
       1
       1
       1
       1
       6
       6
       3
       3
       0
       2
       2
       1
       4
       3
       2
       2
       4
       2
       4
       1
       1
       0
       3
       3
       3
       3
       2
       3
       2
       2
       0
       3
       3
       2
       3
       3
       5
       1
       2
       4
       3
       6
       1
       6
       1
       2
       1
       0
       2
       4
       1
       0
       3
       4
       1
       3
       2
       2
       1
       4
       7
       0
       3
       2
       1
       3
       8
       3
       3
       3
       3
       0
       0
       2
       6
       4
       3
       2
       7
       4
       1
       5
       2
       5
       3
       0
       1
       2
       3
       1
       3
       3
       2
       3
       7
       2
       4
       1
       3
       3
       5
       5
       2
       2
       4
       4
       5
       2
       7
       3
       1
       4
       2
       3
       1
       4
       1
       4
       0
       2
       1
       1
       1
       2
       1
       2
       1
       7
       1
       2
       2
       4
       6
       5
       1
       5
       1
       6
       3
       1
       7
       2
       1
       2
       1
       2
       2
       1
       2
       4
       1
       3
       3
       1
       1
       3
       1
       2
       3
       3
       2
       4
       3
       0
       1
       4
       2
       0
       4
       2
       2
       1
       2
       4
       3
       2
       1
       1
       1
       1
       3
       1
       4
       5
       5
       1
       5
       3
       5
       3
       3
       3
       3
       1
       2
       7
       2
       4
       3
       2
       2
       6
       4
       0
       1
       2
       1
       1
       3
       4
       0
       1
       1
       1
       1
       3
       4
       0
       4
       4
       1
       3
       2
       2
       3
       3
       1
       3
       5
       6
       2
       6
       1
       1
       3
       6
       3
       0
       0
       0
       3
       2
       3
       2
       1
       0
       5
       2
       4
       2
       2
       0
       4
       3
       6
       3
       3
       5
       1
       3
       1
       1
       1
       3
       1
       3
       3
       0
       3
       3
       1
       2
       2
       8
       3
       2
       1
       4
       2
       2
       3
       0
       3
       1
       1
       5
       0
       3
       2
       2
       1
       0
       0
       5
       2
       4
       0
       3
       0
       1
       2
       2
       3
       2
       4
       3
       1
       2
       5
       3
       4
       3
       2
       4
       2
       2
       1
       0
       1
       3
       1
       1
       3
       1
       2
       4
       0
       2
       3
       2
       2
       2
       3
       2
       4
       1
       3
       1
       0
       1
       3
       1
       3
       2
       1
       1
       1
       2
       0
       1
       3
       3
       6
       4
       1
       5
       2
       1
       4
       3
       3
       2
       4
       1
       6
       3
       6
       1
       1
       0
       3
       4
       1
       4
       6
       4
       2
       0
       4
       2
       2
       3
       3
       3
       1
       6
       4
       4
       4
       0
       1
       1
       2
       4
       1
       3
       3
       3
       4
       3
       1
       1
       2
       1
       2
       4
       3
       1
       0
       0
       3
       2
       4
       3
       5
       1
       5
       4
       4
       6
       3
       4
       2
       3
       4
       4
       1
       2
       3
       3
       2
       7
       6
       2
       1
       1
       1
       1
       1
       1
       2
       2
       1
       4
       0
       3
       5
       3
       0
       1
       2
       2
       4
       5
       4
       4
       5
       4
       5
       3
       1
       1
       2
       5
       2
       4
       7
       4
       0
       5
       1
       1
       3
       2
       3
       2
       3
       2
       1
       2
       1
       4
       2
       1
       5
       2
       1
       3
       2
       3
       3
       3
       5
       2
       4
       4
       7
       3
       1
       6
       2
       2
       3
       8
       6
       4
       4
       7
       2
       6
       3
       3
       3
       3
       4
       4
       6
       6
       8
       6
      12
      10
      15
      26
      34
      43
      43
      77
      78
     101
      97
      99
      86
      87
      83
      66
      54
      45
      44
      30
      17
      14
      13
       9
       3
       4
       4
       1
       1
       3
       3
       1
       1
       0
       2
       1
       4
       0
       2
       2
       0
       1
       1
       1
       1
       1
       3
       4
       1
       4
       5
       1
       1
       0
       4
       0
       2
       1
       1
       5
       2
       4
       5
       3
       3
       3
       2
       6
       3
       2
       5
       1
       3
       5
       6
       2
       1
       2
       3
       4
       3
       2
       7
       2
       3
       2
       2
       1
       1
       6
       4
       2
       3
       0
       1
       2
       3
       3
       1
       1
       2
       2
       4
       4
       1
       3
       2
       3
       3
       2
       0
       1
       1
       0
       3
       2
       1
       3
       1
       4
       3
       2
       0
       2
       3
       5
       2
       1
       1
       1
       2
       3
       3
       0
       1
       1
       1
       1
       2
       0
       3
       1
       5
       1
       5
       1
       5
       3
       4
       0
       1
       2
       2
       0
       3
       2
       3
       2
       1
       2
       1
       4
       1
       0
       4
       0
       3
       2
       5
       1
       1
       4
       2
       2
       5
       3
       3
       2
       5
       4
       8
       3
       1
       7
       2
       2
       4
       4
       5
       2
       1
       3
       1
       1
       2
       5
       3
       6
       2
       3
       1
       3
       6
       5
       1
       4
       3
       3
       6
      10
       6
       6
       6
       8
       6
       7
       1
       4
       4
       1
       5
       1
       2
       1
       2
       1
       2
       1
       4
       3
       1
       0
       1
       3
       2
       4
       1
       1
       1
       0
       0
       4
       6
       4
       5
       1
       2
       0
       4
       2
       3
       1
       1
       1
       5
       2
       0
       3
       2
       3
       3
       2
       1
       1
       2
       1
       0
       1
       1
       3
       1
       0
       5
       5
       2
       2
       0
       0
       4
       2
       2
       4
       3
       1
       3
       0
       2
       2
       1
       2
       3
       1
       2
       2
       1
       0
       0
       3
       1
       3
       3
       2
       5
       1
       2
       1
       2
       1
       1
       1
       1
       0
       1
       5
       2
       2
       2
       2
       3
       3
       0
       1
       1
       0
       1
       3
       0
       1
       2
       1
       3
       0
       2
       3
       0
       0
       1
       3
       4
       1
       2
       1
       0
       3
       3
       3
       1
       3
       1
       3
       0
       2
       2
       2
       3
       7
       2
       1
       0
       1
       3
       3
       2
       3
       1
       2
       2
       2
       2
       0
       3
       3
       0
       1
       2
       3
       2
       2
       2
       0
       2
       0
       3
       2
       2
       0
       3
       1
       3
       1
       1
       3
       0
       1
       2
       3
       0
       2
       0
       1
       2
       3
       1
       1
       3
       3
       3
       0
       3
       0
       3
       1
       3
       2
       1
       1
       0
       0
       3
       2
       0
       2
       0
       0
       1
       2
       0
       1
       3
       3
       3
       2
       0
       2
       3
       4
       0
       5
       0
       5
       7
       4
       1
       0
       3
       2
       1
       4
       1
       0
       1
       2
       2
       5
       4
       0
       2
       1
       1
       2
       3
       3
       0
       2
       0
       1
       0
       3
       1
       2
       1
       3
       1
       3
       0
       0
       4
       2
       0
       2
       2
       1
       4
       2
       1
       1
       2
       2
       1
       1
       5
       0
       4
       2
       2
       1
       1
       1
       0
       1
       4
       1
       3
       4
       3
       1
       3
       2
       3
       3
       1
       1
       3
       1
       1
       2
       1
       3
       3
       6
       1
       0
       3
       0
       0
       2
       5
       5
       1
       5
       2
       1
       3
       6
       2
       4
       5
       4
       1
       4
       5
       5
       0
       4
       6
       0
       4
       4
       3
       1
       3
       0
       3
       2
       0
       1
       0
       2
       4
       0
       0
       1
       1
       0
       0
       1
       0
       1
       2
       1
       1
       1
       1
       0
       2
       0
       3
       3
       1
       1
       1
       3
       1
       1
       6
       1
       1
       1
       2
       0
       2
       2
       4
       3
       0
       2
       1
       1
       3
       2
       2
       1
       3
       1
       3
       0
       1
       0
       3
       2
       2
       1
       2
       2
       2
       1
       2
       1
       0
       3
       1
       0
       0
       3
       0
       2
       1
       1
       4
       0
       3
       1
       1
       2
       1
       0
       2
       3
       0
       5
       2
       2
       1
       2
       1
       1
       1
       1
       1
       1
       1
       1
       1
       2
       1
       2
       0
       1
       3
       0
       1
       3
       3
       0
       2
       2
       1
       2
       1
       0
       0
       2
       0
       3
       1
       1
       1
       2
       1
       2
       3
       1
       1
       0
       0
       1
       0
       2
       1
       4
       1
       2
       3
       1
       1
       0
       0
       0
       2
       1
       1
       1
       0
       2
       3
       2
       1
       1
       2
       2
       3
       2
       2
       1
       3
       0
       0
       1
       0
       2
       3
       3
       2
       3
       3
       3
       0
       1
       4
       2
       2
       2
       1
       1
       2
       0
       0
       0
       1
       2
       2
       1
       0
       2
       2
       1
       3
       0
       0
       1
       0
       0
       2
       0
       1
       2
       1
       0
       0
       1
       1
       0
       0
       2
       5
       0
       2
       1
       2
       1
       2
       2
       1
       2
       2
       1
       1
       2
       1
       0
       2
       1
       4
       0
       0
       1
       1
       1
       3
       1
       2
       0
       2
       2
       4
       0
       1
       1
       0
       1
       2
       1
       4
       2
       1
       0
       4
       3
       3
       6
       3
       3
       3
       3
       3
       1
       3
       5
       3
       1
       2
       1
       2
       0
       1
       2
       2
       0
       1
       1
       1
       0
       2
       2
       3
       0
       2
       0
       2
       0
       4
       2
       1
       1
       1
       1
       3
       0
       1
       1
       1
       1
       1
       1
       0
       1
       1
       0
       2
       1
       3
       1
       4
       2
       2
       1
       2
       1
       1
       0
       2
       0
       1
       1
       0
       1
       0
       0
       2
       1
       0
       2
       0
       2
       0
       0
       1
       1
       0
       3
       1
       1
       0
       1
       2
       2
       5
       1
       1
       0
       1
       1
       3
       2
       3
       2
       1
       0
       2
       2
       2
       1
       0
       2
       0
       2
       1
       0
       1
       0
       1
       0
       2
       3
       2
       0
       2
       0
       2
       2
       2
       2
       0
       0
       0
       3
       3
       0
       0
       3
       3
       0
       4
       1
       1
       1
       1
       0
       2
       1
       1
       3
       1
       2
       1
       2
       1
       3
       1
       2
       1
       0
       2
       4
       3
       4
       3
       2
       2
       2
       5
       9
       3
       5
       3
       6
       5
       4
       3
       5
       8
       6
       0
       1
       4
       4
       2
       2
       1
       3
       0
       4
       1
       2
       2
       1
       4
       0
       0
       2
       1
       1
       1
       1
       2
       0
       1
       0
       1
       1
       0
       2
       3
       0
       1
       2
       2
       0
       1
       1
       2
       2
       5
       0
       1
       1
       1
       2
       2
       1
       1
       1
       2
       2
       0
       1
       0
       0
       3
       2
       1
       1
       2
       1
       2
       1
       1
       2
       4
       2
       0
       1
       1
       1
       0
       4
       2
       2
       3
       0
       3
       3
       0
       2
       4
       0
       0
       1
       3
       1
       0
       0
       0
       1
       2
       0
       3
       1
       1
       1
       1
       0
       2
       0
       1
       0
       0
       1
       2
       2
       1
       3
       0
       0
       0
       0
       3
       2
       4
       0
       1
       0
       0
       0
       1
       1
       2
       0
       0
       1
       3
       1
       4
       0
       2
       2
       3
       1
       2
       3
       0
       1
       4
       1
       4
       2
       1
       3
       1
       1
       2
       4
       5
       6
       7
       3
       7
       9
      16
      12
      11
      18
      16
       7
      16
       9
       9
       8
       6
       4
       2
       5
       3
       4
       2
       0
       1
       0
       5
       1
       2
       2
       0
       1
       0
       2
       4
       0
       1
       4
       1
       1
       1
       1
       1
       2
       4
       2
       1
       1
       0
       2
       2
       0
       4
       3
       0
       3
       0
       1
       2
       2
       0
       1
       0
       3
       0
       0
       3
       2
       2
       1
       0
       1
       1
       1
       2
       3
       3
       0
       2
       2
       1
       1
       2
       2
       1
       2
       2
       2
       5
       4
       4
       6
       6
       9
       9
      11
      10
      15
      16
      23
      12
      11
      14
      16
      13
      11
       7
       6
       4
       5
      11
       4
       1
       4
       1
       1
       1
       3
       0
       4
       2
       0
       1
       0
       2
       2
       2
       2
       4
       0
       2
       0
       1
       2
       0
       0
       0
       2
       1
       2
       0
       4
       0
       1
       1
       0
       3
       0
       0
       0
       0
       0
       0
       0
       0
       0
       3
       2
       1
       1
       1
       0
       1
       1
       1
       0
       3
       2
       1
       2
       2
       0
       2
       2
       5
       3
       2
       3
       1
       2
       2
       1
       5
       2
       5
       4
       9
       6
      12
       8
      17
      20
      16
      24
      21
      35
      34
      39
      41
      34
      43
      42
      27
      27
      26
      20
      10
      14
       7
       4
       6
       4
       2
       1
       0
       2
       1
       0
       1
       0
       0
       2
       0
       0
       2
       0
       3
       2
       1
       1
       0
       0
       0
       0
       1
       1
       3
       0
       0
       3
       0
       1
       2
       0
       2
       0
       0
       0
       0
       1
       2
       1
       0
       1
       3
       0
       3
       1
       0
       2
       0
       0
       1
       0
       0
       1
       1
       1
       1
       2
       3
       2
       0
       0
       1
       1
       3
       4
       1
       2
       2
       1
       0
       1
       2
       4
       1
       1
       1
       4
       1
       1
       2
       1
       1
       2
       2
       0
       2
       3
       2
       3
       1
       1
       0
       3
       1
       0
       1
       1
       0
       0
       0
       1
       1
       2
       1
       1
       1
       0
       1
       2
       0
       1
       2
       2
       2
       1
       1
       0
       1
       0
       3
       2
       0
       0
       3
       2
       1
       1
       1
       0
       0
       1
       2
       1
       4
       3
       0
       5
       1
       2
       1
       2
       1
       3
       1
       1
       2
       0
       0
       0
       0
       0
       0
       1
       2
       0
       1
       0
       2
       3
       1
       2
       5
       0
       1
       0
       1
       0
       2
       1
       2
       1
       0
       1
       2
       1
       1
       1
       2
       0
       2
       2
       0
       0
       1
       2
       0
       1
       3
       5
       1
       1
       0
       2
       2
       2
       2
       1
       1
       2
       1
       0
       3
       1
       2
       2
       0
       1
       0
       4
       0
       2
       1
       4
       2
       2
       2
       2
       2
       3
       5
       3
       2
       5
       2
       0
       2
       2
       1
       2
       5
       3
       2
       2
       3
       1
       7
       7
       7
       5
       7
       3
      11
       5
       6
       7
       6
       4
       6
       7
      11
       8
       9
       5
       4
       3
       4
       2
       7
       5
       3
       2
       3
       1
       2
       2
       2
       1
       1
       4
       0
       0
       0
       2
       1
       1
       0
       1
       3
       0
       0
       0
       2
       1
       2
       0
       2
       0
       0
       0
       1
       1
       0
       1
       1
       0
       0
       0
       1
       2
       3
       1
       2
       0
       1
       2
       1
       1
       1
       0
       0
       1
       1
       3
       2
       0
       3
       0
       0
       2
       1
       1
       2
       2
       2
       0
       1
       1
       1
       3
       1
       1
       2
       1
       3
       0
       2
       0
       2
       1
       1
       1
       3
       1
       2
       1
       2
       2
       1
       0
       1
       1
       1
       0
       2
       0
       1
       1
       0
       0
       0
       3
       0
       3
       1
       1
       2
       4
       2
       3
       1
       3
       2
       1
       1
       4
       3
       1
       3
       2
       3
       6
       0
       4
       1
       1
       1
       1
       2
       0
       2
       1
       3
       1
       1
       3
       0
       3
       0
       0
       1
       2
       1
       1
       2
       2
       0
       2
       0
       2
       0
       0
       0
       1
       0
       2
       0
       1
       1
       1
       0
       1
       0
       0
       1
       2
       0
       1
       2
       2
       0
       1
       1
       2
       3
       0
       2
       0
       2
       0
       2
       1
       2
       0
       1
       0
       2
       2
       3
       0
       1
       1
       1
       0
       2
       0
       4
       0
       1
       2
       2
       1
       4
       1
       2
       1
       1
       2
       0
       0
       3
       1
       4
       2
       2
       1
       2
       2
       1
       2
       1
       3
       0
       1
       0
       3
       3
       1
       0
       2
       2
       1
       2
       2
       1
       0
       3
       0
       0
       1
       1
       1
       2
       0
       1
       1
       0
       2
       0
       0
       1
       1
       1
       2
       2
       0
       2
       0
       2
       1
       3
       0
       1
       1
       2
       5
       0
       1
       0
       1
       0
       1
       2
       2
       1
       2
       1
       2
       4
       1
       0
       0
       2
       3
       0
       1
       0
       2
       0
       0
       2
       1
       1
       3
       2
       6
       0
       1
       2
       0
       1
       1
       1
       1
       0
       3
       1
       0
       0
       0
       2
       0
       1
       1
       1
       0
       1
       2
       1
       1
       2
       0
       3
       3
       1
       3
       0
       3
       1
       1
       1
       2
       1
       3
       2
       3
       2
       3
       1
       1
       0
       1
       2
       2
       0
       2
       3
       0
       2
       0
       1
       1
       0
       2
       2
       0
       0
       1
       1
       3
       1
       2
       2
       1
       0
       2
       0
       1
       2
       1
       2
       4
       2
       1
       0
       1
       1
       0
       2
       0
       0
       0
       3
       2
       1
       1
       1
       0
       1
       0
       0
       0
       1
       1
       1
       0
       1
       1
       3
       2
       2
       1
       2
       1
       1
       1
       2
       1
       1
       3
       1
       1
       3
       3
       3
       2
       1
       2
       0
       2
       1
       0
       1
       0
       0
       0
       1
       0
       1
       2
       2
       1
       3
       1
       0
       1
       1
       2
       0
       0
       2
       0
       0
       0
       2
       1
       0
       2
       1
       3
       4
       2
       1
       2
       2
       3
       2
       2
       2
       0
       1
       2
       0
       2
       3
       1
       2
       1
       0
       0
       2
       1
       3
       1
       1
       2
       3
       2
       0
       0
       1
       0
       1
       0
       0
       1
       0
       2
       2
       0
       2
       0
       1
       1
       0
       0
       1
       3
       1
       1
       1
       1
       0
       0
       3
       1
       2
       1
       1
       0
       1
       1
       0
       0
       0
       0
       2
       0
       1
       1
       0
       2
       1
       2
       0
       1
       1
       1
       0
       0
       1
       2
       0
       1
       2
       1
       1
       0
       2
       0
       4
       2
       1
       3
       0
       1
       0
       0
       1
       2
       0
       2
       0
       2
       0
       1
       0
       1
       0
       4
       0
       0
       1
       2
       1
       1
       3
       0
       1
       0
       2
       6
       1
       1
       0
       1
       2
       1
       1
       0
       0
       0
       1
       3
       2
       1
       3
       0
       1
       0
       1
       1
       0
       1
       1
       0
       1
       1
       0
       1
       0
       1
       2
       3
       1
       1
       2
       1
       2
       2
       3
       0
       0
       4
       0
       6
       3
       2
      10
       3
       5
       4
       2
       2
       4
       0
       3
       2
       3
       3
       0
       0
       0
       1
       0
       0
       1
       3
       0
       0
       1
       2
       0
       0
       0
       3
       1
       1
       3
       1
       0
       1
       1
       1
       3
       1
       3
       1
       1
       4
       1
       1
       2
       0
       1
       1
       2
       2
       2
       0
       4
       2
       2
       0
       3
       0
       1
       2
       1
       1
       1
       1
       2
       2
       1
       3
       2
       1
       2
       1
       0
       0
       1
       1
       1
       3
       2
       2
       1
       3
       0
       1
       1
       2
       1
       3
       1
       4
       3
       6
       4
       3
       6
       3
       0
       0
       2
       1
       6
       3
       2
       3
       1
       3
       0
       2
       1
       1
       0
       2
       1
       0
       0
       1
       0
       2
       0
       3
       1
       2
       1
       1
       1
       2
       1
       0
       0
       1
       1
       1
       2
       1
       2
       2
       1
       4
       2
       4
       0
       1
       1
       1
       1
       1
       3
       1
       3
       1
       4
       3
       2
       2
       1
       0
       2
       2
       1
       0
       1
       1
       0
       2
       2
       1
       1
       1
       0
       2
       0
       0
       3
       3
       1
       0
       1
       1
       0
       2
       2
       2
       1
       1
       0
       2
       2
       1
       2
       1
       1
       3
       1
       4
       1
       2
       1
       3
       0
       1
       4
       2
       1
       1
       1
       2
       1
       0
       3
       2
       0
       0
       0
       2
       3
       2
       0
       1
       1
       1
       1
       0
       1
       0
       3
       0
       0
       0
       2
       0
       1
       3
       1
       3
       1
       1
       0
       0
       1
       1
       1
       1
       3
       3
       3
       1
       1
       1
       2
       1
       1
       0
       3
       1
       0
       1
       0
       1
       1
       3
       2
       1
       0
       1
       2
       1
       2
       4
       2
       3
       1
       1
       1
       1
       2
       0
       1
       1
       3
       2
       2
       1
       0
       0
       1
       5
       0
       1
       7
       3
       0
       2
       3
       1
       3
       2
       1
       2
       2
       0
       3
       0
       2
       2
       1
       2
       3
       1
       2
       2
       0
       2
       2
       2
       2
       3
       2
       2
       1
       5
       3
       5
       4
       2
       1
       2
       1
       2
       1
       1
       0
       2
       4
       3
       0
       1
       1
       1
       2
       1
       1
       1
       1
       5
       1
       0
       4
       0
       0
       1
       3
       2
       0
       1
       1
       0
       0
       1
       1
       2
       2
       1
       0
       1
       1
       2
       1
       2
       2
       2
       1
       2
       2
       0
       2
       1
       0
       0
       2
       0
       1
       2
       3
       3
       3
       2
       1
       2
       1
       0
       1
       0
       0
       1
       2
       2
       2
       2
       3
       1
       0
       4
       1
       0
       3
       1
       2
       1
       5
       4
       2
       3
       2
       1
       3
       1
       1
       2
       1
       4
       2
       1
       1
       2
       1
       3
       3
       0
       1
       2
       2
       1
       1
       2
       1
       1
       0
       3
       2
       2
       2
       1
       3
       1
       1
       4
       1
       2
       1
       1
       1
       2
       3
       3
       2
       2
       0
       2
       0
       2
       1
       1
       2
       0
       3
       1
       0
       1
       1
       0
       2
       3
       0
       5
       2
       1
       1
       0
       1
       0
       1
       1
       0
       2
       2
       2
       3
       1
       1
       1
       0
       1
       4
       2
       1
       2
       3
       1
       3
       1
       3
       4
       2
       3
       3
       3
       3
       0
       4
       2
       2
       0
       2
       2
       0
       2
       4
       1
       3
       1
       2
       0
       2
       2
       2
       1
       2
       3
       2
       0
       1
       2
       1
       2
       0
       0
       1
       2
       5
       1
       1
       5
       3
       0
       1
       1
       2
       1
       4
       0
       1
       1
       0
       2
       2
       1
       1
       3
       4
       1
       3
       1
       1
       1
       0
       4
       0
       3
       2
       1
       6
       1
       2
       2
       2
       4
       3
       2
       1
       1
       0
       0
       2
       1
       2
       2
       1
       2
       0
       3
       2
       1
       3
       2
       0
       0
       2
       2
       1
       1
       1
       1
       1
       2
       1
       2
       1
       1
       1
       1
       2
       3
       0
       3
       0
       2
       1
       0
       3
       1
       0
       1
       1
       2
       3
       0
       1
       2
       3
       0
       5
       3
       1
       2
       0
       1
       2
       0
       5
       4
       3
       1
       0
       0
       0
       2
       2
       2
       3
       1
       1
       2
       2
       2
       1
       1
       3
       1
       1
       2
       1
       3
       3
       1
       1
       1
       1
       2
       3
       0
       3
       2
       3
       1
       2
       4
       2
       1
       0
       1
       2
       2
       1
       2
       3
       3
       3
       0
       1
       3
       3
       2
       2
       2
       1
       0
       0
       1
       2
       1
       0
       0
       1
       1
       3
       0
       0
       0
       0
       2
       2
       2
       4
       1
       3
       1
       3
       1
       0
       0
       0
       0
       2
       1
       2
       1
       0
       2
       3
       2
       2
       3
       1
       1
       1
       2
       0
       0
       1
       1
       2
       0
       2
       1
       0
       3
       2
       0
       2
       2
       1
       1
       0
       3
       1
       1
       0
       1
       0
       1
       1
       1
       2
       0
       1
       1
       2
       1
       3
       1
       1
       2
       0
       1
       0
       0
       0
       0
       2
       0
       0
       0
       1
       1
       1
       1
       0
       1
       2
       3
       2
       1
       0
       0
       1
       1
       0
       2
       2
       1
       2
       4
       1
       1
       2
       1
       2
       1
       1
       2
       1
       1
       4
       1
       2
       0
       3
       0
       1
       2
       4
       0
       0
       1
       0
       1
       1
       2
       0
       1
       1
       3
       0
       0
       0
       2
       4
       1
       2
       0
       0
       0
       0
       3
       1
       2
       1
       2
       2
       2
       1
       2
       2
       0
       1
       0
       2
       1
       0
       2
       0
       0
       2
       0
       2
       3
       1
       1
       1
       1
       1
       2
       1
       0
       0
       2
       3
       2
       1
       3
       0
       1
       0
       1
       1
       3
       1
       2
       1
       2
       1
       2
       0
       0
       0
       2
       2
       0
       1
       1
       1
       0
       2
       0
       3
       3
       1
       0
       1
       1
       4
       1
       2
       1
       1
       3
       2
       0
       0
       2
       1
       1
       0
       0
       2
       0
       1
       2
       1
       0
       1
       0
       1
       0
       3
       1
       0
       0
       3
       2
       1
       2
       3
       3
       0
       3
       4
       0
       1
       2
       0
       1
       2
       2
       3
       2
       0
       2
       4
       0
       1
       4
       0
       0
       0
       3
       0
       0
       1
       0
       0
       1
       2
       0
       0
       0
       2
       1
       3
       2
       2
       1
       1
       1
       1
       1
       0
       0
       1
       2
       3
       0
       2
       1
       1
       1
       1
       2
       4
       2
       0
       2
       0
       3
       3
       0
       2
       0
       3
       2
       2
       0
       2
       1
       2
       1
       0
       2
       0
       3
       1
       2
       1
       0
       1
       2
       2
       0
       0
       1
       0
       3
       1
       1
       0
       1
       1
       0
       0
       0
       1
       1
       2
       1
       1
       1
       1
       0
       2
       2
       0
       0
       2
       0
       3
       3
       0
       2
       2
       0
       0
       0
       2
       1
       1
       2
       0
       1
       2
       0
       0
       2
       1
       2
       0
       0
       1
       1
       3
       1
       2
       3
       1
       0
       1
       0
       2
       1
       3
       0
       1
       1
       4
       1
       2
       0
       3
       2
       0
       0
       3
       1
       0
       1
       1
       2
       2
       0
       4
       2
       2
       0
       0
       1
       1
       2
       1
       2
       0
       1
       4
       3
       0
       1
       1
       2
       2
       4
       2
       1
       1
       2
       2
       1
       2
       1
       1
       1
       1
       0
       0
       2
       0
       0
       2
       1
       1
       1
       0
       4
       2
       2
       1
       0
       1
       0
       0
       1
       1
       4
       1
       0
       0
       3
       1
       2
       0
       1
       0
       1
       1
       0
       1
       2
       1
       1
       2
       2
       2
       1
       2
       0
       0
       3
       1
       0
       2
       2
       0
       4
       0
       0
       0
       0
       0
       1
       2
       3
       1
       2
       1
       1
       1
       0
       0
       0
       3
       1
       0
       2
       0
       1
       1
       1
       1
       3
       2
       1
       1
       2
       1
       0
       0
       1
       1
       0
       2
       1
       0
       1
       2
       1
       0
       0
       1
       0
       2
       0
       1
       1
       0
       1
       0
       0
       2
       0
       2
       0
       0
       2
       1
       0
       1
       0
       1
       1
       0
       1
       0
       0
       2
       1
       0
       0
       0
       0
       1
       0
       2
       0
       0
       0
       0
       0
       0
       2
       2
       1
       2
       0
       0
       0
       0
       0
       0
       0
       1
       2
       0
       1
       1
       0
       0
       2
       0
       1
       2
       0
       1
       1
       1
       2
       2
       0
       1
       0
       1
       0
       2
       0
       0
       1
       1
       3
       1
       1
       1
       1
       0
       1
       0
       0
       0
       3
       0
       0
       2
       0
       2
       0
       0
       0
       0
       0
       0
       2
       1
       0
       1
       0
       0
       2
       0
       2
       2
       1
       0
       2
       0
       0
       1
       2
       2
       0
       1
       2
       0
       1
       1
       1
       2
       3
       1
       0
       0
       1
       1
       1
       1
       0
       0
       0
       3
       0
       1
       1
       0
       1
       1
       1
       1
       1
       0
       0
       0
       0
       1
       0
       1
       0
       0
       0
       1
       0
       1
       3
       1
       0
       1
       1
       1
       0
       1
       1
       1
       1
       0
       3
       1
       1
       1
       3
       0
       0
       1
       0
       0
       1
       0
       2
       1
       0
       1
       1
       1
       0
       3
       4
       0
       1
       1
       1
       0
       1
       1
       1
       4
       1
       2
       0
       0
       0
       1
       0
       0
       0
       0
       1
       0
       0
       0
       0
       2
       0
       1
       1
       1
       0
       0
       2
       3
       1
       0
       1
       1
       1
       1
       2
       0
       1
       0
       0
       4
       0
       1
       1
       2
       0
       1
       1
       0
       0
       1
       1
       0
       1
       1
       1
       1
       0
       1
       1
       0
       0
       1
       0
       1
       1
       2
       1
       1
       1
       0
       0
       1
       1
       0
       0
       2
       0
       0
       1
       1
       0
       0
       0
       1
       0
       0
       1
       0
       1
       1
       0
       1
       1
       1
       1
       0
       0
       1
       1
       0
       0
       0
       0
       0
       0
       1
       1
       3
       1
       1
       1
       0
       0
       1
       0
       2
       1
       3
       0
       2
       0
       0
       0
       1
       0
       1
       1
       1
       1
       1
       2
       1
       1
       1
       1
       0
       0
       2
       2
       1
       2
       1
       1
       0
       3
       0
       1
       0
       0
       0
       1
       2
       2
       1
       0
       0
       1
       0
       1
       0
       1
       0
       0
       3
       0
       1
       0
       1
       2
       0
       1
       0
       0
       0
       0
       3
       0
       0
       1
       2
       2
       0
       0
       1
       1
       0
       1
       1
       1
       0
       0
       1
       0
       0
       0
       0
       1
       0
       1
       0
       0
       1
       1
       1
       0
       0
       2
       1
       0
       1
       0
       1
       1
       0
       0
       0
       0
       0
       0
       1
       1
       2
       0
       3
       0
       1
       0
       1
       2
       0
       0
       0
       2
       2
       1
       0
       0
       0
       2
       2
       1
       0
       0
       3
       1
       0
       3
       0
       0
       2
       1
       0
       2
       1
       1
       1
       1
       0
       0
       0
       1
       1
       0
       0
       0
       0
       0
       0
       2
       0
       2
       1
       1
       1
       0
       0
       1
       2
       1
       1
       1
       0
       2
       2
       0
       1
       0
       2
       2
       0
       1
       1
       0
       1
       0
       0
       4
       0
       3
       0
       0
       0
       0
       0
       0
       0
       3
       1
       0
       1
       1
       0
       0
       2
       0
       2
       1
       0
       1
       1
       0
       0
       1
       3
       1
       1
       1
       2
       2
       1
       0
       0
       0
       0
       1
       0
       2
       0
       1
       1
       1
       1
       0
       2
       1
       0
       0
       4
       1
       1
       0
       0
       1
       0
       0
       1
       1
       1
       0
       0
       2
       0
       1
       1
       1
       0
       1
       0
       3
       0
       2
       0
       0
       0
       2
       0
       0
       0
       0
       0
       1
       0
       1
       0
       0
       0
       0
       1
       0
       1
       1
       1
       1
       0
       0
       0
       0
       0
       2
       0
       1
       0
       0
       0
       2
       0
       1
       1
       1
       0
       0
       1
       0
       0
       1
       2
       0
       0
       1
       2
       1
       0
       0
       1
       0
       0
       1
       1
       0
       0
       1
       1
       2
       0
       0
       1
       1
       1
       2
       2
       1
       1
       1
       0
       0
       2
       2
       0
       1
       1
       0
       0
       0
       0
       2
       0
       1
       0
       0
       2
       1
       0
       0
       0
       1
       1
       0
       0
       1
       0
       2
       0
       0
       0
       1
       2
       2
       3
       2
       3
       5
       4
       9
       4
       3
      19
       9
      19
      20
      16
      28
      27
      35
      37
      59
      62
      84
      56
      87
      67
      63
      42
      58
      62
      37
      24
      27
      11
      13
       6
       1
       4
       3
       4
       4
       0
       3
       0
       0
       1
       0
       0
       0
       1
       0
       1
       0
       0
       0
       1
       2
       1
       1
       0
       2
       1
       1
       0
       0
       0
       0
       0
       0
       1
       1
       1
       2
       1
       1
       1
       0
       4
       0
       1
       2
       0
       0
       0
       1
       0
       1
       2
       1
       0
       0
       1
       1
       0
       1
       1
       2
       3
       0
       1
       2
       2
       2
       2
       1
       3
       1
       2
       2
       2
       1
       1
       1
       1
       1
       1
       0
       0
       2
       1
       1
       2
       1
       1
       1
       0
       1
       1
       1
       1
       0
       1
       1
       1
       0
       1
       0
       1
       1
       0
       2
       1
       0
       1
       0
       0
       0
       1
       1
       0
       1
       1
       1
       0
       0
       0
       1
       1
       1
       1
       0
       2
       0
       0
       0
       1
       1
       2
       1
       1
       0
       0
       0
       1
       1
       0
       1
       0
       0
       1
       1
       0
       0
       1
       0
       1
       0
       0
       0
       1
       0
       1
       0
       0
       0
       2
       0
       1
       1
       0
       0
       0
       0
       0
       1
       1
       0
       1
       2
       2
       0
       0
       2
       2
       0
       0
       0
       0
       0
       0
       0
       1
       0
       1
       0
       0
       0
       0
       0
       0
       0
       1
       0
       0
       1
       0
       0
       0
       1
       1
       0
       1
       0
       1
       0
       0
       0
       0
       0
       0
       0
       1
       1
       2
       0
       1
       0
       0
       0
       0
       0
       0
       0
       0
       1
       0
       0
       1
       0
       0
       1
       1
       1
       0
       1
       0
       0
       0
       1
       0
       1
       0
       0
       0
       1
       1
       1
       0
       1
       1
       0
       2
       0
       1
       1
       2
       1
       2
       1
       1
       0
       0
       0
       0
       0
       1
       0
       1
       0
       0
       0
       0
       1
       1
       0
       2
       0
       0
       0
       0
       0
       1
       0
       0
       1
       1
       1
       1
       0
       0
       0
       0
       0
       1
       0
       2
       0
       0
       0
       1
       0
       0
       2
       0
       0
       0
       0
       1
       0
       2
       0
       0
       0
       0
       0
       1
       0
       1
       0
       0
       0
       1
       0
       3
       0
       2
       1
       0
       1
       0
       0
       1
       0
       3
       1
       0
       0
       0
       0
       0
       0
       0
       0
       0
       0
       0
       1
       1
       0
       0
       1
       0
       0
       0
       0
       0
       1
       1
       0
       0
       0
       0
       1
       0
       0
       0
       0
       0
       0
       0
       0
       1
       0
       1
       0
       1
       0
       0
       1
       0
       0
       0
       1
       1
       0
       0
       0
       0
       0
       0
       1
       0
       0
       1
       0
       0
       1
       0
       0
       1
       0
       1
       0
       0
       0
       0
       0
       0
       0
       1
       0
       0
       0
       0
       1
       0
       0
       1
       1
       0
       0
       3
       2
       1
       1
       0
       0
       0
       0
       0
       2
       0
       0
       0
       0
       0
       2
       0
       0
       0
       3
       5
       0
       2
       2
       0
       1
       4
       3
       0
       3
       1
       3
       2
       1
       0
       1
       2
       1
       1
       0
       1
       3
       1
       0
       0
       0
       0
       0
       0
       0
       0
       0
       0
       0
       0
       0
       2
       0
       0
       0
       0
       1
       0
       0
       2
       0
       1
       0
       2
       0
       0
       0
       0
       1
       1
       0
       0
       1
       0
       0
       1
       2
       0
       1
       1
       1
       1
       1
       0
       0
       1
       0
       0
       0
       0
       0
       0
       1
       1
       1
       0
       0
       3
       0
       0
       0
       0
       1
       0
       0
       0
       1
       1
       0
       1
       0
       1
       0
       1
       0
       1
       0
       1
       1
       2
       1
       0
       1
       0
       0
       1
       0
       1
       0
       1
       2
       1
       0
       0
       0
       0
       2
       1
       2
       0
       1
       0
       0
       2
       1
       1
       1
       0
       0
       1
       0
       0
       2
       1
       0
       0
       0
       0
       1
       1
       0
       2
       1
       2
       2
       2
       0
       0
       1
       1
       0
       0
       0
       2
       0
       1
       1
       0
       0
       0
       0
       0
       1
       0
       0
       0
       0
       2
       0
       0
       2
       1
       1
       1
       0
       1
       0
       1
       3
       1
       0
       0
       0
       0
       0
       0
       0
       0
       0
       2
       0
       3
       0
       0
       0
       1
       0
       1
       1
       0
       1
       0
       1
       0
       0
       0
       1
       0
       0
       1
       1
       1
       0
       0
       0
       0
       0
       0
       0
       0
       0
       0
       1
       0
       0
       0
       0
       0
       0
       0
       2
       0
       1
       0
       0
       1
       2
       2
       1
       0
       0
       1
       0
       2
       3
       1
       1
       0
       2
       2
       1
       3
       2
       3
       5
       3
       4
       6
       6
       0
       3
       6
       5
       0
       3
       3
       1
       3
       0
       1
       1
       2
       0
       1
       0
       2
       0
       0
       1
       2
       1
       1
       2
       1
       1
       0
       1
       1
       0
       2
       1
       1
       0
       1
       1
       0
       1
       0
       1
       0
       1
       0
       0
       0
       1
       2
       0
       0
       0
       1
       0
       1
       0
       2
       0
       1
       0
       1
       0
       0
       0
       0
       0
       0
       0
       0
       1
       0
       1
       0
       0
       1
       0
       0
       1
       1
       0
       2
       1
       0
       1
       0
       1
       2
       0
       0
       3
       4
       3
       0
       1
       1
       2
       1
       1
       3
       2
       1
       3
       1
       1
       0
       0
       1
       3
       3
       0
       0
       1
       1
       2
       0
       0
       0
       0
       0
       1
       1
       0
       0
       0
       0
       1
       0
       1
       0
       0
       1
       2
       1
       0
       0
       3
       0
       1
       1
       1
       0
       0
       0
       0
       1
       0
       0
       1
       1
       2
       0
       1
       0
       1
       0
       1
       3
       3
       1
       0
       1
       0
       0
       0
       1
       1
       1
       0
       4
       1
       1
       0
       1
       0
       1
       2
       0
       1
       1
       2
       0
       0
       0
       2
       0
       1
       0
       0
       0
       0
       1
       0
       0
       1
       0
       1
       0
       0
       1
       0
       0
       0
       1
       1
       1
       1
       1
       1
       0
       0
       0
       1
       0
       1
       0
       0
       0
       1
       1
       1
       0
       0
       0
       0
       0
       1
       1
       0
       1
       1
       0
       0
       0
       0
       1
       0
       1
       2
       1
       0
       0
       0
       0
       0
       3
       0
       0
       2
       0
       2
       0
       0
       0
       1
       0
       0
       0
       1
       1
       0
       0
       0
       1
       0
       0
       0
       2
       0
       0
       0
       2
       0
       1
       0
       0
       0
       0
       0
       0
       0
       1
       1
       0
       0
       0
       0
       1
       1
       0
       0
       3
       1
       0
       1
       0
       0
       1
       1
       0
       1
       1
       0
       2
       0
       0
       0
       2
       0
       1
       1
       1
       0
       2
       0
       1
       0
       0
       2
       0
       1
       0
       0
       1
       0
       1
       1
       1
       1
       1
       0
       1
       1
       0
       0
       1
       0
       0
       0
       1
       1
       1
       1
       0
       0
       0
       0
       0
       0
       0
       0
       0
       0
       0
       1
       2
       1
       1
       0
       0
       1
       1
       0
       3
       0
       0
       0
       1
       0
       0
       0
       0
       1
       2
       1
       0
       0
       2
       1
       0
       0
       2
       0
       0
       0
       2
       0
       1
       0
       0
       0
       0
       2
       1
       1
       2
       1
       2
       2
       1
       0
       0
       0
       0
       1
       1
       0
       0
       2
       1
       0
       0
       0
       0
       2
       1
       2
       1
       0
       0
       0
       0
       1
       1
       1
       0
       0
       0
       1
       0
       1
       0
       0
       0
       0
       0
       1
       0
       1
       1
       0
       1
       0
       1
       1
       1
       0
       0
       1
       3
       0
       0
       1
       0
       0
       0
       0
       0
       1
       0
       0
       0
       0
       0
       1
       0
       1
       0
       2
       0
       1
       0
       0
       1
       1
       1
       0
       0
       1
       0
       0
       2
       0
       0
       0
       0
       0
       1
       1
       0
       0
       0
       1
       0
       0
       0
       0
       0
       0
       0
       2
       2
       0
       0
       1
       0
       0
       0
       1
       1
       1
       1
       0
       0
       1
       1
       1
       0
       1
       1
       1
       1
       0
       2
       1
       0
       0
       0
       1
       1
       0
       0
       0
       0
       0
       1
       0
       0
       0
       0
       0
       0
       2
       0
       0
       0
       1
       0
       0
       3
       1
       1
       0
       0
       1
       0
       0
       2
       1
       1
       0
       0
       1
       1
       0
       0
       0
       0
       0
       0
       2
       1
       2
       1
       0
       0
       0
       0
       1
       1
       1
       0
       1
       1
       0
       1
       1
       0
       2
       0
       1
       2
       0
       0
       0
       0
       0
       1
       0
       1
       0
       0
       0
       3
       0
       0
       2
       0
       1
       0
       0
       1
       1
       1
       1
       2
       1
       0
       1
       1
       2
       0
       1
       0
       0
       1
       0
       0
       0
       0
       2
       1
       1
       0
       0
       0
       0
       0
       0
       1
       1
       0
       0
       2
       0
       0
       3
       1
       0
       0
       1
       1
       1
       0
       1
       0
       0
       2
       0
       1
       0
       0
       0
       0
       0
       1
       1
       2
       1
       1
       1
       1
       0
       0
       0
       1
       0
       0
       0
       0
       0
       3
       4
       1
       0
       1
       0
       0
       0
       0
       2
       1
       0
       0
       0
       0
       0
       1
       0
       0
       1
       0
       0
       0
       0
       2
       1
       1
       0
       1
       0
       0
       0
       0
       0
       2
       0
       1
       1
       0
       0
       0
       0
       1
       2
       2
       0
       0
       0
       0
       1
       0
       1
       0
       1
       0
       0
       1
       0
       0
       0
       0
       1
       0
       0
       0
       0
       0
       2
       1
       1
       2
       3
       1
       2
       0
       0
       1
       0
       0
       0
       0
       1
       2
       0
       0
       1
       0
       1
       1
       1
       0
       1
       2
       0
       0
       2
       0
       1
       0
       1
       2
       0
       2
       0
       2
       0
       0
       0
       0
       1
       0
       0
       1
       1
       0
       0
       0
       3
       0
       0
       0
       0
       3
       1
       1
       1
       2
       2
       0
       3
       0
       0
       0
       1
       2
       0
       0
       0
       2
       0
       1
       1
       1
       0
       1
       0
       1
       0
       2
       0
       3
       0
       0
       0
       0
       2
       0
       1
       1
       0
       0
       0
       1
       2
       2
       0
       3
       0
       0
       0
       1
       0
       0
       3
       0
       1
       0
       1
       1
       0
       0
       0
       0
       2
       0
       0
       1
       0
       0
       0
       1
       3
       0
       1
       0
       0
       2
       1
       0
       0
       0
       1
       0
       1
       1
       1
       1
       0
       1
       0
       1
       0
       0
       0
       0
       0
       0
       0
       0
       0
       0
       0
       0
       0
       0
       1
       0
       0
       2
       1
       0
       0
       0
       0
       1
       1
       1
       1
       1
       1
       1
       0
       5
       1
       0
       2
       0
       0
       0
       0
       1
       0
       0
       0
       0
       0
       2
       0
       0
       1
       0
       1
       0
       1
       1
       0
       2
       0
       0
       0
       1
       0
       2
       0
       1
       1
       1
       0
       0
       0
       0
       0
       1
       1
       0
       1
       0
       0
       1
       0
       2
       2
       1
       1
       0
       0
       2
       3
       0
       1
       2
       2
       1
       0
       1
       0
       2
       1
       3
       0
       1
       0
       0
       0
       1
       2
       1
       1
       1
       0
       3
       1
       0
       0
       1
       0
       0
       0
       1
       1
       0
       1
       2
       1
       1
       0
       2
       1
       0
       0
       0
       0
       2
       2
       1
       2
       1
       1
       1
       2
       0
       0
       3
       0
       2
       0
       2
       0
       0
       2
       0
       0
       2
       0
       1
       2
       0
       0
       0
       0
       2
       0
       2
       2
       0
       1
       1
       0
       1
       1
       1
       0
       0
       1
       0
       1
       1
       1
       0
       0
       0
       0
       0
       1
       0
       2
       0
       0
       1
       2
       1
       1
       0
       0
       1
       0
       0
       2
       2
       1
       2
       0
       1
       0
       1
       1
       1
       2
       0
       0
       0
       1
       1
       0
       0
       1
       0
       0
       0
       0
       0
       1
       2
       1
       0
       1
       1
       2
       0
       0
       1
       1
       1
       0
       0
       1
       0
       0
       0
       2
       1
       1
       1
       1
       0
       1
       1
       2
       1
       3
       0
       1
       0
       2
       0
       1
       1
       0
       1
       1
       1
       0
       1
       0
       1
       0
       2
       0
       0
       1
       1
       0
       1
       1
       0
       0
       1
       0
       0
       2
       2
       0
       0
       0
       0
       0
       1
       0
       0
       0
       0
       0
       0
       0
       2
       1
       0
       2
       0
       1
       2
       0
       1
       0
       0
       1
       0
       1
       1
       1
       1
       1
       0
       0
       0
       1
       2
       1
       0
       0
       1
       0
       1
       0
       0
       1
       1
       0
       0
       0
       3
       0
       0
       1
       1
       2
       1
       0
       1
       1
       2
       0
       0
       0
       0
       0
       1
       0
       0
       1
       0
       0
       0
       2
       2
       0
       0
       0
       3
       1
       0
       0
       0
       0
       1
       3
       1
       0
       1
       0
       1
       1
       1
       1
       0
       0
       0
       1
       0
       2
       1
       1
       0
       1
       1
       0
       0
       0
       1
       0
       1
       1
       0
       2
       0
       0
       0
       1
       1
       2
       1
       1
       1
       0
       0
       1
       1
       0
       1
       0
       2
       0
       0
       0
       2
       0
       1
       1
       1
       0
       0
       0
       1
       1
       0
       1
       1
       1
       2
       1
       0
       1
       1
       0
       1
       1
       1
       0
       1
       6
       1
       5
       2
       1
       1
       5
       3
       1
       4
       2
       6
       5
       5
       3
       5
       3
       4
       6
       3
       4
       4
       1
       1
       0
       0
       0
       2
       2
       0
       1
       0
       1
       0
       0
       0
       1
       3
       1
       1
       1
       0
       1
       1
       1
       1
       0
       0
       0
       1
       1
       1
       1
       0
       0
       0
       1
       1
       1
       2
       2
       0
       0
       0
       0
       1
       1
       0
       0
       1
       2
       0
       0
       0
       0
       0
       0
       0
       1
       1
       1
       1
       0
       1
       0
       2
       0
       3
       1
       1
       0
       0
       0
       0
       0
       0
       1
       0
       0
       0
       1
       0
       1
       0
       1
       1
       0
       1
       1
       0
       0
       2
       0
       0
       0
       1
       0
       1
       2
       0
       1
       2
       1
       1
       0
       0
       0
       0
       2
       0
       1
       1
       0
       0
       1
       1
       1
       0
       0
       0
       0
       0
       2
       1
       0
       1
       1
       0
       0
       0
       0
       0
       0
       0
       1
       0
       0
       1
       0
       1
       2
       0
       1
       0
       1
       0
       0
       1
       0
       1
       2
       3
       0
       3
       0
       1
       1
       1
       0
       0
       2
       0
       0
       0
       3
       1
       0
       0
       1
       1
       1
       1
       0
       0
       1
       0
       2
       1
       0
       0
       1
       1
       0
       0
       1
       0
       1
       0
       0
       0
       0
       0
       1
       1
       0
       0
       1
       2
       0
       1
       1
       0
       0
       0
       0
       1
       0
       1
       0
       0
       0
       0
       0
       2
       0
       0
       0
       1
       0
       0
       0
       0
       1
       0
       0
       2
       1
       1
       0
       0
       1
       1
       1
       3
       0
       1
       0
       0
       1
       2
       1
       0
       2
       1
       0
       0
       0
       1
       0
       1
       0
       0
       0
       0
       2
       0
       0
       2
       0
       2
       0
       2
       0
       0
       0
       0
       1
       0
       1
       0
       0
       0
       0
       1
       0
       1
       0
       1
       0
       1
       0
       3
       0
       0
       0
       1
       0
       0
       1
       0
       0
       0
       0
       2
       0
       0
       0
       0
       0
       0
       0
       0
       1
       1
       0
       0
       0
       0
       1
       0
       0
       0
       1
       1
       1
       0
       0
       0
       1
       0
       1
       0
       2
       0
       0
       0
       0
       0
       0
       1
       0
       1
       0
       0
       0
       0
       0
       0
       0
       1
       1
       0
       0
       1
       0
       1
       0
       1
       0
       0
       1
       0
       0
       0
       0
       1
       0
       0
       0
       0
       1
       2
       0
       0
       0
       0
       2
       2
       0
       0
       0
       0
       0
       1
       1
       0
       0
       0
       1
       0
       0
       1
       1
       2
       0
       0
       2
       1
       1
       1
       0
       0
       0
       1
       0
       0
       1
       0
       2
       1
       1
       1
       0
       0
       0
       0
       0
       0
       2
       2
       1
       0
       1
       1
       0
       0
       0
       0
       0
       1
       0
       1
       0
       0
       0
       0
       2
       0
       1
       0
       0
       0
       0
       0
       1
       1
       1
       1
       1
       1
       0
       1
       0
       1
       0
       0
       0
       1
       1
       0
       0
       0
       0
       0
       1
       0
       0
       0
       1
       0
       0
       0
       1
       0
       0
       0
       0
       0
       0
       0
       1
       1
       2
       0
       1
       0
       1
       1
       0
       0
       0
       0
       0
       0
       0
       1
       0
       0
       0
       1
       0
       0
       1
       0
       2
       1
       0
       1
       0
       0
       0
       1
       0
       0
       1
       0
       0
       0
       0
       1
       2
       0
       1
       0
       0
       1
       3
       0
       0
       0
       1
       0
       0
       0
       0
       1
       0
       0
       0
       2
       0
       0
       0
       0
       0
       0
       0
       0
       0
       0
       0
       1
       0
       0
       1
       0
       0
       0
       0
       0
       0
       0
       0
       0
       0
       0
       0
       1
       0
       0
       1
       1
       0
       0
       1
       0
       0
       0
       0
       0
       1
       0
       1
       0
       1
       0
       0
       0
       1
       0
       0
       0
       0
       0
       1
       1
       0
       0
       0
       1
       0
       1
       0
       0
       1
       0
       0
       0
       0
       1
       1
       0
       0
       0
       0
       0
       0
       0
       0
       1
       0
       0
       0
       1
       1
       0
       1
       1
       1
       1
       0
       0
       1
       0
       0
       0
       0
       1
       0
       0
       0
       0
       1
       0
       0
       0
       0
       0
       2
       0
       0
       0
       1
       0
       0
       1
       0
       0
       1
       0
       0
       1
       0
       0
       0
       1
       0
       1
       0
       1
       0
       0
       0
       0
       0
       0
       0
       0
       0
       0
       0
       1
       0
       1
       0
       0
       2
       0
       0
       0
       0
       0
       0
       0
       0
       0
       0
       0
       0
       0
       0
       0
       0
       0
       0
       0
       0
       1
       0
       0
       0
       0
       0
       0
       0
       0
       3
       0
       0
       1
       0
       0
       0
       1
       0
       0
       0
       0
       0
       0
       0
       1
       0
       1
       0
       0
       0
       0
       0
       0
       0
       0
       1
       2
       1
       1
       0
       0
       1
       0
       0
       0
       0
       0
       0
       0
       0
       1
       0
       1
       0
       0
       1
       0
       0
       0
       0
       1
       0
       0
       0
       0
       0
       1
       0
       0
       1
       0
       0
       0
       0
       0
       0
       0
       1
       0
       0
       0
       0
       0
       1
       0
       0
       1
       0
       0
       0
       1
       0
       1
       0
       1
       0
       0
       0
       1
       0
       0
       1
       1
       0
       0
       0
       0
       1
       0
       1
       0
       1
       0
       0
       1
       0
       0
       0
       0
       2
       0
       0
       0
       0
       0
       1
       0
       0
       0
       0
       0
       0
       0
       0
       0
       0
       0
       0
       0
       0
       0
       0
       0
       1
       0
       0
       0
       0
       0
       0
       1
       0
       0
       0
       0
       0
       0
       0
       0
       0
       0
       1
       0
       1
       0
       0
       0
       2
       0
       0
       1
       1
       0
       0
       0
       0
       0
       1
       1
       0
       0
       0
       0
       0
       0
       1
       0
       0
       1
       0
       1
       0
       0
       1
       0
       0
       0
       0
       0
       0
       0
       0
       2
       0
       0
       0
       0
       0
       0
       0
       1
       2
       0
       0
       0
       0
       1
       0
       1
       1
       0
       0
       1
       0
       1
       0
       0
       0
       0
       0
       1
       1
       1
       3
       0
       0
       1
       0
       1
       1
       2
       2
       3
       0
       5
       4
       3
       2
       6
       7
       5
       5
       7
      12
      10
      13
       3
      12
       9
       4
       7
       5
       4
       4
       3
       7
       4
       3
       2
       2
       0
       0
       0
       1
       0
       1
       0
       0
       0
       0
       0
       0
       1
       0
       0
       0
       0
       0
       0
       1
       0
       0
       0
       0
       0
       0
       0
       0
       0
       1
       1
       0
       0
       0
       0
       0
       0
       0
       1
       0
       0
       0
       0
       0
       0
       1
       0
       0
       0
       0
       0
       0
       1
       1
       0
       0
       0
       1
       0
       0
       0
       0
       0
       0
       0
       0
       0
       0
       0
       0
       0
       0
       0
       0
       0
       0
       0
       0
       0
       0
       0
       0
       0
       0
       0
       0
       0
       0
       0
       0
       0
       0
       0
       0
       0
       0
       0
       0
       0
       0
       0
       0
       0
       0
       0
       0
       0
       0
       0
       0
       0
       0
       0
       0
       0
       0
       0
       0
       0
       0
       0
       0
       0
       0
       0
       0
       0
       0
       0
       0
       0
       0
       0
       0
       0
       0
       0
       0
       0
       0
       0
       0
       0
       0
       0
       0
       0
       0
       0
       0
       0
       0
       0
       0
       0
       0
       0
       0
       0
       0
       0
       0
       0
       0
       0
       0
       0
       0
       0
       0
       0
       0
       0
       0
       0
       0
       0
       0
       0
       0
       0
       0
       0
       0
       0
       0
       0
       0
       0
       0
       0
       0
       0
       0
       0
       0
       0
       0
       0
       0
       0
       0
       0
       0
       0
       0
       0
       0
       0
       0
       0
       0
       0
       0
       0
       0
       0
       0
       0
       0
       0
       0
       0
       0
       0
       0
       0
       0
       0
       0
       0
       0
       0
       0
       0
       0
       0
       0
       0
       0
       0
       0
       0
       0
       0
       0
       0
       0
       0
       0
       0
       0
       0
       0
       0
       0
       0
       0
       0
       0
       0
       0
       0
       0
       0
       0
       0
       0
       0
       0
       0
       0
       0
       0
       0
       0
       0
       0
       0
       0
       0
       0
       0
       0
       0
       0
       0
       0
       0
       0
       0
       0
       0
       0
       0
       0
       0
       0
       0
       0
       0
       0
       0
       0
       0
       0
       0
       0
       0
       0
       0
       0
       0
       0
       0
       0
       0
       0
       0
       0
       0
       0
       0
       0
       0
       0
       0
       0
       0
       0
       0
       0
       0
       0
       0
       0
       0
$ROI:
11
583 647
961 1022
1579 1617
1945 1972
2543 2573
3149 3192
3710 3760
4621 4695
5562 5597
6799 6831
13202 13243
$PRESETS:
None
0
0
$ENER_FIT:
0.397847 0.199192
$MCA_CAL:
3
3.978472E-001 1.991916E-001 0.000000E+000 keV
$SHAPE_CAL:
3
5.030225E+000 9.745300E-004 0.000000E+000
