$SPEC_ID:
No sample description was entered.
$SPEC_REM:
DET# 1
DETDESC# DESKTOP-9VUPE7E Model 927 SN 7115241 Input 1
AP# Maestro Version 7.01
$DATE_MEA:
12/12/2025 12:47:10
$MEAS_TIM:
1466 1496
$DATA:
0 16383
       0
       0
       0
       0
       0
       0
       0
       0
       0
       0
       0
       0
       0
       0
       0
       0
       0
       0
       0
       0
       0
       0
       0
       0
       0
       0
       0
       0
       0
       0
       0
       0
       0
       0
       0
       0
       0
       0
       0
       0
       0
       0
       0
       0
       0
       0
       0
       0
       0
       0
       0
       0
       0
       0
       0
       0
       0
       0
       0
       0
       0
       0
       0
       0
       0
       0
       0
       0
       0
       0
       0
       0
       0
       0
       0
       0
       0
       0
       0
       0
       0
       0
       0
       0
       0
       0
       0
       0
       0
       0
       0
       0
       0
       0
       0
       0
       0
       0
       0
       0
       0
       0
       0
       0
       0
       0
       0
       0
       0
       0
       0
       0
       0
       0
       0
       0
       0
       0
       0
       0
       0
       0
       0
       0
       0
       0
       0
       0
       0
       0
       0
       0
       0
       0
       0
       0
       0
       0
       0
       0
       0
       0
       0
       0
       0
       0
       0
       0
       0
       0
       0
       0
       0
       0
       0
       0
       0
       0
       0
       0
       0
       0
       0
       0
       0
       0
       0
       0
       0
       0
       0
       0
       0
       0
       0
       0
       0
       0
       0
       0
       0
       0
       0
       0
       0
       0
       0
       0
       0
       0
       0
       0
       0
       0
       0
       0
       0
       0
       0
       0
       0
       0
       0
       0
       0
       0
       0
       0
       0
       0
       0
       0
       0
       0
       0
       0
       0
       0
       0
       0
       0
       0
       0
       0
       0
       0
       0
       0
       0
       0
       0
       0
       0
       0
       0
       0
       0
       0
       0
       0
       0
       0
       0
       0
       0
       0
       0
       0
       0
       0
       0
       0
       0
       0
       0
       0
       0
       0
       0
       0
       0
       0
       0
       0
       0
       0
       0
       0
       0
       0
       0
       0
       0
       0
       0
       0
       0
       0
       0
       0
       0
       0
       0
       0
       0
       0
       0
       0
       0
       0
       0
       0
       0
       0
       0
       0
       0
       0
       0
       0
       0
       0
       0
       0
       0
       0
       0
       0
       0
       0
       0
       0
       0
       0
       0
       0
       0
       0
       0
       0
       0
       0
       0
       0
       0
       0
       0
       0
       0
       0
       0
       0
       0
       0
       0
       0
       0
       0
       0
       0
       0
       0
       0
       0
       0
       0
       0
       0
       0
       0
       0
       0
       0
       0
       0
       0
       0
       0
       0
       0
       0
       0
       0
       0
       0
       0
       0
       0
       0
       0
       0
       0
       0
       0
       0
       0
       0
       0
       0
       0
       0
       0
       0
       0
       0
       0
       0
       0
       0
       0
       0
       0
       0
       0
       0
       0
       0
       0
       0
      11
      63
     129
     148
     172
     164
     147
     168
     143
     153
     153
     168
     179
     163
     161
     174
     163
     160
     167
     177
     184
     186
     176
     175
     196
     166
     191
     225
     179
     188
     196
     193
     196
     195
     205
     207
     220
     208
     205
     219
     212
     200
     198
     233
     222
     179
     227
     209
     207
     206
     211
     214
     214
     195
     187
     195
     203
     188
     197
     202
     208
     196
     188
     202
     213
     201
     208
     182
     214
     192
     179
     188
     190
     171
     171
     181
     157
     190
     184
     201
     177
     185
     162
     197
     198
     184
     151
     184
     144
     192
     156
     156
     177
     188
     176
     181
     175
     156
     175
     161
     171
     163
     167
     181
     167
     181
     169
     187
     175
     177
     178
     197
     174
     167
     166
     191
     169
     159
     185
     179
     179
     166
     160
     194
     166
     174
     194
     171
     208
     201
     184
     197
     187
     179
     175
     204
     168
     187
     167
     185
     176
     166
     191
     183
     182
     178
     167
     190
     174
     194
     196
     220
     191
     213
     221
     198
     202
     214
     212
     194
     191
     217
     191
     191
     219
     199
     220
     172
     188
     243
     195
     195
     218
     231
     227
     206
     192
     219
     251
     214
     206
     215
     211
     214
     217
     224
     234
     258
     236
     238
     230
     216
     212
     222
     230
     233
     230
     235
     205
     246
     262
     335
     480
     674
    1114
    1650
    2197
    2492
    2485
    2164
    1750
    1226
     726
     447
     338
     210
     220
     182
     176
     193
     188
     184
     178
     197
     194
     170
     189
     185
     186
     193
     215
     204
     167
     190
     201
     186
     170
     200
     204
     195
     192
     195
     188
     172
     220
     188
     204
     193
     199
     212
     200
     194
     173
     216
     202
     194
     215
     199
     220
     222
     203
     217
     196
     193
     205
     190
     198
     216
     223
     205
     185
     229
     230
     213
     237
     209
     202
     207
     205
     217
     182
     230
     203
     232
     232
     210
     229
     204
     211
     222
     208
     195
     213
     206
     214
     199
     194
     209
     229
     221
     229
     227
     236
     233
     208
     213
     242
     225
     208
     216
     212
     251
     206
     197
     223
     223
     197
     231
     204
     238
     227
     235
     239
     203
     225
     221
     208
     205
     232
     209
     227
     238
     228
     221
     229
     200
     232
     222
     211
     218
     224
     214
     217
     218
     205
     233
     217
     178
     188
     239
     219
     224
     215
     215
     221
     190
     213
     229
     207
     217
     210
     235
     207
     224
     206
     216
     229
     202
     198
     196
     232
     205
     213
     191
     263
     206
     208
     231
     212
     206
     209
     207
     198
     211
     239
     235
     221
     225
     209
     172
     185
     208
     211
     197
     201
     221
     178
     220
     227
     194
     211
     235
     194
     205
     231
     211
     217
     206
     238
     190
     196
     226
     197
     217
     192
     210
     217
     217
     185
     191
     196
     210
     202
     206
     231
     219
     193
     191
     183
     198
     174
     207
     192
     200
     223
     220
     190
     214
     186
     197
     203
     229
     212
     181
     221
     209
     206
     211
     202
     191
     199
     195
     211
     216
     218
     206
     216
     213
     194
     185
     188
     227
     195
     235
     201
     209
     184
     208
     198
     219
     205
     204
     202
     203
     202
     223
     219
     199
     215
     220
     189
     210
     211
     233
     225
     209
     223
     201
     187
     208
     226
     196
     202
     208
     212
     213
     174
     205
     200
     211
     198
     203
     219
     204
     217
     199
     188
     221
     217
     209
     205
     221
     223
     188
     224
     215
     204
     209
     204
     193
     221
     185
     192
     211
     231
     211
     213
     208
     217
     196
     215
     222
     211
     197
     203
     221
     254
     229
     206
     220
     177
     248
     181
     198
     202
     215
     205
     254
     205
     227
     210
     231
     216
     216
     205
     215
     207
     209
     230
     209
     235
     218
     204
     229
     209
     236
     181
     201
     200
     209
     223
     199
     235
     209
     222
     221
     208
     233
     211
     222
     222
     310
     351
     517
     950
    1481
    2283
    3077
    3659
    3784
    3441
    2771
    2018
    1295
     749
     442
     269
     194
     174
     183
     177
     168
     184
     167
     152
     161
     161
     174
     160
     147
     154
     166
     163
     159
     164
     161
     190
     173
     171
     174
     153
     146
     183
     161
     162
     171
     170
     191
     152
     154
     155
     157
     169
     176
     184
     159
     146
     146
     176
     151
     161
     147
     148
     171
     193
     160
     173
     147
     198
     179
     161
     162
     167
     159
     136
     145
     156
     160
     155
     155
     144
     168
     157
     154
     152
     158
     179
     165
     176
     161
     156
     153
     151
     158
     171
     144
     180
     166
     182
     142
     164
     122
     166
     170
     171
     165
     158
     145
     180
     160
     152
     144
     146
     163
     147
     147
     145
     151
     143
     150
     152
     147
     168
     151
     159
     182
     133
     140
     168
     158
     155
     162
     159
     165
     162
     142
     165
     165
     175
     163
     181
     144
     158
     162
     145
     150
     151
     147
     143
     150
     143
     158
     163
     162
     163
     156
     140
     144
     156
     145
     140
     166
     146
     159
     171
     153
     165
     124
     134
     171
     146
     151
     166
     159
     158
     206
     152
     144
     149
     165
     160
     166
     139
     148
     174
     168
     175
     189
     149
     144
     152
     169
     157
     170
     149
     155
     180
     140
     171
     160
     154
     146
     163
     165
     137
     155
     165
     148
     167
     149
     164
     166
     146
     159
     168
     163
     182
     188
     155
     175
     159
     154
     134
     163
     181
     148
     192
     169
     163
     173
     167
     208
     182
     164
     159
     171
     169
     153
     150
     143
     170
     170
     156
     158
     153
     171
     159
     153
     166
     176
     177
     153
     142
     160
     138
     153
     138
     153
     151
     150
     169
     147
     137
     139
     149
     164
     156
     147
     157
     163
     161
     162
     155
     143
     169
     177
     163
     152
     148
     163
     160
     172
     180
     171
     151
     162
     146
     153
     161
     159
     158
     176
     167
     145
     138
     140
     161
     115
     162
     131
     134
     147
     158
     144
     148
     156
     151
     167
     167
     158
     123
     155
     180
     158
     132
     128
     158
     165
     166
     159
     159
     171
     148
     140
     156
     136
     139
     134
     125
     143
     162
     131
     157
     134
     148
     146
     141
     145
     141
     156
     136
     128
     142
     130
     150
     141
     139
     143
     144
     155
     148
     141
     145
     153
     139
     140
     154
     154
     134
     143
     135
     133
     130
     131
     140
     146
     141
     133
     131
     162
     151
     146
     138
     147
     147
     136
     147
     173
     151
     136
     156
     153
     137
     158
     125
     133
     154
     138
     130
     144
     144
     138
     149
     128
     126
     173
     133
     141
     114
     131
     148
     126
     143
     159
     146
     148
     135
     144
     165
     158
     143
     173
     159
     140
     154
     136
     164
     156
     146
     132
     123
     119
     118
     144
     144
     141
     135
     147
     125
     142
     134
     137
     143
     141
     132
     119
     138
     150
     124
     153
     137
     126
     141
     128
     124
     131
     144
     126
     151
     129
     145
     130
     110
     139
     130
     138
     131
     152
     135
     122
     121
     149
     120
     124
     134
     123
     140
     138
     125
     149
     120
     141
     127
     130
     123
     129
     136
     116
     118
     130
     139
     115
     121
     142
     116
     138
     113
     138
     142
     119
     137
     136
     131
     130
     120
     158
     119
     128
     126
     134
     139
     161
     132
     125
     126
     125
     123
     148
     131
     127
      98
     118
     139
     120
     114
     135
     136
     111
     141
     116
     128
     146
     138
     130
     117
     128
     135
     140
     136
     136
     114
     125
     128
     147
     135
     129
     133
     143
     114
     136
     131
     127
     122
     116
     137
     123
     107
     123
     138
     105
     143
     114
     117
     121
     127
     125
     128
     135
     126
     121
     117
     126
     120
     122
     113
     104
     128
     110
     117
     120
     114
     111
     149
     106
     123
     152
     124
     143
     134
     111
     152
     146
     128
     118
     144
     121
     121
     131
     122
     109
     106
     130
     119
     130
     108
     115
     117
     135
     116
     128
     122
      92
     109
      87
     111
     121
     114
     121
     106
     109
     102
     106
     106
     111
     123
     126
     110
     112
     133
     129
     115
     152
     118
     124
     133
     118
     127
     133
     130
     121
     105
     121
     120
     115
     112
     111
     125
     124
     123
     120
     130
     111
     116
     121
     117
     101
      99
     114
     137
     115
     116
     117
     116
     118
     108
     115
     117
     136
     112
     132
     111
     128
     130
     112
     108
     107
     132
     126
     146
      97
     117
     132
     120
     109
     116
     101
     114
     106
     101
     114
     101
     106
      92
     104
     118
     105
      80
     124
     125
      84
     120
      98
     100
     113
     116
     100
      99
     100
     102
      99
     112
      88
      97
      97
      92
     130
     118
     101
     114
     105
     102
     108
     113
     100
      98
     116
     121
     110
     110
     113
     129
      93
     110
      84
     120
     107
     103
     122
      86
     111
     101
     111
     115
     110
      99
     102
     114
     108
      82
      92
      95
     107
      91
     103
     118
     109
     108
     109
     104
     105
     101
     100
      93
      98
      98
      94
      95
      93
     102
     116
     101
      86
     106
     104
     110
     104
     106
     114
      90
     100
      93
     108
     115
     108
     111
     110
      97
     109
     108
      80
     110
     109
     120
     103
     109
     110
     111
     123
      75
     107
     101
     103
     100
     100
     109
     109
     114
     100
      90
      89
     104
      78
      84
      88
      82
      98
      77
      98
      99
     109
      95
     112
      99
      97
     108
      92
      80
      85
      86
      97
      85
      96
     105
      89
      96
      99
     100
     106
     107
     108
      89
     101
     105
      91
     100
      78
      90
     103
     106
     102
      91
      95
      89
     101
      88
      88
     111
      96
      96
      98
     100
      91
      88
      96
      78
     101
      96
     114
      95
     107
      75
      82
     101
      99
      85
      91
     108
     100
      92
     111
      87
     102
      87
      88
      96
      79
      76
     101
     121
      95
      85
      99
      94
      84
      78
     108
      95
     119
      92
     105
      88
      81
     106
     108
      88
      85
      85
      76
      95
      91
      82
      73
      89
      86
      91
     113
     104
      93
      83
     103
      90
     104
      93
      83
      89
      95
      90
      93
      84
      87
      76
      95
      79
      82
      87
      75
      81
      80
      65
     103
      78
      83
      87
      76
      69
      83
      76
      94
      88
      97
      77
      89
      93
      81
      87
      86
      85
      91
      82
      91
      89
      78
      89
      75
      75
     110
      67
      65
      97
      80
      73
      83
      85
      85
      79
      77
      96
      83
      73
      80
      72
      95
      87
      86
      87
     101
      93
      80
      72
      79
      77
      86
      73
      73
      80
      87
      85
      71
      85
      88
      75
      85
      79
      81
      59
      66
      78
      84
      90
      93
      73
      77
      76
      77
      82
      80
      77
      70
      66
      83
      87
      89
      82
      70
      97
      68
      68
      89
      92
      72
      74
      82
      89
      79
      78
      78
      74
      72
      78
      73
      85
      87
      64
      76
      72
      69
      76
      76
      77
      76
      92
      75
      89
      77
      79
      77
      62
      65
      73
      78
      77
      70
      79
      64
      86
      83
      81
      83
      68
      78
      81
      77
      67
      80
      77
      67
      72
      68
      74
      80
      64
      79
      78
      67
      62
      70
      72
      78
      78
      93
      93
      73
      71
      71
      84
      75
      83
      96
     106
     105
     162
     201
     208
     316
     346
     279
     286
     236
     209
     149
     127
     111
      86
      78
      68
      67
      88
      68
      76
      71
      82
      58
      68
      70
      67
      83
      77
      79
      59
      60
      78
      72
      75
      64
      81
      66
      78
      76
      73
      62
      83
      70
      65
      71
      70
      74
      68
      74
      63
      68
      82
      61
      68
      62
      93
      76
      89
      70
      74
      75
      80
      66
      72
      78
      54
      65
      84
      78
      68
      68
      80
      66
      75
      69
      83
      78
      71
      72
      71
      55
      77
      83
      77
      68
      81
      86
      82
     101
      74
      72
      82
      72
      81
      88
      66
      90
     107
     108
      96
     101
     103
      99
      84
      77
      73
      84
      66
      57
      74
      84
      68
      61
      48
      60
      65
      78
      81
      60
      63
      57
      59
      66
      69
      66
      56
      58
      54
      72
      71
      85
      74
      72
      56
      77
      67
      68
      64
      63
      74
      83
      70
      47
      68
      72
      57
      71
      65
      74
      55
      60
      54
      62
      77
      82
      67
      56
      54
      74
      62
      69
      62
      72
      59
      68
      71
      66
      62
      59
      87
      72
      68
      92
      56
      69
      60
      68
      72
      76
      58
      65
      64
      76
      67
      53
      60
      69
      74
      78
      72
      68
      65
      65
      61
      74
      60
      64
      45
      61
      69
      65
      52
      66
      59
      67
      61
      57
      56
      78
      53
      61
      67
      71
      57
      58
      74
      70
      65
      61
      56
      75
      71
      50
      74
      52
      57
      61
      68
      63
      59
      67
      79
      73
      67
      70
      61
      64
      61
      49
      70
      59
      64
      49
      61
      53
      51
      58
      63
      55
      52
      86
      60
      76
      66
      65
      68
      59
      72
      62
      71
      57
      56
      63
      46
      51
      58
      53
      65
      67
      61
      67
      57
      65
      57
      51
      72
      52
      60
      64
      54
      69
      58
      46
      61
      56
      47
      52
      64
      55
      61
      53
      59
      65
      68
      63
      74
      61
      55
      57
      49
      57
      58
      64
      42
      61
      76
      49
      53
      45
      48
      60
      56
      58
      81
      76
      68
      85
      80
     120
     117
     108
     125
     102
     100
      81
      91
      73
      57
      61
      62
      43
      63
      47
      55
      49
      69
      72
      52
      67
      67
      63
      70
      60
      52
      52
      50
      39
      55
      54
      50
      58
      55
      70
      60
      52
      48
      54
      60
      53
      53
      69
      48
      62
      62
      49
      67
      59
      65
      58
      58
      51
      53
      53
      50
      49
      51
      58
      52
      40
      56
      52
      49
      42
      64
      44
      73
      52
      55
      50
      40
      51
      42
      45
      62
      49
      46
      46
      60
      55
      46
      52
      57
      54
      44
      52
      55
      63
      53
      79
      58
      56
      60
      70
      45
      63
      46
      55
      64
      45
      44
      54
      58
      58
      55
      54
      57
      55
      63
      49
      58
      54
      44
      53
      57
      56
      45
      49
      44
      59
      60
      54
      61
      65
      62
      54
      63
      54
      46
      59
      41
      39
      55
      57
      42
      42
      50
      63
      42
      50
      54
      49
      66
      50
      66
      53
      59
      57
      63
      61
      61
      56
      87
      74
      72
      66
      65
      68
      74
      81
     101
      87
     111
     143
     119
     194
     173
     207
     203
     235
     242
     251
     250
     269
     264
     270
     206
     189
     165
     172
     148
     122
     109
      82
      93
      73
      66
      46
      65
      58
      63
      49
      49
      51
      56
      47
      55
      41
      54
      52
      46
      47
      58
      64
      55
      63
      53
      56
      59
      44
      49
      44
      38
      55
      46
      48
      46
      48
      56
      54
      50
      44
      49
      26
      37
      49
      49
      53
      42
      53
      50
      47
      50
      46
      38
      38
      60
      50
      45
      44
      41
      55
      44
      43
      51
      42
      41
      42
      44
      47
      50
      39
      48
      52
      41
      43
      36
      44
      51
      42
      50
      36
      29
      47
      49
      43
      50
      49
      50
      36
      51
      43
      43
      52
      48
      53
      55
      42
      51
      58
      49
      50
      43
      51
      45
      54
      46
      40
      51
      52
      42
      46
      53
      54
      42
      50
      50
      59
      37
      56
      55
      45
      45
      38
      49
      51
      35
      50
      55
      43
      43
      47
      35
      39
      38
      41
      48
      45
      56
      49
      42
      46
      48
      49
      55
      51
      46
      69
      62
      72
      77
      71
      59
      66
      37
      48
      38
      51
      40
      40
      38
      44
      39
      34
      31
      41
      50
      45
      48
      47
      37
      47
      53
      37
      45
      44
      52
      57
      49
      74
      66
     108
     148
     243
     389
     518
     699
     875
     924
     968
     883
     803
     626
     453
     310
     179
     134
      83
      81
     106
     121
     155
     180
     189
     201
     211
     164
     148
      97
      74
      59
      46
      49
      46
      49
      44
      35
      37
      31
      48
      40
      45
      39
      42
      40
      40
      50
      30
      38
      36
      37
      35
      41
      39
      33
      38
      46
      25
      42
      34
      47
      45
      44
      50
      35
      47
      30
      40
      37
      29
      34
      37
      38
      34
      37
      39
      36
      33
      28
      38
      48
      38
      50
      43
      40
      37
      38
      39
      46
      32
      46
      32
      38
      49
      41
      42
      37
      35
      36
      47
      32
      30
      32
      38
      47
      44
      32
      24
      42
      35
      40
      48
      60
      84
      93
      95
     101
     113
     120
     103
     107
      83
      75
      53
      52
      48
      56
      34
      40
      34
      34
      38
      43
      32
      44
      40
      41
      34
      42
      35
      35
      25
      42
      40
      36
      32
      50
      28
      36
      31
      37
      40
      47
      28
      37
      32
      44
      39
      43
      32
      47
      28
      38
      33
      38
      35
      35
      43
      34
      36
      34
      37
      53
      44
      46
      40
      52
      38
      44
      39
      34
      39
      42
      26
      36
      33
      36
      39
      34
      30
      34
      56
      42
      37
      44
      40
      28
      37
      41
      26
      21
      36
      39
      35
      39
      37
      36
      48
      33
      32
      26
      33
      32
      43
      28
      37
      30
      41
      28
      47
      36
      29
      40
      38
      35
      38
      36
      43
      37
      32
      34
      32
      43
      40
      37
      35
      46
      28
      40
      32
      34
      46
      39
      41
      39
      44
      32
      32
      48
      26
      30
      46
      39
      28
      39
      40
      62
      88
      71
     122
     181
     266
     366
     418
     484
     454
     447
     400
     327
     243
     168
     118
      87
      62
      41
      47
      32
      35
      39
      30
      32
      27
      31
      36
      29
      39
      30
      27
      39
      35
      30
      26
      31
      37
      31
      33
      35
      38
      33
      36
      38
      49
      35
      35
      42
      39
      45
      59
      77
      88
     107
     152
     194
     211
     217
     211
     182
     167
     123
      97
      58
      43
      40
      55
      30
      26
      43
      32
      33
      33
      26
      33
      32
      30
      34
      29
      38
      41
      34
      34
      35
      40
      57
      62
      82
      95
      92
     122
     120
     123
     100
      93
      75
      84
      51
      54
      55
      38
      32
      42
      34
      42
      37
      39
      25
      34
      36
      26
      38
      29
      37
      34
      34
      39
      29
      31
      36
      38
      31
      31
      23
      33
      27
      32
      34
      42
      34
      32
      37
      28
      25
      37
      33
      36
      42
      35
      38
      43
      48
      62
      86
     124
     154
     238
     367
     445
     555
     607
     574
     586
     512
     398
     277
     218
     123
      77
      67
      70
      70
      64
      91
     125
     155
     162
     162
     198
     225
     190
     201
     186
     155
     146
     116
      86
      68
      45
      41
      34
      29
      33
      33
      34
      41
      34
      29
      33
      21
      43
      29
      33
      28
      30
      30
      28
      33
      27
      35
      33
      26
      30
      22
      27
      34
      32
      21
      26
      27
      27
      30
      26
      38
      37
      27
      33
      31
      32
      29
      22
      36
      23
      27
      30
      29
      42
      23
      22
      39
      25
      24
      33
      34
      38
      24
      37
      27
      24
      35
      27
      36
      21
      21
      29
      27
      29
      22
      28
      26
      30
      34
      27
      23
      38
      31
      20
      27
      21
      29
      42
      34
      47
      49
      44
      68
      64
      91
     103
      91
      78
      86
      85
      72
      74
      54
      32
      30
      35
      28
      28
      23
      26
      39
      25
      29
      30
      22
      27
      25
      25
      24
      30
      28
      41
      25
      19
      28
      23
      25
      30
      23
      28
      21
      26
      29
      19
      23
      20
      23
      21
      28
      31
      25
      29
      24
      30
      22
      26
      27
      25
      28
      29
      33
      38
      52
      47
      51
      43
      55
      43
      35
      39
      26
      28
      31
      26
      27
      21
      29
      32
      25
      21
      31
      22
      19
      30
      25
      35
      24
      26
      26
      31
      25
      25
      26
      21
      37
      24
      21
      20
      34
      23
      37
      29
      17
      21
      25
      20
      16
      29
      36
      29
      32
      31
      23
      30
      28
      34
      47
      61
      89
     114
     172
     289
     388
     520
     610
     674
     672
     670
     573
     467
     369
     244
     150
      89
      55
      29
      30
      20
      26
      33
      23
      21
      32
      20
      21
      15
      11
      24
      28
      31
      25
      23
      30
      31
      33
      37
      39
      26
      35
      28
      28
      28
      29
      30
      24
      27
      18
      31
      26
      29
      29
      23
      18
      14
      32
      24
      30
      22
      26
      20
      27
      30
      27
      21
      24
      20
      18
      26
      28
      23
      22
      25
      22
      21
      29
      12
      21
      22
      19
      22
      21
      36
      29
      25
      22
      25
      19
      20
      28
      18
      20
      27
      13
      35
      41
      45
      61
      64
      83
     104
      96
      90
     113
     110
      84
      74
      58
      44
      40
      23
      26
      13
      29
      16
      12
      19
      31
      24
      21
      21
      20
      13
      18
      24
      25
      30
      18
      43
      39
      38
      42
      46
      34
      38
      45
      31
      36
      25
      36
      24
      26
      36
      29
      28
      31
      22
      20
      23
      23
      28
      29
      19
      19
      25
      20
      21
      20
      21
      24
       9
      19
      24
      20
      29
      32
      32
      27
      19
      18
      10
      20
      28
      21
      18
      20
      25
      21
      22
      21
      19
      21
      32
      28
      26
      26
      24
      20
      16
      26
      35
      29
      21
      31
      37
      42
      32
      30
      23
      37
      16
      22
      13
      29
      25
      19
      22
      19
      25
      19
      27
      19
      27
      10
      24
      24
      29
      30
      23
      27
      30
      28
      32
      20
      23
      18
      21
      16
      19
      24
      27
      18
      19
      28
      27
      30
      23
      29
      21
      27
      36
      35
      52
      45
      71
      89
      96
      83
     100
     116
      93
     102
      61
      41
      36
      24
      23
      27
      21
      26
      27
      18
      23
      15
      17
      22
      15
      22
      29
      25
      23
      23
      18
      19
      16
      18
      18
      15
      26
      19
      16
      23
      21
      20
      26
      25
      38
      19
      21
      19
      23
      21
      20
      16
      26
      27
      28
      24
      15
      16
      25
      20
      18
      21
      12
      17
      18
      19
      21
      15
      15
      22
      18
      16
      26
      28
      15
      25
      21
      26
      15
      25
      26
      26
      40
      44
      51
      59
      82
     127
      98
     122
      96
      83
      83
      53
      60
      29
      26
      19
      17
      20
      15
      24
      17
      22
      32
      37
      52
      54
     105
     117
     148
     185
     234
     243
     282
     268
     244
     169
     128
     103
      58
      52
      35
      33
      34
      33
      39
      26
      41
      32
      34
      30
      15
      22
      27
      16
      16
      20
      16
      18
      16
      25
      13
      18
      11
      23
      18
      23
      18
      14
      10
      16
      29
      23
      19
      18
      27
      13
      19
      19
      21
      20
      16
      20
      20
      23
      14
      14
      15
      11
      20
      14
      15
      24
      15
      21
      12
      27
      17
      18
      14
      21
      17
      29
      23
      15
      25
      20
      19
      23
      12
      12
      13
      16
      17
      23
      19
      18
      27
      25
      26
      30
      25
      26
      21
      26
      21
      11
      23
      22
      15
      19
      18
      16
      15
      25
      17
      14
      15
      19
      16
      18
      25
      13
      13
      17
      13
      25
      14
      14
      15
      18
      19
      16
      23
      13
      12
      12
      12
      22
      19
      23
      18
      11
      17
      18
      18
      19
      11
      12
      13
      12
      16
      16
      19
      16
      18
      17
      13
      27
      25
      19
      16
      14
      25
      16
      23
      15
      23
      19
      19
      12
      17
      17
      19
      15
      21
      14
      18
      11
      16
       8
      15
      14
      14
      14
      17
      17
      18
      12
      23
      20
      15
      15
      25
      19
      10
      12
       7
      25
       9
      19
      17
      22
      17
      15
      15
      20
      10
      12
      17
       8
      16
      16
      33
      16
      19
      20
      15
      13
      23
      10
      21
      16
      13
      18
      11
      16
      19
      19
      12
       8
      14
      14
      15
      20
      27
      23
      18
      16
      12
      18
      20
      19
      13
      24
      16
      14
      15
      14
      20
      20
      13
      11
      17
      24
      19
      17
       9
      16
      21
      14
      21
      28
      52
      59
      95
     126
     179
     240
     262
     316
     281
     295
     268
     228
     157
     118
      82
      65
      37
      24
      19
      15
      11
      16
      13
      19
      16
      15
      12
      16
      16
      17
      17
      22
      13
      16
      19
      12
      19
      16
      18
      12
      13
      20
      15
      10
      18
      13
      23
      14
      17
      12
      25
      13
      14
      16
      28
      14
      28
      19
      21
      25
      23
      17
      22
      16
      18
      21
      24
      20
      14
      15
      17
      14
      15
      12
      19
      11
      17
      14
      12
      20
      15
      16
      11
      13
      21
      18
      14
      16
      13
      12
      12
      15
      16
       9
      16
      11
      18
      13
      17
      10
      18
      10
      15
      18
      14
      11
      13
      15
      16
      11
      18
      16
      16
      14
      18
      16
      10
      16
      12
      19
      12
      18
      14
      19
      12
      17
      13
      17
      12
      13
      27
       7
      20
      17
      20
      14
      13
      14
      15
      16
      12
      19
      15
      12
      20
      16
      15
      13
      13
       9
       5
      15
      21
      13
      15
      16
      11
      16
      16
      10
      18
      14
      11
      12
      10
      15
      10
      15
      11
       9
      12
       3
      12
      14
       8
      15
      16
      20
      12
      18
      20
      12
      18
      30
      29
      30
      39
      30
      32
      35
      43
      41
      29
      26
      28
      13
      19
      18
      16
      11
      13
      15
      11
      13
      10
      11
      20
      16
      12
      12
      16
      10
      18
      10
      11
      16
      14
      12
      14
      13
      17
      16
       7
      17
      15
      12
      15
      13
      20
      13
       7
      16
      13
      16
      14
      19
      17
      20
      22
      35
      53
      64
      94
     137
     198
     251
     288
     346
     361
     396
     371
     293
     248
     204
     155
      92
      47
      53
      32
      22
       9
      20
      12
      16
       9
      17
      11
      14
      13
       9
       8
      14
       9
      12
      15
      13
      10
      15
      14
      14
       7
      10
      16
      12
      19
       9
      10
      12
      13
      19
      22
      32
      35
      49
      65
      83
     119
     131
     155
     172
     151
     140
     137
      89
      66
      52
      56
      30
      27
      18
      14
      11
      15
      21
      15
      13
      13
      14
      15
       6
      11
      24
      12
      13
      16
      18
      17
      14
      14
      13
      14
      11
       6
      18
      16
       9
       9
      12
      10
      12
      12
      18
      21
      13
      11
      13
      11
      10
       6
       4
      17
       4
      23
      10
       8
      13
      10
      13
      11
      25
      34
      33
      37
      49
      57
      46
      49
      34
      33
      26
      20
      16
      17
      17
      16
      13
      12
      14
       8
      10
      12
       8
       6
      14
       8
      11
       5
      13
      12
      11
       8
      15
      11
      14
      19
       7
      12
      10
      12
      12
      14
      15
       9
      17
      22
      12
      12
      15
      19
      12
      19
      21
      15
      12
      16
      24
      13
      15
      14
       9
       9
      10
       8
      15
      14
       7
      11
       7
      13
      18
      10
       7
      14
      11
      10
      15
      15
      15
      11
      13
      14
       7
      12
      15
      14
      18
      11
       9
      17
       7
      13
      13
       8
       9
      11
      10
      11
      19
      12
      14
      15
      13
      13
      12
      18
      12
      13
       7
      12
      15
      16
      12
      13
      17
      21
      33
      44
      47
      98
     116
     130
     165
     194
     223
     206
     227
     175
     147
     144
     106
      66
      45
      27
      23
      13
      16
      17
      14
      12
      14
      14
       7
      10
      11
      13
       8
      14
       6
      18
      12
       8
      10
       9
      15
      13
      13
      14
      17
      19
      18
      17
      16
      15
       9
      11
      10
      13
      15
      11
       8
      12
      15
       9
       7
      11
      14
      12
      13
      16
      15
      10
      10
       5
      15
       8
      11
      10
      14
      10
       7
      12
      13
      10
       3
       9
       9
       8
       6
      14
      16
       8
      14
       9
       8
      14
       8
      16
      18
      14
      10
      17
      11
      12
      16
      16
      11
       4
      14
       9
       8
      15
       7
       8
       9
      19
      11
      13
      20
      21
      26
      20
      22
      16
      22
      19
      24
      18
      16
      20
       8
      13
      17
      13
      14
       7
      14
      12
      10
      10
      13
      13
       9
       8
       9
      12
       8
      13
       8
       8
       9
      12
       8
      11
       9
      11
       7
       5
      13
       6
      13
       7
       8
       8
      11
      15
       7
      11
      14
       9
       8
       6
      20
      13
       9
       6
       5
       8
      14
      10
       7
      12
       9
       7
       7
      13
      10
      12
      11
       8
      17
      15
      10
      25
      22
      14
      19
      16
      22
      18
      30
      28
      32
      37
      39
      58
      97
      88
     129
     161
     201
     192
     190
     161
     146
     129
     107
      69
      43
      28
      29
      13
      18
       8
       9
       8
      12
      12
       9
      12
       7
       8
      13
       9
       4
      12
      10
      12
       8
       8
       7
      12
      10
       6
       6
       8
       6
       9
       7
       9
       8
       8
      19
      19
      19
      20
      20
      18
       5
      17
      13
      13
      13
      12
       6
      18
      11
      10
       8
       4
      10
       6
       6
       7
       5
      11
      14
       7
       8
      14
       5
      12
       4
      11
       9
      18
      14
       7
       5
       9
      12
      17
      11
      13
      16
      11
       8
       8
       8
      10
      10
       7
       8
       9
      10
       7
      15
      11
      12
       4
       9
       8
      12
      11
       6
      12
      19
      24
      35
      61
      79
     114
     134
     150
     184
     189
     204
     192
     171
     144
     128
      72
      55
      45
      36
      17
      17
      10
      13
       6
      16
       4
       6
       5
       8
       8
       5
       2
       8
       4
       5
       7
       7
       9
       5
       3
       7
      14
       3
      11
       4
       6
       9
       6
       9
      11
      13
       9
       6
       9
       8
      18
       7
      12
       9
       6
      16
      14
      15
      23
      15
      20
      22
      21
      27
      16
      21
      16
      16
      10
      13
      14
      12
      10
      11
       7
      11
       3
       5
      10
       6
       3
      10
       9
      11
      10
       5
       4
      10
       6
       6
       5
       8
       5
       8
       6
       7
      13
       6
      10
      14
       7
      17
       5
       8
       8
       6
       8
      13
      15
      11
      14
      20
      14
       6
      10
       6
      16
      10
      11
       7
       7
      11
       7
       5
       5
       8
      10
      10
      10
       6
       7
       8
      10
       9
       9
       9
      13
      14
      14
      14
      17
      18
      18
      19
      22
      19
      16
      19
      12
       6
      18
       8
      11
       7
      11
      10
       4
       4
       4
       7
       5
       4
      14
       6
       8
       8
       7
       7
      10
       6
      14
      11
       7
      13
       8
       4
       7
      10
       5
      14
      10
      16
       4
       5
      10
       8
       6
       9
      12
       8
      11
       8
       6
       7
      14
       7
       4
      10
       5
       8
      14
       5
       3
       9
       8
       4
      10
      11
      13
      10
       9
      10
       4
      10
       5
       6
       5
       6
       8
       6
       8
       6
       8
      12
      12
      11
       9
       4
      11
       4
       8
      10
       5
       7
       9
       6
      10
       8
      10
       9
       8
       2
      10
       5
       7
      13
       7
       7
       7
       9
       8
       9
      10
       7
       7
       9
       9
       8
       8
       9
       9
      10
       7
       7
      12
       6
       5
      14
       5
       7
       9
      10
      12
       8
       6
       8
       6
       8
       1
       8
      10
       4
      12
      10
       8
      10
      13
      10
      14
       8
       8
      12
      11
       8
       9
       9
       7
      14
      11
      12
      12
       3
       7
       8
       9
       6
      13
      13
      11
      10
       9
      11
       5
       5
       7
       5
       4
       8
       3
       8
       8
      14
       6
       7
       5
       6
       9
      13
      12
       6
       6
      13
       8
       5
       5
       5
      12
       9
       6
      12
       1
       6
      14
       7
       6
       9
       7
      10
      12
       7
       8
       9
       9
       6
       4
       6
       8
       7
       5
       8
      10
       4
       5
       5
       6
      12
       9
       6
       3
       2
       7
       5
       4
       8
       6
       5
       9
      11
       4
       6
       8
       3
       9
      10
       6
       8
       8
      11
      14
      19
      13
      26
      28
      47
      41
      49
      43
      53
      39
      34
      30
      24
      17
      17
       9
      16
      11
      17
      13
      19
      24
      32
      43
      53
      56
      54
      45
      44
      35
      39
      30
      17
      30
      17
       8
       7
       7
       8
       7
       4
       2
       7
      10
       4
       9
       5
       4
       8
       9
       6
       4
       6
       8
       7
       9
       6
       5
       2
       9
       7
       8
       7
       7
       8
       6
       5
       6
      12
       4
       6
      11
       6
       8
       6
       5
      10
       6
       9
       9
       9
      10
       2
       9
       9
       5
       6
      10
      10
       5
      11
       6
       8
      11
       3
       5
       5
       7
       6
       6
       7
       1
       6
       7
       6
       5
       7
       9
       4
       7
       8
      10
       5
       9
       6
       9
      10
       7
       8
       9
      11
       5
       6
       8
      17
      13
      13
      21
      17
      18
      11
      19
      16
      20
      14
      18
      10
       9
       8
      10
       5
      10
       6
       6
      15
       6
       8
       8
      10
      12
      13
      10
      13
      10
       9
      18
      17
      11
       9
       4
      10
       8
       5
       7
       4
       5
       8
      10
       9
       8
       8
       9
       4
       6
       9
       5
      11
       9
       4
       6
       4
       4
       6
       7
      11
       7
       7
       7
       5
       4
       4
       7
       1
       8
       4
       6
      11
       9
       4
       8
       5
       6
       2
       5
       7
       4
       2
       8
       8
      11
       9
      17
      26
      28
      32
      68
      83
     105
     154
     207
     228
     258
     262
     257
     273
     238
     202
     148
      89
      99
      41
      30
      33
      20
       6
      10
       5
       4
       5
       5
      11
       5
       6
      10
       7
       7
       6
       7
       9
      10
       4
       6
       3
       9
       2
       7
       4
       4
       4
       5
       3
       5
       5
       3
       5
       7
       5
       1
       5
       2
       8
       3
       8
       3
       9
       5
      13
       5
       5
       4
       7
       7
       4
       5
       2
       7
       9
       6
       2
       4
       5
       4
       2
       4
      10
       9
       3
       9
       3
       4
       7
       5
       8
       3
       4
       6
       7
       3
       7
       2
       5
       4
       5
       3
       5
       4
       4
       4
       5
       5
       6
       5
       5
       8
      12
       4
       9
       3
       7
       4
       4
       6
       6
       6
       5
       4
       5
       6
       8
       4
       9
       4
       5
       7
       3
       4
       7
       4
       5
       7
       3
       3
       6
       2
      11
       3
       4
      10
       8
       8
       8
       8
      10
       8
       7
       7
       4
       6
       4
       3
      10
       8
       4
       6
      11
       6
       6
       7
      10
       5
       5
       2
       8
       4
       7
       3
       9
       3
       4
       3
       5
       3
       6
       3
      11
       6
       4
       4
       2
       2
       8
       8
       3
       6
       6
       7
       5
       6
       6
      10
      18
      18
      14
      15
      20
      24
      23
      19
      16
      16
      11
      12
       8
       5
       7
       6
       6
       3
       5
       4
       6
       3
       5
       8
       6
       4
      11
      14
      14
      19
       9
      15
      14
       7
       7
       4
       6
       2
       4
       4
      10
       2
       5
       3
       3
       1
       8
       2
       7
       4
       6
       4
       5
       5
       2
       5
       2
       3
       3
       2
       3
       5
       3
       8
       6
       7
       1
       6
       3
       8
       5
       4
       7
       8
       7
       4
       5
       1
       4
       2
       8
       5
       2
       6
       7
       3
       2
       4
       5
       4
       2
       9
       4
       9
       5
       6
       2
       4
       3
      11
       6
       2
       8
       4
       5
       2
       3
       5
       5
       2
       4
       4
       3
       6
       1
       3
       5
       2
       5
       5
       3
       4
       3
       3
       8
       2
       2
       9
       1
       5
       6
       5
       4
       6
       6
       1
       7
       3
       3
       2
       5
       5
       4
       3
       4
       2
       2
       5
       8
       5
       3
       2
       3
       8
       5
       3
       8
       5
      14
       8
      10
      22
       9
      13
       7
      15
       5
       8
       9
       7
       5
       5
       3
       7
       5
       4
       2
       8
       3
      13
       9
      12
       3
       3
       8
       3
       4
       9
       3
       7
       5
       7
       4
       6
       4
       8
      10
       3
       5
       5
       8
       5
       6
       4
       6
       4
       6
       3
       4
       3
       4
       4
       2
       6
       5
       2
       2
       6
       3
       4
       4
       4
       6
       0
       8
       6
       4
       2
       7
       5
       7
       5
       5
       8
       6
       6
       2
       0
       5
       5
       2
       5
       3
       2
       1
       5
       3
       4
       6
       3
       5
       7
       6
       6
       4
       3
       4
       5
       3
       7
       0
       5
       4
       3
       3
       1
       4
       5
       0
       5
       7
       3
       1
       6
       4
       3
       4
       7
       6
       9
       7
       7
       6
       3
       6
       3
       2
       2
       4
       4
       4
       5
       8
       6
       2
       7
      11
       4
      13
       7
       6
       8
       9
      10
       7
      15
      13
       7
       9
      13
      11
       8
       5
       6
       6
       6
       8
       7
       7
       6
       6
       6
      10
       1
       7
       9
      12
      13
      13
      13
      19
      13
      16
       6
       6
       4
       7
       9
       6
      10
      10
       9
      12
       8
      12
       9
      18
      10
       5
       7
       8
      10
       8
       5
       4
       3
       4
       3
       2
       3
       3
       2
       3
       6
       7
       3
       2
       6
       4
       2
       5
       4
       2
       6
       3
       6
       4
       0
       4
       7
       5
       4
       6
       3
       2
       4
       2
       4
       5
       4
       5
       3
       2
       5
       3
       1
       0
       5
       5
       9
       4
       6
       4
       9
       5
      11
      10
       6
       6
      10
       4
      11
      10
      12
       8
      10
      12
      12
       6
      11
       7
       3
       5
       2
       2
       4
       4
       3
       5
       1
       2
       3
       6
       3
       2
       3
       5
       2
      10
       3
       5
       2
       7
       2
       2
       2
       1
       4
       4
       6
       4
       4
       5
       3
       4
       2
       4
       2
       1
       7
       6
       5
       4
       5
       6
       5
       9
       4
       5
       4
       8
       8
       1
       7
       2
       2
       0
       4
       4
       3
       3
       1
       1
       3
       2
       8
       2
       9
       7
       6
       5
       4
       6
       6
       5
       2
       3
       4
       3
       4
       2
       4
       3
       6
       4
       6
       1
       2
       3
       3
       2
      10
       5
       5
       2
       2
       4
       4
       2
       3
       5
       1
       7
       3
       4
       5
       3
       3
       4
       8
       4
       6
       3
       5
       8
       3
       5
       3
       3
       2
       5
       5
       6
       4
       3
       5
       3
       5
       3
       5
       6
       3
       3
       2
       3
       1
       1
       2
       3
       2
       8
       5
       4
       7
       5
       6
       3
       8
       5
       4
       4
       4
       3
       4
       5
       0
       5
       8
       4
       6
       4
       2
       3
       2
       5
       4
       4
       8
       3
       1
       4
       2
       6
       5
       7
       6
       6
       4
       4
       2
       2
       8
       9
       3
       4
       8
       5
       9
      11
      13
      29
      34
      44
      55
      64
     100
     108
     138
     141
     187
     182
     185
     169
     137
     127
      91
      72
      35
      28
      17
      12
       9
       6
       3
       7
       1
       2
       4
       6
       0
       3
       6
       3
       6
       4
       0
       2
       2
       5
       1
       4
       2
       2
       3
       2
       1
       1
       2
       1
       3
       1
       1
       5
       6
       2
       1
       3
       2
       2
       2
       1
       1
       5
       5
       2
       5
       0
       1
       3
       2
       4
       3
       6
       0
       8
       6
       6
       8
       2
       5
      10
       7
       4
       4
       2
       3
       7
       4
       3
       5
       7
       9
      20
      23
      25
      28
      26
      33
      32
      29
      26
      25
      19
      18
      17
      18
       5
       7
       5
       4
       4
       6
       3
       2
       3
       3
       2
       2
       3
       2
       3
       4
       5
       2
       3
       3
       0
       2
       5
       3
       3
       1
       1
       0
       1
       4
       3
       3
       5
       3
       0
       1
       5
       5
       3
       1
       4
       3
       4
       2
       2
       5
       2
       2
       4
       1
       2
       1
       3
       2
       4
       4
       4
       7
       4
       2
       3
       5
       2
       4
       5
       2
       2
       2
       7
       0
       3
       3
       1
       2
       3
       4
       3
       4
       7
       9
       6
       5
       7
       7
      12
       8
       9
      12
       4
       6
      10
       9
       5
       0
       2
       3
       3
       6
       3
       3
       4
       5
       4
       4
       4
       2
       5
       3
       3
       3
       2
       3
       3
       3
       5
       4
       2
       4
       5
       0
       2
       4
       3
       3
       2
       4
       0
       4
       2
       2
       1
       4
       3
       0
       5
       0
       1
       2
       3
       3
       3
       0
       3
       1
       3
       1
       2
       2
       6
       1
       1
       2
       7
       5
       3
       4
       2
       0
       1
       3
       2
       5
       1
       4
       5
       2
       5
       3
       2
       2
       3
       4
       4
       4
       5
       2
       5
       2
       7
       5
       3
       6
       4
       4
       3
       0
       4
       2
       3
       3
       3
       8
       7
       7
       8
       8
       8
      14
      11
       8
       5
      11
      11
       4
       3
       5
       2
       3
       0
       4
       1
       2
       2
       3
       2
       1
       2
       3
       4
       2
       3
       7
       1
       3
       3
       5
       3
       2
       2
       2
       2
       2
       1
       8
       1
       2
       0
       4
       0
       5
       3
       2
       2
       4
       2
       3
       0
       4
       7
       2
       2
       3
       3
       2
       2
       2
       3
       1
       3
       4
       7
       1
       5
       3
       4
       3
       6
       3
      13
      11
       6
       3
      12
      17
      15
      11
      11
       6
      12
       5
       8
       7
       3
       1
       0
       1
       2
       2
       2
       3
       2
       0
       2
       5
       4
       6
       3
       2
       7
       6
       4
       4
       5
      10
      11
       4
       9
       4
       3
       4
       5
       2
       1
       0
       2
       2
       3
       3
       0
       4
       0
       4
       2
       3
       6
       3
       1
       2
       2
       3
       1
       2
       1
       3
       0
       2
       3
       3
       3
       2
       5
       2
       1
       2
       3
       3
       5
       6
       3
       5
       8
       4
       9
       4
      11
       9
      10
       5
      10
       4
       2
       9
       8
       3
       2
       6
       7
       6
      12
      13
      13
      13
       7
      16
      16
      14
      14
      16
       9
       6
       4
       4
       3
       2
       2
       2
       1
       8
       0
       2
       2
       2
       3
       3
       3
       5
       4
       1
       1
       0
       1
       2
       2
       0
       0
       1
       0
       1
       3
       1
       1
       2
       3
       3
       2
       1
       3
       3
       2
       5
       0
       1
       3
       1
       6
       3
       6
       9
       9
      12
       4
      13
      16
      14
      14
      24
      13
      17
      19
      23
       7
       5
       7
       5
       6
       6
       6
       6
       4
       1
       2
       4
       3
       4
       2
       1
       5
       1
       5
       2
       4
       6
       4
       7
       7
       7
       4
       7
       2
       8
       5
       6
       3
       5
       0
       5
       2
       5
       2
       3
       6
       8
       3
       5
       0
       3
       3
       0
       6
       7
       3
       3
       5
       5
       5
       3
       3
       5
       3
       5
       5
       3
       4
       7
       2
       3
       7
       2
       4
       6
       8
      11
       9
       8
       9
       5
      16
       9
       7
      12
       4
       5
       8
      10
      12
       5
       8
       1
       5
       3
       3
       3
       5
       6
       1
       3
       4
       4
       3
       1
       1
       3
       0
       3
       1
       5
       2
       2
       5
       4
       4
       2
       1
       0
       1
       2
       4
       3
       0
       1
       1
       1
       0
       3
       0
       2
       2
       1
       0
       2
       4
       3
       2
       2
       1
       1
       2
       3
       6
       2
       2
       4
       3
       3
       3
       1
       1
       2
       1
       2
       2
       1
       3
       1
       2
       6
       6
       1
       3
       2
       5
       2
       6
       1
       3
       2
       4
       1
       7
       7
       2
       0
       3
       5
       2
       3
       2
       4
       3
       5
       2
       4
       1
       3
       3
       1
       4
       0
       0
       2
       2
       1
       0
       4
       1
       7
       1
       0
       1
       5
       0
       0
       2
       2
       1
       3
       2
       3
       2
       4
       3
       2
       1
       2
       1
       0
       2
       1
       1
       2
       0
       1
       3
       6
       1
       2
       1
       2
       1
       4
       0
       2
       2
       1
       3
       2
       0
       3
       2
       1
       1
       2
       2
       3
       0
       1
       5
       0
       4
       2
       2
       1
       6
       4
       2
       4
       2
       3
       4
       3
       3
       2
       2
       0
       2
       3
       2
       4
       1
       2
       3
       1
       1
       1
       2
       1
       0
       3
       4
       0
       1
       3
       0
       3
       1
       2
       3
       2
       3
       3
       3
       1
       1
       2
       0
       2
       2
       1
       1
       9
       3
       1
       3
       3
       5
       9
       3
       2
       5
       6
       5
       2
       7
       5
       2
       9
       8
       7
       6
      10
       6
       3
       2
       3
       4
       3
       1
       2
       1
       5
       3
       4
       2
       2
       3
       1
       2
       3
       2
       0
       1
       4
       2
       1
       1
       0
       2
       3
       4
       0
       1
       2
       3
       0
       1
       1
       2
       2
       1
       4
       3
       0
       2
       5
       2
       1
       2
       6
       1
       2
       2
       2
       1
       1
       2
       0
       2
       6
       6
       4
       2
       0
       0
       3
       0
       5
       3
       7
       3
       4
       2
       4
       2
       2
       4
       4
       0
       1
       1
       1
       2
       2
       4
       2
       2
       1
       3
       5
       3
       6
       7
       2
       3
      10
       5
       4
       7
       3
       4
       4
       1
       3
       6
       1
       4
       1
       3
       3
       0
       1
       3
       3
       1
       0
       2
       3
       0
       1
       1
       3
       2
       2
       1
       3
       1
       2
       3
       3
       5
       3
       2
       0
       1
       0
       0
       5
       2
       5
       0
       1
       1
       2
       0
       1
       0
       6
       1
       1
       0
       2
       5
       1
       0
       2
       3
       2
       4
       3
       2
       0
       3
       3
       8
       2
       1
       2
       0
       3
       4
       2
       2
       3
       3
       3
       1
       3
       3
       2
       1
       1
       1
       3
       2
       1
       2
       2
       0
       0
       0
       2
       1
       4
       5
       3
       8
       6
       4
       8
      11
      10
      10
       9
       5
       5
      10
       4
       5
       1
       2
       1
       6
       2
       1
       2
       0
       0
       0
       4
       1
       6
       5
       4
       5
       1
       1
       1
       4
       2
       5
       2
       1
       2
       2
       1
       0
       1
       3
       1
       4
       3
       2
       2
       3
       5
       2
       6
       2
       7
       6
      15
      18
      20
      23
      29
      36
      55
      40
      45
      58
      43
      55
      44
      44
      35
      14
      23
      14
       7
       6
       5
       7
       3
       3
       1
       0
       1
       3
       4
       0
       2
       2
       2
       0
       4
       3
       1
       1
       0
       1
       2
       2
       2
       1
       3
       0
       1
       1
       3
       1
       3
       2
       2
       2
       1
       3
       2
       1
       3
       4
       4
       1
       3
       2
       4
       2
       4
       1
       2
       0
       2
       1
       0
       1
       1
       1
       0
       2
       1
       0
       1
       1
       1
       2
       0
       2
       3
       2
       2
       0
       1
       1
       1
       1
       0
       2
       1
       0
       2
       4
       0
       1
       2
       1
       1
       0
       2
       3
       2
       2
       5
       1
       4
       0
       4
       1
       0
       4
       1
       1
       4
       0
       2
       0
       2
       1
       1
       3
       1
       3
       2
       1
       1
       4
       1
       3
       3
       1
       1
       0
       1
       0
       0
       1
       3
       4
       3
       3
       4
       1
       0
       0
       2
       1
       0
       4
       3
       4
       3
       0
       2
       2
       3
       0
       2
       3
       0
       3
       6
       1
       1
       1
       2
       1
       2
       2
       2
       1
       0
       4
       1
       2
       0
       2
       0
       1
       0
       1
       1
       2
       1
       0
       2
       1
       1
       0
       2
       2
       2
       5
       3
       0
       1
       4
       1
       1
       2
       4
       1
       1
       1
       1
       3
       2
       0
       2
       1
       4
       0
       4
       1
       3
       3
       3
       4
       1
       2
       3
       5
       6
       3
       1
       3
       2
       3
       0
       1
       2
       1
       0
       4
       1
       2
       2
       1
       2
       3
       4
       3
       4
       2
       2
       3
       0
       2
       2
       1
       0
       3
       2
       2
       4
       0
       4
       2
       1
       1
       3
       5
       2
       0
       1
       1
       4
       2
       1
       1
       3
       2
       3
       1
       3
       0
       1
       3
       0
       1
       2
       0
       1
       0
       2
       2
       5
       6
       2
       6
       1
       5
       1
       0
       2
       2
       1
       2
       3
       0
       1
       1
       5
       0
       3
       3
       5
       0
       2
       5
       3
       3
       7
       4
       2
      11
       4
       2
       5
       4
       3
       1
       2
       2
       2
       4
       2
       2
       1
       1
       2
       1
       1
       1
       1
       2
       3
       0
       3
       2
       1
       0
       1
       2
       2
       2
       1
       0
       3
       0
       4
       1
       1
       0
       0
       5
       5
       3
       3
       4
       4
       7
       8
       9
       8
       4
       9
       8
       9
      12
       7
       8
       5
       3
       5
       4
       2
       1
       1
       6
       2
       2
       0
       3
       1
       2
       2
       3
       2
       2
       1
       3
       1
       0
       2
       1
       1
       0
       0
       2
       2
       4
       3
       2
       1
       1
       1
       2
       1
       3
       2
       6
       3
       6
       3
       7
       5
       4
       7
       1
       3
       3
       3
       1
       3
       2
       2
       4
       3
       0
       1
       0
       2
       0
       1
       3
       4
       4
       4
       0
       2
       1
       0
       3
       1
       0
       1
       1
       3
       2
       1
       1
       1
       2
       3
       2
       0
       3
       2
       3
       0
       1
       2
       0
       3
       3
       1
       0
       4
       2
       2
       0
       2
       2
       0
       0
       0
       0
       0
       0
       1
       1
       0
       2
       0
       0
       0
       1
       2
       1
       0
       2
       1
       0
       3
       4
       4
       5
       0
       1
       4
       4
       3
       3
       4
       2
       5
       2
       3
       2
       1
       1
       3
       4
       3
       1
       2
       1
       0
       0
       3
       0
       0
       2
       1
       0
       1
       1
       0
       5
       1
       1
       2
       1
       1
       3
       1
       2
       2
       1
       3
       2
       1
       4
       1
       1
       4
       0
       0
       1
       5
       3
       2
       3
       0
       0
       1
       2
       0
       1
       1
       0
       2
       1
       1
       2
       2
       0
       0
       3
       4
       1
       1
       3
       0
       0
       3
       2
       1
       3
       1
       1
       4
       3
       3
       4
       1
       6
       4
       0
       3
       1
       1
       1
       3
       2
       1
       2
       1
       1
       0
       4
       4
       1
       0
       3
       3
       0
       1
       0
       4
       0
       3
       1
       1
       2
       0
       1
       1
       0
       0
       1
       1
       1
       2
       0
       2
       1
       2
       2
       1
       0
       0
       1
       1
       0
       2
       4
       3
       3
       1
       1
       1
       1
       1
       2
       1
       0
       2
       2
       3
       1
       1
       2
       0
       3
       1
       3
       2
       1
       1
       2
       0
       1
       3
       0
       2
       2
       1
       0
       3
       1
       2
       1
       4
       0
       1
       3
       1
       1
       1
       1
       0
       1
       0
       3
       0
       3
       0
       1
       2
       1
       3
       2
       1
       3
       0
       1
       1
       1
       1
       0
       1
       0
       1
       0
       1
       1
       2
       2
       0
       1
       4
       0
       4
       1
       2
       0
       0
       0
       0
       1
       0
       0
       0
       2
       2
       3
       1
       1
       0
       1
       0
       1
       1
       1
       0
       1
       2
       1
       2
       1
       1
       0
       1
       0
       0
       1
       1
       1
       0
       1
       1
       1
       2
       0
       0
       0
       1
       0
       2
       2
       0
       1
       1
       1
       1
       0
       4
       2
       0
       0
       4
       1
       2
       2
       2
       3
       1
       1
       2
       3
       1
       2
       1
       2
       4
       2
       1
       3
       0
       3
       2
       1
       2
       3
       3
       6
       4
       6
       4
       9
       6
      17
      12
      14
      11
      16
      22
      13
      12
      14
      10
      11
      11
       2
       1
       3
       2
       2
       1
       1
       1
       2
       1
       0
       3
       1
       2
       1
       0
       0
       0
       0
       0
       0
       1
       2
       2
       0
       1
       1
       0
       0
       1
       1
       1
       2
       1
       0
       2
       1
       0
       1
       1
       1
       3
       1
       1
       2
       1
       1
       3
       0
       3
       0
       4
       2
       2
       1
       2
       1
       3
       1
       2
       2
       0
       1
       0
       2
       0
       2
       1
       5
       1
       0
       2
       0
       0
       1
       2
       1
       1
       2
       0
       2
       1
       0
       0
       2
       0
       0
       2
       1
       2
       2
       1
       5
       2
       1
       2
       0
       1
       2
       0
       0
       0
       1
       2
       1
       2
       1
       1
       3
       2
       0
       1
       1
       2
       1
       2
       3
       1
       1
       2
       1
       1
       3
       2
       4
       2
       2
       4
       7
       8
       8
       6
      12
      12
      10
       8
      13
      12
      10
      13
       7
       9
       6
       6
       3
       3
       2
       4
       1
       1
       0
       3
       2
       0
       2
       2
       3
       2
       1
       0
       4
       2
       2
       3
       2
       2
       3
       7
       4
      11
       8
      11
      15
      15
      16
      21
      24
      31
      27
      23
      23
      22
      10
       9
       7
      10
       4
       4
       2
       3
       2
       1
       1
       1
       2
       2
       2
       1
       3
       1
       2
       0
       0
       0
       0
       2
       2
       0
       0
       1
       2
       1
       0
       0
       1
       0
       0
       1
       1
       3
       0
       1
       1
       1
       0
       3
       1
       0
       2
       1
       1
       0
       0
       1
       1
       0
       0
       2
       0
       0
       1
       0
       0
       0
       1
       0
       0
       0
       1
       1
       0
       0
       1
       4
       2
       2
       2
       1
       1
       1
       1
       1
       1
       2
       0
       2
       0
       0
       2
       4
       1
       1
       1
       0
       3
       1
       1
       2
       2
       2
       2
       3
       3
       1
       0
       0
       0
       2
       0
       0
       1
       1
       2
       0
       2
       2
       2
       0
       0
       3
       0
       0
       0
       0
       6
       3
       1
       1
       1
       0
       0
       0
       1
       0
       5
       1
       6
       2
       1
       1
       2
       0
       1
       1
       0
       2
       0
       2
       1
       0
       2
       0
       1
       3
       2
       0
       0
       0
       1
       1
       1
       1
       1
       3
       2
       0
       0
       2
       1
       2
       1
       0
       1
       0
       0
       0
       3
       1
       1
       1
       1
       0
       0
       2
       1
       0
       1
       2
       1
       1
       0
       0
       1
       0
       0
       0
       1
       1
       2
       1
       0
       0
       1
       2
       2
       1
       0
       0
       2
       1
       1
       0
       0
       0
       1
       1
       1
       0
       1
       0
       0
       4
       2
       1
       0
       1
       0
       1
       0
       0
       2
       0
       1
       0
       1
       0
       0
       0
       1
       0
       0
       1
       0
       0
       1
       0
       0
       0
       0
       0
       1
       0
       0
       1
       0
       0
       3
       1
       1
       1
       1
       0
       0
       0
       3
       0
       1
       2
       2
       1
       0
       0
       0
       2
       2
       0
       0
       0
       0
       1
       0
       2
       0
       1
       1
       1
       2
       0
       1
       1
       1
       0
       0
       0
       1
       0
       1
       0
       1
       0
       2
       1
       2
       0
       1
       1
       0
       2
       2
       1
       2
       1
       2
       1
       0
       2
       0
       2
       1
       0
       2
       1
       1
       1
       0
       2
       0
       0
       2
       0
       0
       2
       1
       2
       0
       2
       0
       1
       2
       1
       1
       2
       2
       1
       2
       1
       1
       0
       0
       0
       0
       1
       0
       1
       2
       3
       2
       2
       1
       1
       2
       0
       1
       0
       0
       0
       1
       3
       2
       2
       0
       2
       2
       1
       1
       1
       3
       0
       0
       0
       1
       0
       1
       1
       0
       0
       0
       1
       1
       1
       1
       1
       0
       0
       0
       1
       4
       0
       1
       1
       1
       1
       0
       1
       0
       0
       0
       0
       0
       0
       1
       0
       1
       2
       3
       0
       1
       0
       0
       2
       1
       0
       2
       1
       3
       0
       1
       1
       2
       1
       4
       0
       1
       2
       0
       0
       0
       1
       2
       1
       0
       3
       1
       1
       1
       1
       2
       0
       1
       1
       0
       1
       1
       1
       2
       2
       1
       1
       1
       1
       1
       2
       1
       1
       1
       0
       2
       0
       2
       1
       2
       1
       0
       0
       0
       2
       1
       3
       0
       2
       3
       1
       3
       5
       0
       2
       2
       1
       1
       2
       1
       3
       1
       2
       1
       3
       0
       0
       0
       0
       1
       2
       0
       1
       0
       3
       0
       1
       1
       1
       0
       0
       0
       1
       0
       0
       0
       0
       4
       3
       2
       2
       0
       2
       4
       4
       3
       5
       2
       5
       3
       2
       1
       3
       2
       0
       4
       1
       1
       4
       3
       4
       3
       1
       3
       2
       4
       2
       4
       0
       2
       5
       8
      10
      11
      10
      13
      18
      14
      28
      25
      26
      21
      28
      30
      25
      25
      21
      10
       8
       5
       4
       2
       2
       0
       2
       1
       1
       1
       0
       1
       2
       0
       1
       0
       1
       2
       1
       2
       1
       1
       0
       0
       2
       1
       0
       2
       1
       0
       0
       0
       0
       0
       0
       2
       0
       1
       1
       0
       3
       0
       1
       1
       1
       0
       1
       0
       1
       1
       1
       2
       2
       2
       2
       3
       0
       0
       3
       2
       0
       2
       0
       1
       4
       2
       1
       2
       3
       2
       2
       0
       3
       1
       0
       2
       3
       0
       0
       0
       1
       2
       1
       1
       2
       0
       3
       1
       0
       1
       1
       0
       0
       0
       0
       1
       1
       0
       1
       1
       1
       0
       3
       1
       1
       0
       0
       1
       2
       0
       0
       1
       1
       1
       0
       2
       0
       1
       1
       0
       1
       0
       0
       0
       0
       1
       0
       0
       1
       0
       0
       1
       2
       4
       2
       0
       0
       0
       0
       1
       1
       0
       0
       2
       2
       1
       1
       0
       1
       5
       1
       4
       2
       5
       4
       4
       2
       1
       5
       2
       2
       2
       3
       1
       2
       3
       0
       0
       1
       0
       2
       1
       1
       2
       0
       0
       0
       2
       1
       0
       0
       3
       4
       1
       3
       0
       1
       0
       1
       2
       2
       1
       5
       0
       0
       4
       0
       0
       1
       1
       1
       3
       0
       3
       1
       1
       0
       1
       1
       1
       1
       0
       2
       0
       1
       1
       1
       0
       0
       1
       0
       2
       0
       3
       3
       3
       1
       1
       0
       2
       1
       0
       1
       1
       1
       0
       1
       0
       0
       2
       2
       2
       0
       1
       0
       0
       1
       0
       2
       1
       0
       1
       1
       2
       0
       0
       0
       0
       0
       1
       1
       0
       0
       0
       0
       1
       0
       0
       0
       0
       0
       1
       0
       0
       1
       0
       0
       0
       0
       2
       0
       0
       0
       0
       0
       0
       1
       1
       0
       2
       1
       0
       0
       0
       0
       0
       3
       0
       1
       0
       0
       1
       1
       0
       1
       1
       0
       1
       0
       1
       1
       0
       1
       2
       0
       0
       0
       1
       0
       1
       1
       0
       1
       0
       0
       1
       1
       1
       1
       1
       0
       0
       0
       0
       0
       1
       0
       2
       1
       0
       1
       3
       0
       1
       1
       1
       0
       0
       0
       0
       2
       1
       0
       1
       0
       1
       0
       0
       0
       0
       1
       0
       0
       0
       2
       1
       0
       1
       0
       4
       0
       0
       3
       0
       1
       1
       1
       0
       0
       2
       4
       1
       1
       0
       1
       0
       0
       1
       0
       0
       0
       1
       3
       0
       1
       1
       1
       0
       0
       0
       0
       3
       0
       0
       0
       1
       1
       1
       0
       0
       2
       2
       2
       0
       1
       0
       2
       1
       0
       3
       1
       1
       1
       2
       0
       0
       2
       0
       0
       0
       0
       1
       0
       1
       2
       0
       0
       1
       0
       1
       0
       0
       0
       3
       0
       1
       0
       2
       0
       1
       0
       0
       1
       2
       1
       1
       1
       2
       1
       0
       2
       1
       1
       0
       0
       2
       1
       0
       2
       0
       0
       0
       5
       1
       0
       1
       1
       2
       0
       0
       0
       0
       2
       2
       0
       0
       0
       3
       1
       3
       2
       2
       1
       0
       1
       0
       1
       0
       0
       1
       1
       0
       0
       1
       1
       2
       2
       0
       0
       0
       2
       1
       1
       2
       2
       0
       1
       1
       6
       1
       3
       6
       4
       2
       0
       2
       0
       3
       2
       1
       2
       1
       0
       0
       0
       0
       1
       0
       1
       5
       0
       0
       2
       0
       0
       1
       0
       1
       1
       0
       0
       1
       1
       1
       1
       0
       1
       1
       1
       0
       1
       0
       0
       0
       0
       0
       0
       0
       0
       1
       1
       0
       0
       0
       1
       0
       0
       0
       1
       3
       1
       0
       0
       1
       0
       0
       2
       0
       0
       0
       0
       0
       2
       1
       0
       1
       2
       1
       0
       1
       0
       0
       0
       0
       0
       0
       2
       1
       0
       0
       1
       1
       0
       3
       1
       0
       0
       0
       2
       0
       0
       1
       0
       0
       1
       1
       0
       1
       1
       0
       1
       1
       1
       1
       0
       1
       1
       0
       0
       0
       0
       1
       0
       0
       0
       0
       0
       0
       3
       1
       1
       2
       0
       0
       0
       2
       0
       1
       0
       1
       0
       0
       2
       2
       0
       1
       0
       0
       0
       2
       1
       0
       1
       1
       1
       1
       0
       0
       0
       0
       2
       1
       0
       0
       0
       1
       1
       3
       1
       0
       0
       1
       1
       0
       1
       0
       0
       1
       0
       2
       1
       0
       2
       0
       1
       0
       2
       0
       0
       0
       1
       1
       1
       0
       1
       0
       1
       0
       1
       3
       1
       0
       0
       1
       1
       0
       1
       0
       1
       1
       2
       1
       0
       1
       1
       0
       1
       1
       0
       1
       1
       0
       1
       0
       2
       0
       0
       0
       0
       0
       0
       1
       2
       1
       1
       0
       0
       0
       1
       0
       0
       0
       0
       0
       0
       0
       0
       2
       1
       2
       2
       0
       1
       0
       2
       1
       2
       1
       0
       2
       0
       0
       0
       1
       0
       0
       0
       3
       0
       1
       1
       0
       3
       4
       2
       0
       2
       5
       1
       1
       1
       1
       0
       0
       2
       1
       1
       1
       0
       0
       0
       3
       0
       1
       0
       0
       1
       0
       1
       0
       1
       0
       1
       1
       2
       0
       0
       2
       0
       3
       1
       3
       2
       0
       1
       0
       0
       2
       0
       0
       0
       0
       0
       0
       0
       2
       0
       0
       0
       0
       0
       2
       1
       2
       0
       1
       0
       0
       0
       2
       0
       1
       2
       1
       0
       0
       0
       0
       1
       1
       1
       0
       0
       0
       2
       1
       0
       0
       0
       0
       2
       0
       3
       0
       0
       0
       1
       0
       0
       0
       0
       0
       0
       2
       0
       1
       1
       1
       0
       0
       2
       0
       0
       0
       0
       0
       0
       0
       1
       0
       1
       1
       0
       0
       0
       3
       0
       0
       0
       1
       2
       0
       0
       0
       2
       1
       2
       0
       0
       1
       0
       0
       1
       2
       0
       0
       0
       0
       1
       0
       0
       0
       0
       0
       1
       1
       0
       2
       0
       1
       0
       0
       2
       0
       0
       3
       3
       2
       0
       1
       3
       1
       3
       0
       1
       0
       1
       0
       1
       3
       0
       0
       1
       1
       1
       1
       0
       0
       0
       2
       0
       0
       1
       0
       0
       1
       1
       0
       0
       1
       1
       0
       2
       0
       0
       0
       0
       0
       0
       0
       1
       1
       1
       0
       2
       0
       0
       0
       0
       2
       0
       0
       2
       0
       1
       0
       3
       2
       0
       1
       1
       1
       0
       1
       0
       0
       0
       0
       0
       0
       1
       0
       1
       0
       0
       1
       0
       0
       0
       1
       1
       0
       0
       1
       2
       0
       1
       1
       0
       0
       0
       1
       1
       1
       0
       1
       1
       2
       1
       0
       1
       0
       0
       1
       0
       2
       0
       2
       0
       0
       1
       2
       0
       1
       0
       1
       2
       1
       1
       0
       0
       1
       0
       1
       2
       0
       0
       0
       0
       0
       0
       1
       2
       0
       0
       0
       1
       0
       0
       0
       2
       0
       0
       1
       1
       0
       1
       3
       2
       1
       1
       2
       1
       3
       1
       4
       5
       5
      12
       7
      10
       9
       7
      12
       8
       7
       9
       8
       9
       5
       3
       3
       3
       1
       1
       0
       4
       2
       1
       0
       2
       0
       1
       0
       0
       1
       0
       2
       0
       2
       0
       1
       0
       2
       0
       0
       0
       0
       0
       0
       1
       1
       0
       0
       0
       0
       1
       0
       0
       0
       0
       3
       0
       0
       1
       0
       0
       0
       1
       0
       0
       0
       0
       1
       1
       0
       0
       0
       1
       1
       1
       1
       2
       1
       1
       2
       0
       1
       0
       0
       2
       1
       1
       0
       0
       2
       5
       1
       4
       2
       1
       9
       7
       7
       4
       9
       6
       8
       6
       3
       5
       3
       1
       1
       0
       0
       3
       1
       1
       0
       1
       1
       0
       1
       0
       0
       0
       0
       0
       0
       1
       0
       0
       0
       0
       0
       0
       0
       2
       0
       0
       2
       2
       0
       0
       0
       0
       0
       1
       0
       0
       0
       0
       0
       2
       2
       0
       0
       2
       2
       1
       0
       0
       0
       0
       0
       1
       0
       0
       0
       1
       1
       0
       0
       1
       0
       1
       0
       0
       1
       0
       0
       1
       0
       0
       2
       2
       0
       2
       1
       2
       5
       2
       4
       4
       6
       9
      12
      12
      14
      11
      10
      15
      13
      10
      11
       8
      14
       8
       2
       3
       4
       0
       1
       0
       1
       1
       1
       1
       0
       0
       1
       1
       1
       0
       0
       0
       2
       1
       1
       1
       1
       2
       0
       0
       0
       0
       0
       1
       2
       1
       0
       0
       1
       2
       0
       1
       0
       0
       1
       1
       1
       0
       0
       1
       0
       0
       2
       1
       0
       0
       1
       0
       0
       1
       0
       1
       0
       0
       1
       0
       1
       1
       0
       0
       0
       1
       0
       0
       0
       1
       0
       0
       0
       0
       1
       1
       1
       2
       0
       1
       0
       0
       0
       1
       0
       2
       1
       0
       0
       0
       0
       0
       0
       0
       3
       1
       1
       0
       0
       0
       0
       0
       1
       0
       0
       1
       0
       0
       0
       1
       1
       0
       0
       1
       0
       0
       0
       2
       1
       0
       2
       0
       1
       0
       0
       0
       0
       0
       0
       0
       1
       0
       1
       0
       0
       1
       2
       1
       2
       0
       2
       1
       0
       0
       0
       0
       1
       0
       0
       0
       0
       1
       1
       0
       0
       0
       0
       0
       1
       1
       0
       0
       1
       0
       0
       0
       0
       0
       1
       0
       0
       0
       0
       0
       2
       0
       0
       0
       0
       1
       0
       0
       1
       0
       1
       0
       0
       0
       1
       0
       1
       1
       0
       0
       0
       0
       1
       0
       1
       1
       1
       1
       1
       1
       0
       1
       0
       0
       0
       0
       1
       0
       2
       1
       2
       2
       4
       2
       2
       1
       0
       2
       1
       4
       0
       1
       2
       2
       3
       1
       1
       1
       3
       3
       1
       1
       0
       2
       1
       2
       1
       6
       0
       1
       2
       1
       3
       1
       4
       2
       0
       3
       4
       0
       3
       5
       1
       1
       1
       1
       0
       0
       3
       1
       3
       0
       2
       1
       1
       0
       1
       0
       1
       1
       0
       0
       0
       0
       0
       1
       0
       0
       1
       0
       0
       0
       0
       1
       0
       1
       1
       0
       0
       2
       0
       2
       0
       1
       0
       2
       0
       1
       0
       0
       1
       1
       0
       0
       0
       0
       1
       1
       1
       0
       0
       1
       1
       0
       0
       0
       0
       1
       0
       1
       1
       0
       0
       0
       2
       1
       2
       1
       0
       1
       1
       0
       0
       1
       1
       0
       1
       0
       2
       1
       2
       0
       1
       0
       1
       0
       1
       1
       0
       0
       0
       0
       0
       1
       0
       1
       0
       0
       1
       0
       0
       1
       0
       0
       0
       1
       1
       2
       0
       1
       1
       1
       0
       1
       2
       2
       1
       1
       0
       0
       0
       0
       2
       1
       0
       1
       0
       0
       0
       0
       0
       0
       0
       0
       1
       0
       0
       0
       0
       1
       0
       1
       0
       1
       2
       1
       0
       1
       1
       1
       0
       1
       0
       1
       0
       2
       0
       0
       0
       0
       1
       2
       1
       1
       0
       2
       0
       1
       0
       0
       1
       1
       1
       0
       0
       2
       1
       1
       0
       0
       1
       0
       0
       1
       1
       0
       1
       0
       0
       0
       1
       0
       0
       1
       1
       0
       1
       1
       0
       1
       0
       1
       1
       0
       1
       0
       0
       1
       1
       1
       2
       0
       0
       0
       1
       1
       1
       1
       0
       2
       1
       0
       0
       0
       1
       1
       0
       0
       1
       3
       0
       0
       0
       1
       0
       1
       1
       0
       1
       1
       0
       2
       0
       0
       0
       0
       0
       0
       0
       0
       2
       1
       1
       1
       0
       1
       1
       0
       0
       0
       0
       0
       0
       1
       0
       0
       1
       2
       0
       0
       0
       0
       0
       1
       0
       1
       0
       0
       0
       0
       1
       0
       0
       0
       0
       0
       0
       1
       1
       2
       1
       3
       0
       0
       0
       0
       0
       0
       0
       1
       1
       1
       1
       0
       0
       1
       2
       0
       2
       1
       0
       1
       0
       0
       0
       1
       1
       0
       0
       0
       0
       0
       1
       0
       1
       1
       3
       0
       1
       1
       1
       1
       0
       0
       1
       1
       0
       0
       2
       0
       0
       1
       1
       0
       2
       0
       0
       0
       0
       2
       0
       1
       0
       0
       0
       0
       1
       1
       0
       0
       2
       0
       1
       1
       0
       1
       2
       1
       0
       0
       1
       0
       0
       0
       0
       2
       0
       1
       1
       0
       0
       0
       0
       0
       0
       0
       2
       1
       1
       0
       0
       0
       1
       0
       0
       0
       0
       1
       0
       1
       1
       1
       0
       0
       0
       1
       2
       1
       1
       0
       1
       1
       0
       1
       0
       0
       0
       4
       1
       1
       0
       2
       1
       0
       1
       1
       2
       1
       0
       1
       1
       0
       1
       0
       0
       0
       0
       1
       0
       0
       0
       1
       0
       0
       0
       0
       0
       1
       0
       0
       1
       1
       1
       0
       1
       1
       0
       0
       0
       0
       0
       0
       3
       0
       0
       2
       0
       0
       1
       1
       0
       0
       1
       0
       0
       0
       1
       2
       0
       0
       2
       0
       0
       1
       0
       0
       0
       0
       1
       0
       0
       0
       0
       0
       0
       0
       0
       0
       3
       0
       2
       0
       0
       0
       1
       1
       0
       0
       2
       1
       1
       0
       1
       0
       0
       0
       1
       0
       0
       0
       0
       1
       0
       1
       2
       2
       1
       0
       1
       0
       2
       2
       1
       0
       0
       1
       1
       0
       1
       1
       1
       1
       1
       0
       0
       0
       0
       1
       0
       0
       0
       0
       0
       2
       2
       2
       1
       0
       0
       0
       3
       0
       0
       1
       0
       0
       2
       0
       0
       2
       2
       1
       1
       1
       2
       0
       2
       1
       1
       1
       0
       2
       0
       0
       2
       1
       0
       0
       1
       1
       0
       1
       0
       0
       0
       0
       0
       0
       0
       1
       0
       0
       0
       1
       0
       0
       1
       1
       1
       0
       1
       0
       0
       0
       0
       0
       0
       3
       0
       1
       2
       1
       1
       0
       2
       1
       0
       0
       0
       1
       0
       0
       1
       0
       0
       0
       0
       2
       0
       0
       0
       0
       0
       1
       1
       1
       0
       0
       0
       0
       1
       0
       1
       1
       0
       1
       0
       0
       0
       0
       0
       0
       0
       1
       2
       0
       0
       0
       0
       1
       0
       0
       0
       1
       0
       0
       0
       1
       0
       1
       1
       0
       1
       0
       0
       0
       0
       0
       0
       0
       0
       0
       1
       1
       1
       1
       0
       0
       0
       1
       1
       1
       0
       0
       1
       1
       2
       2
       1
       0
       0
       1
       1
       1
       1
       1
       3
       0
       1
       1
       1
       0
       1
       1
       0
       2
       2
       0
       0
       0
       1
       0
       0
       0
       0
       2
       0
       0
       0
       2
       1
       1
       0
       0
       0
       0
       0
       0
       0
       1
       0
       1
       0
       0
       1
       0
       1
       2
       1
       1
       1
       3
       1
       2
       1
       0
       1
       1
       0
       0
       1
       0
       0
       0
       1
       1
       1
       0
       0
       1
       1
       0
       0
       1
       1
       1
       0
       0
       0
       1
       0
       1
       0
       0
       0
       1
       1
       1
       0
       1
       1
       1
       0
       0
       0
       0
       0
       0
       0
       2
       1
       2
       0
       0
       1
       0
       1
       0
       0
       0
       0
       0
       1
       1
       1
       0
       0
       0
       0
       2
       0
       1
       0
       0
       2
       1
       1
       0
       0
       0
       2
       0
       0
       2
       0
       1
       0
       3
       0
       0
       0
       0
       1
       0
       1
       0
       0
       0
       1
       0
       1
       0
       0
       1
       0
       0
       1
       0
       2
       1
       1
       0
       0
       1
       1
       1
       0
       0
       0
       0
       0
       1
       1
       2
       1
       0
       0
       0
       0
       2
       0
       2
       1
       1
       0
       0
       0
       1
       1
       1
       0
       0
       0
       1
       1
       1
       0
       0
       0
       1
       0
       0
       0
       1
       1
       0
       0
       2
       1
       2
       0
       1
       1
       0
       0
       1
       0
       0
       0
       0
       0
       0
       0
       0
       0
       0
       2
       0
       2
       0
       0
       1
       0
       0
       1
       0
       0
       0
       1
       0
       0
       0
       0
       2
       0
       0
       0
       1
       0
       2
       0
       1
       0
       0
       0
       1
       0
       0
       0
       0
       0
       0
       0
       0
       0
       1
       0
       0
       0
       1
       0
       1
       1
       0
       1
       1
       1
       0
       1
       0
       1
       0
       1
       1
       1
       1
       1
       1
       1
       0
       0
       0
       1
       1
       0
       1
       2
       1
       0
       1
       0
       0
       2
       2
       0
       0
       0
       0
       0
       0
       0
       0
       1
       2
       0
       1
       2
       1
       1
       1
       1
       1
       0
       0
       0
       1
       1
       0
       0
       0
       1
       0
       0
       0
       0
       1
       0
       0
       2
       0
       1
       0
       2
       0
       1
       1
       0
       0
       0
       2
       1
       0
       1
       0
       0
       1
       2
       0
       0
       0
       0
       0
       2
       0
       0
       0
       0
       0
       0
       0
       0
       1
       0
       1
       1
       0
       2
       0
       1
       1
       1
       0
       1
       0
       0
       0
       1
       1
       0
       0
       2
       4
       1
       0
       2
       1
       2
       0
       1
       0
       0
       0
       1
       0
       1
       2
       0
       0
       0
       0
       2
       0
       1
       0
       0
       0
       0
       1
       0
       0
       0
       1
       0
       0
       0
       0
       0
       1
       1
       0
       0
       0
       1
       1
       0
       0
       1
       0
       0
       1
       0
       0
       0
       0
       1
       1
       0
       0
       0
       0
       0
       0
       0
       0
       0
       1
       0
       1
       0
       1
       0
       0
       1
       0
       1
       0
       0
       0
       1
       1
       0
       0
       0
       1
       0
       1
       1
       1
       0
       0
       1
       0
       0
       0
       1
       0
       1
       0
       0
       2
       0
       1
       0
       3
       1
       2
       0
       1
       1
       0
       1
       0
       1
       1
       0
       0
       0
       1
       0
       0
       0
       1
       1
       0
       0
       2
       1
       1
       1
       0
       1
       2
       0
       1
       1
       0
       0
       1
       0
       0
       0
       1
       2
       0
       0
       0
       0
       0
       0
       0
       1
       0
       0
       0
       1
       0
       1
       1
       0
       1
       0
       0
       2
       0
       0
       0
       0
       0
       1
       0
       1
       1
       1
       0
       0
       1
       0
       2
       1
       0
       0
       1
       5
       0
       2
       1
       2
       0
       1
       0
       2
       2
       0
       1
       0
       1
       0
       0
       0
       2
       1
       0
       0
       1
       0
       1
       1
       1
       1
       0
       1
       0
       1
       0
       2
       1
       1
       1
       1
       1
       0
       1
       0
       0
       0
       1
       1
       1
       1
       0
       0
       0
       1
       0
       1
       1
       0
       1
       0
       1
       2
       0
       0
       0
       1
       3
       0
       1
       0
       0
       0
       2
       1
       1
       0
       0
       0
       0
       0
       1
       0
       1
       0
       1
       3
       0
       2
       0
       1
       0
       0
       0
       0
       0
       0
       0
       1
       2
       1
       0
       0
       0
       1
       0
       1
       0
       0
       2
       0
       0
       0
       0
       0
       0
       0
       1
       0
       0
       1
       0
       0
       1
       0
       1
       0
       0
       0
       3
       0
       0
       0
       0
       1
       0
       0
       0
       0
       0
       0
       0
       2
       0
       0
       1
       0
       1
       2
       0
       0
       0
       1
       1
       0
       1
       0
       0
       0
       0
       2
       0
       0
       1
       0
       1
       0
       1
       0
       0
       0
       0
       1
       0
       1
       1
       1
       1
       1
       0
       3
       1
       0
       0
       0
       1
       0
       1
       0
       2
       0
       0
       0
       2
       0
       0
       1
       2
       1
       1
       3
       3
       0
       0
       0
       1
       0
       1
       0
       0
       0
       0
       0
       0
       0
       0
       0
       1
       0
       0
       0
       0
       1
       0
       1
       0
       0
       0
       5
       2
       3
       1
       0
       0
       0
       1
       0
       1
       1
       0
       0
       2
       1
       0
       0
       0
       0
       0
       0
       0
       1
       1
       0
       0
       1
       0
       1
       1
       0
       0
       0
       0
       0
       0
       0
       3
       2
       2
       1
       1
       0
       0
       0
       0
       1
       0
       0
       0
       0
       1
       0
       1
       1
       1
       0
       1
       1
       0
       0
       0
       3
       0
       1
       0
       1
       1
       0
       0
       1
       0
       1
       0
       0
       1
       0
       0
       2
       0
       0
       0
       0
       0
       0
       0
       0
       0
       0
       0
       0
       0
       1
       0
       2
       1
       1
       0
       0
       0
       0
       0
       0
       1
       0
       0
       2
       0
       0
       0
       0
       0
       0
       0
       0
       0
       1
       2
       1
       0
       1
       0
       1
       1
       0
       1
       1
       0
       0
       0
       1
       0
       0
       0
       0
       1
       1
       0
       1
       0
       1
       1
       0
       0
       0
       0
       0
       2
       0
       0
       0
       0
       1
       0
       1
       0
       0
       0
       1
       2
       0
       0
       0
       0
       0
       0
       1
       0
       1
       0
       0
       0
       0
       0
       3
       0
       0
       2
       1
       0
       0
       0
       1
       0
       0
       1
       2
       0
       0
       1
       1
       1
       0
       0
       2
       1
       0
       0
       0
       1
       2
       1
       0
       0
       0
       0
       0
       0
       0
       0
       0
       0
       0
       0
       1
       2
       0
       0
       1
       1
       1
       0
       2
       1
       2
       1
       0
       0
       2
       1
       1
       1
       0
       2
       0
       0
       1
       1
       0
       1
       1
       2
       1
       1
       0
       1
       0
       2
       1
       0
       0
       0
       1
       0
       0
       0
       0
       0
       0
       1
       0
       0
       0
       2
       0
       0
       1
       1
       1
       0
       1
       0
       1
       0
       0
       0
       1
       0
       1
       0
       0
       0
       0
       2
       2
       2
       1
       0
       0
       0
       0
       1
       0
       0
       1
       0
       1
       0
       0
       0
       0
       1
       0
       0
       0
       0
       0
       0
       0
       0
       0
       0
       1
       0
       0
       0
       0
       0
       0
       0
       1
       1
       0
       1
       0
       1
       1
       1
       0
       0
       0
       1
       0
       0
       0
       0
       0
       1
       0
       0
       0
       0
       0
       1
       0
       0
       0
       0
       1
       0
       0
       0
       0
       0
       0
       0
       0
       0
       0
       1
       0
       0
       1
       0
       0
       0
       0
       0
       1
       1
       0
       1
       0
       0
       0
       0
       1
       1
       0
       0
       0
       0
       1
       2
       0
       0
       0
       0
       0
       0
       0
       0
       1
       1
       0
       0
       0
       0
       0
       0
       0
       0
       0
       1
       0
       1
       0
       0
       0
       1
       0
       1
       0
       0
       1
       0
       1
       0
       0
       0
       1
       1
       0
       0
       0
       0
       0
       0
       1
       1
       1
       1
       2
       0
       0
       0
       0
       0
       1
       0
       0
       0
       0
       0
       0
       0
       0
       1
       0
       0
       1
       0
       0
       0
       0
       0
       0
       1
       0
       0
       0
       0
       0
       1
       0
       0
       0
       0
       0
       1
       1
       0
       0
       0
       0
       0
       0
       0
       1
       0
       0
       0
       0
       0
       0
       0
       0
       0
       1
       0
       0
       0
       0
       0
       0
       1
       0
       0
       0
       0
       0
       1
       0
       0
       0
       0
       2
       0
       1
       1
       0
       1
       0
       0
       0
       0
       2
       0
       0
       0
       1
       1
       1
       0
       0
       1
       2
       0
       0
       0
       1
       0
       0
       1
       0
       1
       1
       0
       0
       0
       1
       0
       0
       0
       0
       0
       0
       1
       0
       0
       0
       1
       1
       0
       0
       0
       0
       0
       0
       0
       0
       0
       0
       0
       0
       0
       0
       0
       0
       0
       1
       0
       1
       0
       0
       0
       0
       0
       0
       1
       0
       0
       0
       0
       1
       0
       0
       1
       0
       0
       1
       1
       1
       0
       1
       0
       0
       2
       0
       0
       0
       0
       0
       0
       0
       1
       2
       0
       0
       0
       0
       0
       0
       0
       1
       0
       0
       0
       1
       0
       1
       0
       2
       0
       0
       0
       1
       0
       0
       0
       0
       0
       0
       1
       0
       0
       0
       0
       0
       0
       0
       0
       0
       0
       0
       0
       0
       0
       1
       0
       0
       0
       0
       0
       0
       1
       0
       0
       0
       1
       0
       0
       0
       0
       0
       0
       0
       0
       1
       1
       0
       0
       0
       0
       0
       0
       1
       0
       1
       1
       0
       1
       1
       0
       0
       0
       2
       0
       0
       1
       0
       0
       0
       0
       0
       0
       0
       0
       1
       1
       0
       1
       2
       1
       0
       0
       0
       0
       1
       0
       1
       0
       0
       0
       0
       0
       1
       0
       0
       0
       0
       0
       0
       0
       0
       0
       0
       1
       0
       0
       0
       0
       1
       1
       1
       0
       2
       0
       0
       0
       0
       1
       0
       0
       1
       0
       1
       0
       1
       1
       0
       1
       0
       0
       0
       0
       0
       1
       1
       0
       0
       1
       1
       0
       0
       0
       1
       1
       0
       0
       0
       0
       1
       1
       0
       0
       0
       0
       0
       1
       0
       1
       0
       0
       0
       1
       1
       0
       0
       0
       0
       1
       1
       0
       1
       0
       0
       1
       1
       0
       0
       0
       0
       0
       1
       1
       0
       0
       1
       1
       0
       1
       0
       0
       0
       0
       0
       0
       0
       1
       0
       1
       0
       0
       0
       0
       0
       0
       0
       0
       1
       0
       0
       0
       1
       0
       0
       2
       0
       0
       0
       0
       1
       1
       0
       0
       1
       1
       1
       0
       1
       0
       0
       0
       0
       0
       0
       0
       1
       0
       0
       0
       2
       0
       1
       0
       0
       0
       1
       0
       1
       0
       1
       0
       0
       0
       0
       0
       0
       0
       2
       0
       0
       1
       0
       1
       0
       0
       0
       0
       0
       2
       0
       0
       1
       0
       0
       0
       0
       0
       0
       1
       0
       0
       0
       0
       0
       0
       0
       0
       0
       1
       0
       0
       0
       0
       0
       0
       0
       0
       0
       0
       0
       0
       2
       1
       0
       2
       0
       0
       1
       0
       0
       1
       0
       0
       1
       0
       1
       0
       0
       0
       0
       0
       0
       0
       0
       0
       0
       0
       0
       0
       0
       1
       0
       1
       1
       0
       1
       0
       1
       0
       0
       0
       1
       0
       0
       1
       0
       0
       0
       0
       0
       0
       0
       0
       0
       0
       0
       0
       0
       0
       0
       0
       1
       0
       0
       0
       0
       0
       0
       0
       0
       0
       0
       1
       0
       0
       0
       0
       0
       0
       1
       0
       0
       0
       0
       0
       0
       0
       0
       0
       0
       0
       0
       0
       0
       0
       0
       0
       1
       0
       2
       1
       0
       2
       1
       3
       1
       4
       4
       3
       2
       4
       7
       7
       8
      10
      11
      16
      11
      17
      17
      17
      23
      19
      18
      15
      14
      15
       8
       8
       5
       6
       5
       0
       1
       1
       1
       0
       0
       0
       0
       0
       0
       0
       0
       0
       0
       0
       0
       0
       0
       0
       0
       0
       0
       0
       0
       0
       0
       0
       0
       1
       1
       0
       0
       0
       0
       3
       0
       0
       0
       0
       0
       0
       0
       0
       0
       0
       0
       0
       0
       0
       0
       0
       1
       1
       1
       0
       1
       2
       0
       2
       1
       0
       3
       2
       3
       3
       3
       4
       4
       6
       1
       2
       1
       3
       2
       5
       4
       2
       4
       4
       1
       1
       0
       2
       2
       0
       0
       0
       1
       0
       0
       0
       0
       0
       0
       0
       0
       0
       0
       1
       0
       0
       0
       0
       0
       0
       0
       0
       0
       0
       0
       0
       0
       0
       0
       0
       0
       0
       0
       0
       0
       0
       1
       0
       0
       0
       0
       0
       1
       0
       0
       1
       0
       0
       0
       0
       0
       0
       0
       0
       1
       1
       0
       1
       0
       0
       0
       0
       1
       0
       1
       1
       0
       0
       1
       1
       0
       1
       0
       0
       0
       0
       0
       0
       0
       1
       1
       0
       0
       0
       0
       0
       0
       0
       0
       0
       0
       0
       0
       1
       0
       0
       0
       0
       0
       0
       0
       0
       1
       0
       0
       0
       0
       0
       1
       0
       0
       0
       0
       0
       0
       0
       0
       0
       0
       1
       0
       0
       0
       0
       0
       0
       0
       0
       0
       0
       0
       0
       1
       1
       0
       1
       0
       0
       0
       0
       0
       0
       0
       0
       0
       0
       0
       0
       1
       0
       0
       0
       1
       0
       0
       0
       0
       0
       0
       0
       0
       1
       0
       0
       0
       0
       0
       0
       0
       0
       0
       0
       0
       0
       0
       0
       0
       1
       0
       0
       1
       1
       0
       0
       1
       1
       1
       0
       1
       0
       0
       1
       1
       0
       0
       0
       0
       0
       1
       0
       0
       0
       0
       0
       0
       1
       0
       0
       0
       0
       0
       0
       1
       0
       0
       0
       1
       0
       0
       0
       0
       0
       1
       0
       0
       1
       0
       0
       0
       1
       0
       0
       0
       0
       1
       1
       0
       0
       0
       0
       0
       0
       1
       0
       0
       0
       0
       1
       0
       0
       0
       0
       0
       0
       0
       0
       0
       0
       0
       1
       0
       0
       0
       0
       0
       0
       0
       0
       0
       0
       0
       0
       0
       0
       0
       0
       0
       0
       0
       0
       0
       0
       1
       0
       0
       0
       0
       1
       0
       0
       0
       0
       0
       0
       0
       0
       0
       0
       0
       0
       0
       0
       0
       0
       0
       0
       0
       0
       0
       1
       0
       1
       0
       0
       1
       0
       0
       0
       0
       0
       0
       0
       0
       0
       0
       0
       0
       0
       0
       0
       0
       0
       0
       0
       0
       0
       0
       0
       0
       0
       0
       0
       0
       0
       0
       1
       1
       0
       0
       1
       0
       0
       0
       1
       0
       0
       0
       0
       0
       1
       0
       0
       0
       0
       0
       0
       0
       1
       1
       0
       0
       0
       2
       3
       1
       0
       0
       0
       1
       1
       0
       0
       0
       0
       1
       0
       0
       0
       0
       1
       0
       0
       0
       0
       0
       0
       0
       0
       0
       0
       0
       0
       0
       0
       0
       1
       0
       0
       0
       0
       0
       0
       1
       0
       0
       0
       0
       1
       1
       1
       0
       2
       1
       0
       0
       0
       0
       0
       0
       1
       1
       0
       0
       1
       0
       0
       0
       0
       0
       0
       1
       0
       0
       0
       0
       0
       0
       1
       0
       1
       0
       0
       0
       0
       0
       0
       0
       0
       0
       0
       0
       0
       0
       0
       0
       1
       1
       0
       0
       0
       0
       0
       0
       0
       0
       1
       0
       1
       0
       0
       0
       0
       0
       1
       0
       0
       0
       1
       0
       1
       1
       0
       0
       0
       0
       0
       0
       0
       1
       0
       1
       0
       0
       0
       0
       0
       0
       0
       0
       1
       0
       0
       0
       0
       0
       0
       1
       0
       1
       0
       0
       0
       1
       0
       0
       0
       0
       0
       0
       0
       1
       0
       1
       1
       0
       0
       0
       0
       0
       0
       0
       0
       0
       0
       0
       0
       0
       0
       2
       0
       0
       1
       0
       0
       0
       0
       0
       2
       0
       0
       1
       0
       0
       0
       0
       0
       0
       0
       0
       0
       0
       1
       0
       0
       0
       0
       0
       0
       0
       0
       0
       0
       0
       0
       1
       0
       0
       0
       0
       2
       0
       0
       0
       0
       0
       2
       0
       0
       0
       1
       0
       0
       0
       1
       0
       0
       0
       1
       0
       0
       1
       0
       1
       0
       0
       2
       0
       0
       3
       1
       0
       5
       2
       1
       0
       0
       1
       2
       1
       1
       2
       0
       0
       0
       0
       0
       2
       0
       1
       1
       0
       0
       0
       0
       0
       0
       0
       1
       0
       0
       0
       0
       0
       0
       0
       0
       0
       0
       0
       0
       0
       0
       0
       0
       0
       0
       0
       0
       0
       0
       1
       1
       0
       1
       0
       0
       0
       1
       0
       0
       0
       0
       0
       2
       0
       0
       0
       0
       0
       0
       0
       0
       0
       0
       0
       0
       0
       0
       0
       0
       0
       0
       0
       0
       1
       1
       1
       0
       0
       2
       0
       0
       0
       0
       3
       0
       0
       1
       0
       1
       0
       0
       0
       0
       0
       1
       1
       0
       0
       2
       2
       2
       1
       0
       1
       0
       0
       1
       0
       0
       0
       0
       0
       0
       0
       0
       0
       0
       0
       1
       1
       0
       0
       0
       0
       0
       1
       0
       1
       0
       0
       1
       0
       1
       0
       0
       0
       0
       0
       0
       0
       1
       0
       0
       0
       0
       1
       0
       0
       0
       0
       0
       0
       0
       0
       0
       1
       0
       0
       0
       0
       1
       0
       0
       0
       0
       0
       0
       1
       0
       0
       0
       0
       0
       0
       0
       0
       0
       0
       0
       0
       0
       0
       1
       0
       0
       1
       0
       0
       0
       1
       0
       0
       0
       0
       1
       0
       0
       0
       0
       0
       0
       0
       0
       0
       0
       0
       0
       0
       0
       0
       1
       0
       0
       0
       0
       0
       0
       0
       0
       0
       0
       1
       0
       0
       0
       0
       1
       0
       0
       3
       0
       0
       0
       0
       0
       0
       0
       0
       0
       0
       0
       0
       0
       0
       0
       0
       0
       1
       0
       0
       0
       0
       0
       1
       0
       0
       0
       1
       0
       0
       0
       0
       0
       0
       0
       0
       0
       1
       0
       0
       0
       0
       0
       0
       0
       0
       0
       0
       0
       0
       0
       0
       0
       0
       0
       0
       0
       0
       0
       1
       2
       0
       0
       1
       0
       0
       0
       0
       0
       0
       0
       0
       0
       0
       0
       0
       0
       0
       0
       0
       0
       0
       0
       0
       0
       1
       1
       0
       0
       0
       0
       0
       0
       0
       0
       0
       0
       0
       0
       1
       0
       0
       0
       0
       0
       0
       0
       0
       1
       0
       0
       0
       0
       0
       0
       1
       0
       1
       0
       0
       2
       0
       0
       1
       0
       0
       0
       0
       0
       0
       0
       0
       0
       0
       0
       0
       0
       0
       0
       0
       0
       0
       0
       1
       0
       0
       0
       0
       1
       1
       0
       0
       0
       0
       0
       1
       0
       0
       0
       1
       0
       0
       0
       0
       0
       0
       0
       0
       0
       0
       0
       0
       0
       0
       0
       0
       0
       0
       1
       0
       0
       0
       2
       0
       0
       0
       0
       0
       1
       1
       0
       0
       0
       0
       1
       1
       0
       1
       0
       0
       0
       0
       0
       0
       0
       0
       0
       0
       0
       0
       1
       0
       0
       0
       0
       0
       0
       0
       0
       1
       0
       1
       1
       0
       0
       1
       0
       0
       0
       0
       0
       0
       0
       0
       0
       0
       0
       0
       0
       0
       0
       0
       1
       1
       0
       0
       1
       1
       1
       0
       0
       0
       0
       0
       0
       0
       1
       0
       0
       0
       0
       0
       0
       0
       0
       0
       0
       0
       0
       0
       0
       0
       1
       0
       0
       0
       0
       1
       0
       1
       0
       1
       0
       1
       0
       0
       0
       0
       0
       1
       0
       0
       0
       0
       0
       1
       0
       0
       0
       0
       0
       0
       0
       1
       0
       0
       1
       0
       0
       0
       0
       1
       0
       1
       1
       0
       1
       0
       0
       1
       0
       0
       2
       0
       0
       0
       0
       0
       0
       0
       0
       0
       0
       0
       0
       0
       0
       0
       0
       1
       1
       0
       0
       0
       1
       0
       0
       1
       0
       0
       0
       1
       0
       0
       0
       0
       0
       0
       2
       0
       1
       3
       0
       0
       0
       0
       0
       0
       1
       0
       0
       0
       0
       0
       0
       0
       0
       0
       0
       0
       1
       0
       1
       1
       0
       0
       0
       0
       0
       0
       0
       0
       0
       0
       0
       0
       0
       0
       0
       1
       0
       0
       0
       0
       0
       1
       0
       0
       0
       0
       0
       1
       0
       1
       0
       0
       0
       0
       0
       1
       0
       1
       0
       0
       0
       1
       2
       0
       1
       2
       0
       0
       0
       0
       0
       0
       1
       1
       0
       0
       1
       1
       1
       0
       1
       0
       0
       0
       0
       0
       0
       0
       2
       0
       0
       0
       0
       0
       0
       0
       0
       0
       0
       0
       1
       1
       1
       1
       0
       1
       0
       1
       0
       1
       0
       0
       0
       0
       0
       1
       0
       1
       0
       0
       0
       0
       3
       0
       0
       0
       2
       0
       0
       0
       0
       0
       0
       0
       1
       0
       0
       0
       1
       0
       0
       0
       0
       0
       0
       1
       0
       1
       0
       1
       0
       0
       0
       1
       0
       0
       0
       0
       0
       0
       0
       1
       1
       0
       1
       1
       0
       0
       0
       1
       0
       0
       0
       0
       1
       0
       0
       0
       1
       0
       0
       1
       0
       0
       0
       0
       0
       1
       0
       0
       0
       0
       0
       1
       0
       0
       0
       0
       0
       0
       0
       0
       0
       0
       0
       0
       1
       2
       0
       0
       0
       1
       0
       0
       0
       0
       0
       1
       0
       0
       0
       0
       0
       1
       0
       0
       0
       0
       0
       0
       0
       0
       0
       0
       0
       0
       0
       0
       0
       0
       0
       0
       0
       1
       0
       1
       1
       0
       1
       0
       0
       0
       0
       1
       0
       0
       0
       0
       0
       0
       0
       0
       0
       0
       0
       2
       0
       0
       1
       0
       0
       0
       1
       0
       1
       0
       0
       0
       0
       1
       1
       0
       0
       0
       0
       0
       0
       1
       0
       0
       0
       0
       0
       0
       1
       0
       0
       1
       0
       1
       0
       0
       1
       0
       0
       0
       0
       0
       0
       0
       0
       0
       0
       0
       0
       1
       1
       0
       1
       0
       0
       0
       1
       0
       1
       0
       0
       1
       0
       0
       1
       0
       0
       0
       0
       0
       0
       0
       2
       0
       0
       0
       0
       0
       0
       0
       0
       1
       0
       1
       0
       0
       0
       0
       0
       0
       0
       1
       0
       0
       0
       0
       0
       0
       0
       1
       0
       1
       0
       0
       1
       0
       0
       1
       0
       1
       0
       0
       1
       1
       1
       0
       0
       0
       0
       0
       1
       1
       0
       0
       0
       0
       0
       1
       0
       1
       0
       1
       0
       2
       0
       1
       0
       0
       0
       2
       0
       0
       0
       1
       0
       0
       0
       2
       0
       0
       0
       0
       1
       0
       0
       0
       0
       1
       0
       0
       0
       0
       2
       1
       0
       0
       0
       0
       0
       0
       0
       0
       0
       0
       0
       0
       0
       1
       0
       1
       0
       0
       0
       1
       0
       0
       0
       0
       0
       0
       0
       0
       0
       0
       0
       0
       0
       1
       0
       0
       0
       2
       0
       0
       0
       0
       0
       0
       0
       1
       0
       0
       1
       0
       0
       0
       0
       1
       0
       0
       0
       0
       1
       0
       0
       2
       0
       0
       2
       0
       1
       0
       0
       1
       0
       0
       2
       0
       0
       0
       0
       0
       0
       0
       0
       0
       0
       0
       0
       0
       0
       0
       0
       1
       1
       0
       1
       0
       0
       0
       0
       0
       0
       0
       0
       1
       0
       1
       0
       0
       0
       0
       2
       0
       0
       1
       0
       0
       0
       0
       0
       0
       0
       0
       0
       0
       0
       0
       0
       0
       0
       0
       0
       0
       1
       0
       1
       0
       0
       0
       1
       0
       0
       0
       0
       0
       2
       0
       0
       0
       0
       0
       0
       0
       0
       1
       0
       1
       0
       0
       0
       0
       0
       0
       0
       0
       0
       0
       0
       0
       0
       0
       0
       0
       0
       0
       0
       0
       0
       1
       1
       0
       0
       0
       0
       0
       1
       0
       0
       0
       0
       0
       0
       0
       0
       0
       0
       0
       0
       0
       0
       0
       0
       0
       1
       0
       0
       0
       0
       0
       2
       1
       0
       0
       0
       0
       1
       1
       0
       0
       0
       0
       1
       0
       0
       0
       0
       0
       0
       0
       0
       0
       0
       0
       0
       0
       0
       0
       0
       0
       0
       0
       1
       0
       0
       0
       0
       0
       0
       1
       0
       0
       0
       0
       1
       0
       1
       0
       0
       0
       0
       3
       0
       1
       1
       0
       2
       1
       0
       0
       1
       0
       0
       0
       0
       0
       0
       0
       0
       0
       0
       0
       0
       1
       0
       1
       0
       0
       0
       0
       0
       0
       0
       1
       0
       0
       0
       0
       1
       0
       0
       0
       0
       1
       2
       0
       0
       1
       1
       1
       4
       1
       0
       1
       0
       1
       0
       1
       3
       2
       0
       0
       1
       0
       0
       0
       0
       0
       0
       0
       0
       0
       0
       0
       1
       0
       0
       0
       0
       0
       0
       0
       0
       0
       1
       1
       0
       1
       0
       0
       0
       0
       0
       0
       0
       0
       0
       0
       0
       0
       0
       0
       1
       0
       1
       1
       0
       0
       1
       0
       0
       0
       0
       0
       0
       0
       0
       0
       0
       0
       0
       0
       0
       0
       0
       0
       0
       1
       0
       0
       0
       0
       0
       0
       1
       0
       0
       0
       0
       0
       1
       0
       0
       0
       0
       0
       0
       0
       0
       0
       0
       0
       0
       0
       0
       0
       0
       1
       0
       0
       0
       0
       0
       0
       0
       0
       0
       1
       0
       2
       0
       0
       0
       1
       0
       0
       0
       0
       0
       0
       0
       1
       1
       0
       1
       0
       0
       1
       0
       1
       0
       0
       0
       0
       0
       0
       0
       0
       1
       0
       0
       0
       0
       1
       0
       0
       0
       0
       0
       0
       0
       1
       0
       1
       0
       0
       0
       0
       0
       0
       0
       0
       0
       0
       0
       0
       0
       0
       0
       0
       0
       1
       0
       0
       0
       0
       0
       0
       0
       1
       0
       0
       0
       0
       0
       0
       0
       0
       1
       0
       2
       1
       0
       0
       0
       0
       0
       0
       0
       0
       1
       0
       0
       1
       1
       0
       0
       1
       1
       0
       0
       0
       0
       1
       0
       0
       1
       0
       0
       0
       0
       0
       0
       0
       1
       0
       1
       0
       0
       0
       1
       1
       0
       0
       1
       0
       0
       0
       0
       0
       0
       0
       0
       0
       1
       0
       0
       2
       0
       0
       0
       0
       1
       1
       0
       0
       0
       2
       0
       0
       0
       0
       0
       0
       0
       0
       0
       0
       0
       0
       0
       1
       0
       0
       0
       0
       0
       0
       1
       1
       0
       0
       0
       0
       0
       0
       1
       0
       0
       0
       0
       0
       0
       0
       0
       1
       0
       0
       0
       0
       0
       0
       0
       0
       0
       1
       0
       1
       0
       0
       0
       0
       0
       0
       0
       0
       0
       0
       0
       0
       0
       0
       1
       0
       1
       0
       0
       0
       0
       0
       0
       0
       0
       0
       1
       0
       0
       0
       0
       0
       0
       0
       1
       0
       0
       0
       0
       0
       0
       0
       1
       0
       0
       0
       1
       0
       0
       0
       0
       0
       0
       0
       0
       0
       0
       0
       0
       0
       0
       0
       0
       0
       0
       0
       0
       1
       0
       0
       0
       0
       1
       0
       0
       0
       0
       0
       0
       0
       0
       0
       0
       0
       1
       0
       0
       0
       0
       0
       0
       1
       0
       0
       1
       1
       0
       0
       0
       0
       0
       0
       0
       0
       0
       0
       0
       0
       0
       0
       0
       0
       0
       0
       0
       0
       0
       0
       0
       1
       0
       0
       0
       0
       0
       0
       0
       1
       1
       0
       0
       0
       0
       0
       1
       0
       0
       0
       1
       0
       0
       0
       1
       0
       0
       0
       0
       0
       0
       0
       0
       0
       0
       0
       0
       0
       0
       0
       0
       1
       0
       0
       0
       0
       0
       1
       1
       1
       0
       0
       0
       0
       1
       0
       1
       0
       0
       0
       0
       0
       1
       1
       0
       0
       0
       0
       0
       0
       0
       0
       0
       0
       0
       0
       0
       0
       0
       0
       0
       0
       0
       0
       1
       0
       0
       0
       0
       1
       0
       0
       0
       1
       0
       0
       0
       0
       0
       0
       0
       0
       0
       0
       0
       0
       0
       0
       0
       0
       0
       0
       0
       0
       0
       0
       0
       0
       0
       0
       0
       0
       0
       0
       0
       0
       0
       0
       0
       0
       1
       0
       0
       0
       1
       0
       0
       0
       0
       0
       0
       0
       0
       0
       0
       0
       0
       0
       0
       0
       0
       0
       0
       0
       0
       1
       0
       0
       0
       1
       0
       0
       1
       0
       0
       0
       0
       0
       0
       0
       0
       0
       0
       0
       1
       0
       0
       0
       0
       0
       0
       0
       0
       1
       0
       0
       0
       0
       0
       0
       0
       0
       0
       0
       0
       0
       0
       0
       0
       0
       0
       0
       0
       0
       0
       0
       0
       0
       0
       0
       0
       1
       0
       0
       0
       0
       0
       0
       0
       0
       0
       0
       0
       0
       0
       0
       0
       0
       0
       1
       1
       0
       0
       0
       0
       0
       0
       0
       0
       0
       0
       0
       0
       0
       0
       0
       0
       0
       0
       0
       0
       0
       0
       0
       0
       0
       0
       0
       0
       0
       1
       0
       1
       0
       0
       0
       0
       0
       1
       0
       0
       0
       1
       0
       0
       0
       0
       0
       0
       0
       0
       1
       0
       0
       1
       0
       0
       0
       0
       0
       0
       0
       0
       0
       0
       0
       0
       0
       0
       0
       0
       0
       1
       0
       0
       0
       0
       0
       0
       0
       0
       0
       0
       0
       0
       0
       0
       0
       0
       0
       0
       0
       0
       0
       0
       0
       0
       0
       0
       0
       0
       0
       0
       0
       0
       0
       0
       0
       0
       0
       0
       0
       0
       0
       0
       0
       0
       0
       0
       0
       0
       0
       0
       0
       0
       0
       0
       0
       1
       0
       0
       0
       0
       0
       0
       0
       0
       0
       0
       0
       0
       0
       0
       0
       0
       0
       0
       0
       0
       0
       0
       0
       0
       0
       0
       0
       0
       0
       1
       0
       0
       0
       0
       0
       0
       0
       0
       0
       1
       0
       0
       0
       0
       0
       0
       0
       0
       0
       0
       0
       0
       0
       0
       0
       0
       0
       0
       0
       0
       0
       0
       1
       0
       0
       0
       0
       0
       0
       1
       0
       0
       0
       0
       0
       0
       0
       0
       0
       0
       0
       0
       1
       1
       0
       0
       0
       0
       0
       0
       0
       0
       0
       0
       0
       0
       0
       0
       0
       0
       0
       0
       0
       0
       0
       0
       0
       0
       0
       0
       0
       0
       0
       0
       0
       0
       0
       0
       0
       0
       0
       0
       0
       0
       0
       0
       0
       0
       0
       0
       0
       1
       0
       0
       0
       0
       0
       0
       0
       1
       0
       0
       0
       0
       1
       0
       0
       0
       1
       0
       1
       0
       0
       1
       1
       0
       0
       1
       1
       1
       1
       3
       1
       2
       1
       1
       3
       1
       3
       3
       1
       4
       1
       1
       1
       0
       2
       3
       0
       1
       0
       0
       0
       0
       0
       0
       0
       0
       0
       1
       2
       0
       0
       0
       0
       0
       0
       0
       0
       0
       0
       0
       0
       1
       0
       1
       1
       0
       0
       1
       0
       0
       0
       0
       0
       0
       0
       0
       0
       0
       1
       0
       0
       0
       0
       0
       0
       0
       0
       0
       0
       0
       0
       0
       0
       0
       0
       0
       0
       0
       0
       0
       0
       0
       1
       0
       0
       0
       0
       0
       1
       0
       0
       0
       0
       0
       0
       0
       0
       0
       0
       0
       0
       0
       0
       0
       0
       0
       0
       0
       0
       0
       0
       0
       0
       0
       0
       0
       0
       0
       0
       0
       0
       0
       0
       0
       0
       0
       0
       0
       0
       0
       0
       0
       0
       0
       0
       0
       0
       0
       0
       0
       0
       0
       0
       0
       0
       0
       0
       0
       0
       0
       0
       0
       0
       0
       0
       0
       0
       0
       0
       0
       0
       0
       0
       0
       0
       0
       0
       0
       0
       0
       0
       0
       0
       0
       0
       0
       0
       0
       0
       0
       0
       0
       0
       0
       0
       0
       0
       0
       0
       0
       0
       0
       0
       0
       0
       0
       0
       0
       0
       0
       0
       0
       0
       0
       0
       0
       0
       0
       0
       0
       0
       0
       0
       0
       0
       0
       0
       0
       0
       0
       0
       0
       0
       0
       0
       0
       0
       0
       0
       0
       0
       0
       0
       0
       0
       0
       0
       0
       0
       0
       0
       0
       0
       0
       0
       0
       0
       0
       0
       0
       0
       0
       0
       0
       0
       0
       0
       0
       0
       0
       0
       0
       0
       0
       0
       0
       0
       0
       0
       0
       0
       0
       0
       0
       0
       0
       0
       0
       0
       0
       0
       0
       0
       0
       0
       0
       0
       0
       0
       0
       0
       0
       0
       0
       0
       0
       0
       0
       0
       0
       0
       0
       0
       0
       0
       0
       0
       0
       0
       0
       0
       0
       0
       0
       0
       0
       0
       0
       0
       0
       0
       0
       0
       0
       0
       0
       0
       0
       0
       0
       0
       0
       0
       0
       0
       0
       0
       0
       0
       0
       0
       0
       0
       0
       0
       0
       0
       0
       0
       0
       0
       0
       0
       0
       0
       0
       0
       0
$ROI:
11
583 647
961 1022
1579 1617
1945 1972
2543 2573
3149 3192
3710 3760
4621 4695
5562 5597
6799 6831
13202 13243
$PRESETS:
None
0
0
$ENER_FIT:
0.397847 0.199192
$MCA_CAL:
3
3.978472E-001 1.991916E-001 0.000000E+000 keV
$SHAPE_CAL:
3
5.030225E+000 9.745300E-004 0.000000E+000
