$SPEC_ID:
No sample description was entered.
$SPEC_REM:
DET# 1
DETDESC# DESKTOP-9VUPE7E Model 927 SN 7115241 Input 1
AP# Maestro Version 7.01
$DATE_MEA:
12/17/2025 14:04:25
$MEAS_TIM:
1895 1928
$DATA:
0 16383
       0
       0
       0
       0
       0
       0
       0
       0
       0
       0
       0
       0
       0
       0
       0
       0
       0
       0
       0
       0
       0
       0
       0
       0
       0
       0
       0
       0
       0
       0
       0
       0
       0
       0
       0
       0
       0
       0
       0
       0
       0
       0
       0
       0
       0
       0
       0
       0
       0
       0
       0
       0
       0
       0
       0
       0
       0
       0
       0
       0
       0
       0
       0
       0
       0
       0
       0
       0
       0
       0
       0
       0
       0
       0
       0
       0
       0
       0
       0
       0
       0
       0
       0
       0
       0
       0
       0
       0
       0
       0
       0
       0
       0
       0
       0
       0
       0
       0
       0
       0
       0
       0
       0
       0
       0
       0
       0
       0
       0
       0
       0
       0
       0
       0
       0
       0
       0
       0
       0
       0
       0
       0
       0
       0
       0
       0
       0
       0
       0
       0
       0
       0
       0
       0
       0
       0
       0
       0
       0
       0
       0
       0
       0
       0
       0
       0
       0
       0
       0
       0
       0
       0
       0
       0
       0
       0
       0
       0
       0
       0
       0
       0
       0
       0
       0
       0
       0
       0
       0
       0
       0
       0
       0
       0
       0
       0
       0
       0
       0
       0
       0
       0
       0
       0
       0
       0
       0
       0
       0
       0
       0
       0
       0
       0
       0
       0
       0
       0
       0
       0
       0
       0
       0
       0
       0
       0
       0
       0
       0
       0
       0
       0
       0
       0
       0
       0
       0
       0
       0
       0
       0
       0
       0
       0
       0
       0
       0
       0
       0
       0
       0
       0
       0
       0
       0
       0
       0
       0
       0
       0
       0
       0
       0
       0
       0
       0
       0
       0
       0
       0
       0
       0
       0
       0
       0
       0
       0
       0
       0
       0
       0
       0
       0
       0
       0
       0
       0
       0
       0
       0
       0
       0
       0
       0
       0
       0
       0
       0
       0
       0
       0
       0
       0
       0
       0
       0
       0
       0
       0
       0
       0
       0
       0
       0
       0
       0
       0
       0
       0
       0
       0
       0
       0
       0
       0
       0
       0
       0
       0
       0
       0
       0
       0
       0
       0
       0
       0
       0
       0
       0
       0
       0
       0
       0
       0
       0
       0
       0
       0
       0
       0
       0
       0
       0
       0
       0
       0
       0
       0
       0
       0
       0
       0
       0
       0
       0
       0
       0
       0
       0
       0
       0
       0
       0
       0
       0
       0
       0
       0
       0
       0
       0
       0
       0
       0
       0
       0
       0
       0
       0
       0
       0
       0
       0
       0
       0
       0
       0
       0
       0
       0
       0
       0
       0
       0
       0
       0
       0
       0
       0
       0
       0
       0
       0
       0
       0
       0
       0
       0
       4
      50
     160
     168
     164
     167
     169
     181
     190
     186
     187
     167
     199
     203
     180
     166
     182
     201
     198
     203
     188
     223
     200
     214
     223
     219
     187
     199
     214
     221
     215
     224
     219
     236
     217
     249
     252
     218
     254
     222
     212
     221
     228
     246
     216
     249
     234
     223
     225
     239
     239
     213
     218
     224
     225
     240
     222
     229
     230
     264
     201
     225
     196
     244
     216
     229
     202
     196
     219
     221
     208
     224
     191
     195
     213
     189
     211
     207
     219
     192
     221
     216
     180
     214
     171
     202
     200
     203
     208
     203
     201
     200
     186
     204
     207
     190
     195
     186
     207
     181
     184
     196
     175
     184
     230
     197
     206
     182
     208
     200
     207
     196
     209
     194
     179
     224
     184
     208
     193
     207
     198
     191
     196
     192
     192
     200
     201
     202
     215
     234
     218
     206
     196
     210
     209
     202
     197
     199
     207
     217
     239
     195
     194
     174
     213
     191
     210
     236
     222
     216
     210
     215
     208
     209
     225
     249
     223
     229
     225
     216
     236
     215
     232
     212
     221
     230
     198
     215
     212
     232
     211
     221
     232
     228
     211
     214
     226
     225
     241
     242
     234
     257
     258
     252
     240
     277
     251
     256
     255
     257
     236
     229
     269
     246
     248
     258
     276
     298
     272
     294
     273
     365
     529
     786
    1218
    1857
    2415
    2814
    2851
    2505
    1874
    1279
     851
     475
     336
     245
     211
     205
     205
     200
     235
     214
     201
     198
     194
     214
     207
     206
     197
     193
     210
     211
     200
     210
     229
     200
     225
     200
     201
     200
     208
     213
     210
     213
     199
     223
     194
     204
     242
     221
     215
     216
     210
     229
     242
     244
     214
     229
     244
     257
     211
     241
     241
     229
     260
     232
     241
     250
     259
     257
     267
     226
     250
     261
     230
     236
     273
     266
     250
     247
     219
     257
     262
     231
     256
     232
     245
     251
     226
     228
     231
     230
     224
     264
     221
     227
     248
     260
     253
     235
     242
     227
     229
     262
     259
     245
     248
     244
     246
     229
     232
     267
     233
     237
     255
     254
     254
     260
     248
     271
     242
     263
     255
     249
     252
     245
     256
     263
     252
     241
     234
     240
     241
     242
     241
     236
     242
     250
     252
     233
     251
     232
     237
     223
     260
     230
     248
     239
     228
     246
     228
     231
     247
     234
     243
     253
     274
     240
     253
     252
     257
     223
     222
     225
     246
     233
     249
     232
     232
     260
     223
     251
     232
     253
     237
     272
     250
     246
     240
     226
     217
     257
     200
     235
     237
     228
     248
     266
     216
     285
     245
     200
     248
     233
     251
     226
     224
     223
     243
     214
     237
     244
     239
     221
     256
     248
     256
     233
     236
     241
     252
     229
     240
     232
     216
     224
     214
     263
     226
     219
     216
     217
     235
     223
     234
     249
     240
     237
     249
     265
     252
     238
     200
     206
     251
     257
     217
     243
     245
     254
     233
     255
     240
     227
     222
     250
     227
     257
     250
     262
     241
     248
     237
     216
     243
     242
     234
     245
     230
     208
     241
     253
     225
     240
     222
     203
     218
     227
     220
     231
     237
     202
     222
     262
     234
     265
     230
     255
     224
     245
     210
     225
     249
     252
     222
     246
     204
     238
     227
     249
     237
     228
     240
     229
     228
     244
     212
     266
     256
     239
     247
     247
     226
     237
     231
     231
     255
     258
     230
     214
     223
     229
     237
     243
     256
     254
     230
     246
     228
     249
     225
     237
     232
     251
     236
     252
     241
     227
     235
     239
     261
     264
     264
     265
     225
     249
     228
     225
     233
     240
     232
     254
     253
     224
     217
     242
     255
     231
     231
     246
     276
     219
     273
     236
     236
     213
     274
     235
     241
     244
     227
     248
     237
     256
     255
     250
     232
     238
     262
     239
     254
     218
     259
     267
     236
     231
     278
     238
     232
     272
     299
     305
     406
     662
    1011
    1674
    2533
    3489
    4135
    4377
    3797
    3036
    2161
    1259
     805
     429
     272
     230
     186
     185
     159
     183
     185
     177
     183
     169
     182
     164
     172
     145
     174
     193
     202
     191
     186
     192
     221
     200
     195
     162
     182
     192
     208
     161
     162
     186
     180
     172
     177
     170
     187
     163
     183
     178
     184
     204
     172
     178
     181
     181
     180
     192
     217
     192
     183
     165
     184
     170
     172
     189
     179
     180
     164
     190
     161
     176
     188
     174
     187
     201
     199
     199
     178
     165
     182
     184
     184
     193
     164
     164
     159
     214
     193
     188
     191
     171
     177
     171
     183
     176
     181
     167
     205
     188
     188
     171
     168
     184
     193
     182
     164
     172
     182
     188
     177
     182
     172
     166
     181
     199
     204
     188
     212
     182
     166
     187
     188
     171
     187
     194
     167
     157
     197
     161
     165
     162
     173
     174
     187
     177
     153
     154
     161
     150
     176
     183
     175
     171
     180
     186
     176
     184
     164
     163
     169
     180
     176
     171
     188
     182
     173
     170
     179
     177
     183
     207
     167
     167
     173
     173
     208
     181
     159
     171
     182
     171
     179
     171
     168
     192
     149
     181
     181
     199
     165
     177
     164
     164
     186
     162
     167
     186
     200
     177
     177
     182
     170
     173
     185
     183
     199
     170
     198
     189
     190
     173
     177
     193
     180
     175
     182
     206
     188
     185
     191
     176
     178
     190
     190
     192
     189
     160
     182
     175
     178
     166
     169
     205
     184
     211
     197
     217
     205
     202
     189
     195
     172
     178
     163
     174
     166
     191
     178
     191
     179
     195
     166
     202
     158
     182
     171
     184
     173
     164
     186
     175
     176
     177
     173
     164
     163
     172
     179
     172
     150
     158
     151
     148
     166
     167
     174
     159
     147
     155
     190
     185
     162
     152
     167
     192
     190
     167
     161
     171
     148
     199
     169
     158
     159
     176
     178
     156
     171
     179
     184
     198
     191
     172
     193
     161
     145
     178
     186
     160
     178
     174
     179
     187
     155
     152
     177
     163
     155
     175
     167
     202
     151
     182
     207
     157
     128
     175
     159
     161
     161
     154
     137
     161
     174
     145
     146
     166
     176
     167
     135
     167
     186
     165
     151
     154
     159
     173
     189
     138
     170
     146
     182
     179
     165
     173
     192
     161
     163
     165
     152
     170
     149
     173
     172
     150
     151
     131
     147
     161
     170
     183
     177
     172
     173
     152
     152
     168
     176
     161
     160
     165
     159
     174
     170
     150
     177
     175
     163
     178
     185
     158
     164
     156
     144
     174
     159
     162
     162
     175
     160
     177
     148
     156
     126
     147
     184
     167
     166
     155
     205
     169
     146
     163
     173
     180
     176
     171
     152
     174
     132
     150
     186
     155
     142
     154
     179
     168
     163
     167
     155
     149
     151
     162
     171
     157
     147
     162
     150
     161
     180
     154
     146
     138
     166
     145
     147
     144
     147
     147
     150
     145
     145
     165
     154
     152
     158
     151
     150
     170
     168
     162
     142
     158
     140
     157
     166
     149
     138
     154
     160
     156
     160
     163
     131
     131
     154
     174
     150
     148
     113
     153
     165
     147
     164
     143
     146
     152
     147
     146
     129
     118
     133
     156
     159
     153
     149
     134
     147
     139
     160
     146
     143
     141
     162
     158
     154
     145
     148
     155
     152
     137
     125
     134
     153
     138
     118
     154
     142
     144
     130
     169
     142
     163
     135
     157
     137
     146
     129
     154
     146
     145
     147
     150
     159
     127
     117
     154
     155
     123
     153
     130
     138
     134
     147
     125
     134
     135
     122
     166
     142
     126
     154
     125
     145
     150
     134
     140
     124
     148
     161
     143
     128
     136
     153
     133
     155
     153
     143
     124
     149
     140
     137
     149
     126
     164
     142
     146
     138
     148
     133
     147
     140
     158
     153
     178
     166
     158
     130
     170
     156
     155
     132
     143
     137
     133
     133
     134
     152
     152
     132
     138
     111
     140
     128
     122
     123
     146
     105
     130
     126
     140
     125
     132
     157
     147
     144
     147
     133
     122
     131
     116
     135
     145
     152
     137
     151
     143
     137
     157
     140
     153
     134
     150
     137
     126
     128
     122
     135
     114
     110
     126
     131
     133
     140
     155
     121
     159
     137
     130
     118
     109
     132
     148
     125
     130
     140
     129
     118
     110
     131
     138
     134
     120
     139
     114
     123
     129
     137
     135
     131
     121
     105
     138
     115
     113
     116
     109
     125
     108
     138
     103
      91
     108
     146
     139
     137
     129
     126
     129
     114
     140
     105
      98
     128
     113
     112
     124
     134
     112
     116
     125
     121
     132
     120
     111
     150
     101
     119
     120
     115
     123
     128
     128
     117
     129
     120
     130
     147
     103
     118
     133
     126
     114
     121
     113
     103
     116
     111
     120
     119
     131
     115
     123
     123
     117
     113
     114
     124
      93
     130
     127
     104
     125
     142
     106
     138
     145
     139
     115
     119
     121
     108
     134
     106
     115
     125
     104
     141
     123
     124
     117
     119
     105
     125
     126
     124
     103
     130
     111
     101
     124
     118
     115
     115
     136
     124
     117
     107
     119
     125
     124
     106
     128
     112
     119
     126
     113
     115
     117
     143
     140
      99
     103
     125
     121
     126
     129
     124
     121
      89
     105
      99
     116
     130
     103
     105
     106
     115
     130
     118
     111
     113
     112
      83
     104
     104
     118
      91
      88
     112
     115
     101
     122
     106
     115
     111
     103
     116
     111
      98
     107
      95
     114
     108
     111
      95
     111
      99
     106
     100
     100
      97
     111
     102
     118
     107
      97
      97
     123
     125
     109
     102
      93
     104
     114
     106
     107
     101
     109
     108
     103
     101
     101
     114
     112
     114
     115
      93
     106
     111
     100
     103
     112
     117
     105
     102
     105
      94
     125
     103
     105
     107
     102
     107
     109
     103
     106
     101
     114
     107
     115
     103
      86
     103
     101
      98
     121
     110
     107
     116
      98
     103
      86
     106
      92
     106
      98
     104
     103
      98
      97
      96
     101
      97
      93
      92
     103
     111
      89
     115
     108
     105
     113
     113
     100
      95
      95
      98
      90
     105
     101
     112
      95
      99
     100
     105
     117
     127
      95
      97
     115
      72
     109
     101
      91
     100
      86
      80
      90
      94
      93
     104
      95
      83
      92
      79
     100
      94
      84
      98
      80
      96
     104
      84
      94
      98
     103
      85
     100
      96
      85
      93
     110
      84
      92
     104
     106
      79
      86
     101
     104
      96
      80
     104
      89
      75
      95
      97
     102
      85
      97
      98
      95
      85
      92
      94
      75
     110
      82
      97
      84
      95
      87
      83
      98
      93
      90
      66
      99
      92
      83
      77
      70
      88
      79
     108
      99
      81
      93
     103
      97
      76
     106
      97
      93
      73
      90
      97
      73
      89
      86
      84
      75
      97
      84
      95
      82
      64
     105
      98
      93
      87
     107
      86
      83
      82
      87
      88
      88
      96
      82
     111
      97
      84
      88
      77
      81
      91
      79
      89
      97
      87
      89
      79
      89
     105
     103
      77
      98
      83
      89
      79
      88
      98
      92
      87
      96
      94
     106
      90
      79
      74
      88
      86
      74
     100
      96
      74
      93
      93
      83
      83
     104
     126
     125
     205
     231
     286
     346
     354
     353
     334
     301
     209
     180
     138
     101
     101
      92
      94
      70
      78
      85
      77
      87
      75
      92
      84
      95
      76
      87
      82
      58
      70
      90
      93
      80
      86
      92
      79
      80
      78
      75
      96
      79
      86
     100
      63
      69
      78
      79
      95
      74
      80
      50
      85
     108
      79
      93
      83
      69
      75
      77
     110
      82
      92
      66
      90
      91
      71
      72
      76
      88
      82
      76
     103
      74
      84
      72
      85
      79
      84
      77
      68
      86
      72
      76
      79
      83
      84
      78
      90
      76
      92
      98
      74
      73
      83
      86
      88
     108
     110
     103
     106
     128
     109
      87
     114
      86
      81
      83
      81
      69
      60
      76
      79
      86
      71
      74
      71
      64
      89
      69
      86
      69
      82
      78
      61
      70
      78
      65
      73
      73
      65
      89
      67
      82
      77
      67
      66
      82
      75
      84
      65
      79
      73
      76
      80
      80
      91
      70
      81
      71
      65
      70
      65
      69
      78
      82
      74
      70
      82
      70
      73
      79
      64
      70
      74
      83
      98
      68
      73
      68
      63
      70
      72
      77
      64
      72
      74
      50
      86
      77
      72
      71
      69
      75
      72
      83
      74
      78
      67
      68
      66
      69
      72
      75
      57
      76
      63
      76
      70
      61
      79
      68
      63
      47
      82
      76
      70
      74
      74
      80
      66
      56
      78
      68
      79
      89
      73
      53
      64
      73
      68
      69
      65
      54
      66
      79
      66
      58
      63
      56
      63
      71
      47
      61
      57
      59
      55
      59
      77
      69
      62
      68
      67
      68
      61
      68
      75
      72
      74
      75
      77
      66
      72
      74
      67
      95
      61
      62
      77
      78
      60
      75
      67
      65
      69
      77
      75
      85
      65
      61
      66
      85
      70
      65
      66
      65
      70
      77
      72
      73
      71
      76
      70
      62
      89
      70
      66
      66
      57
      70
      61
      72
      72
      67
      67
      81
      69
      77
      77
      62
      56
      58
      64
      63
      77
      75
      63
      53
      73
      62
      54
      62
      72
      63
      94
      74
      94
      91
     107
     139
     132
     138
     114
     128
      92
      88
      95
      81
      74
      73
      65
      74
      66
      54
      59
      57
      55
      47
      71
      70
      67
      63
      57
      59
      67
      69
      65
      57
      63
      64
      64
      62
      72
      71
      67
      60
      59
      68
      70
      65
      60
      61
      57
      70
      51
      72
      61
      66
      66
      61
      68
      59
      67
      57
      65
      54
      56
      62
      49
      55
      53
      66
      58
      65
      46
      58
      55
      56
      43
      75
      76
      55
      65
      55
      56
      63
      58
      58
      68
      52
      57
      64
      73
      52
      67
      54
      65
      69
      67
      76
      63
      79
      63
      53
      57
      61
      71
      55
      56
      55
      53
      52
      53
      48
      70
      60
      63
      40
      65
      55
      54
      63
      61
      59
      60
      61
      55
      60
      69
      69
      76
      61
      71
      61
      70
      61
      50
      70
      64
      44
      65
      58
      50
      60
      46
      59
      61
      59
      68
      70
      68
      58
      65
      69
      60
      49
      57
      70
      69
      67
      60
      57
      57
      61
      49
      67
      85
      63
      95
      97
      98
     112
     156
     128
     147
     171
     207
     237
     253
     290
     304
     312
     334
     270
     266
     309
     258
     237
     182
     193
     139
     146
     107
     101
      89
      74
      76
      56
      66
      59
      73
      60
      49
      53
      44
      72
      60
      49
      58
      62
      63
      51
      61
      58
      50
      43
      52
      49
      57
      49
      64
      63
      59
      57
      64
      40
      48
      46
      50
      45
      46
      42
      41
      42
      61
      47
      64
      61
      55
      64
      46
      48
      48
      54
      62
      40
      40
      44
      52
      42
      36
      65
      44
      53
      51
      41
      69
      64
      48
      62
      54
      50
      34
      55
      61
      45
      48
      55
      63
      35
      44
      49
      41
      38
      51
      52
      49
      53
      44
      46
      49
      41
      46
      48
      46
      53
      48
      47
      59
      57
      50
      38
      41
      51
      59
      48
      49
      60
      49
      39
      47
      52
      51
      59
      61
      47
      51
      46
      44
      53
      62
      56
      40
      54
      46
      51
      38
      58
      43
      48
      47
      43
      44
      52
      48
      62
      51
      46
      38
      46
      56
      43
      49
      56
      43
      52
      43
      55
      52
      56
      63
      55
      64
      63
      58
      60
      61
      62
      53
      60
      46
      40
      53
      44
      50
      45
      53
      41
      43
      40
      46
      49
      38
      51
      47
      72
      45
      45
      46
      71
      99
     119
     212
     325
     474
     682
     859
    1099
    1172
    1201
    1102
     862
     713
     488
     296
     206
     118
      96
     113
     129
     169
     208
     242
     253
     222
     231
     166
     144
      99
      90
      60
      56
      48
      46
      44
      38
      45
      47
      39
      42
      44
      46
      44
      39
      33
      39
      47
      41
      48
      49
      31
      41
      38
      41
      48
      33
      46
      42
      45
      33
      33
      42
      44
      39
      30
      38
      35
      40
      40
      31
      38
      57
      34
      42
      44
      48
      42
      45
      28
      46
      23
      31
      55
      41
      36
      43
      40
      35
      33
      42
      37
      62
      48
      45
      44
      35
      41
      55
      43
      32
      29
      43
      42
      32
      45
      25
      45
      40
      55
      59
      53
      70
      83
     101
     125
     125
     145
     140
     130
     125
      92
      86
      65
      60
      73
      46
      39
      52
      40
      52
      44
      47
      51
      36
      34
      46
      38
      42
      37
      48
      49
      51
      37
      33
      36
      44
      45
      42
      39
      32
      41
      35
      45
      39
      43
      35
      39
      38
      38
      40
      50
      35
      52
      41
      47
      41
      50
      40
      46
      39
      43
      50
      43
      40
      53
      40
      55
      46
      41
      40
      45
      36
      50
      29
      30
      35
      54
      46
      38
      43
      44
      45
      36
      47
      44
      40
      38
      45
      44
      37
      35
      28
      41
      36
      43
      36
      43
      38
      33
      39
      41
      57
      41
      33
      36
      43
      31
      41
      36
      46
      42
      47
      42
      40
      36
      46
      49
      47
      34
      36
      38
      36
      35
      46
      31
      36
      41
      31
      50
      51
      48
      28
      36
      40
      47
      48
      35
      24
      37
      41
      40
      42
      34
      41
      37
      44
      57
      90
     134
     166
     225
     326
     391
     493
     494
     539
     547
     402
     327
     261
     163
     114
      78
      57
      44
      38
      42
      34
      37
      53
      43
      29
      38
      46
      41
      40
      37
      42
      43
      45
      38
      37
      43
      40
      32
      42
      28
      33
      43
      40
      40
      54
      53
      52
      40
      60
      62
      68
      98
     138
     133
     166
     213
     240
     279
     242
     196
     208
     127
      98
      63
      66
      53
      44
      31
      36
      36
      37
      31
      28
      31
      43
      38
      37
      40
      43
      37
      32
      33
      51
      48
      59
      68
      71
      91
     111
     153
     142
     160
     151
     122
     110
      98
      70
      50
      61
      52
      39
      43
      42
      38
      43
      40
      35
      43
      29
      33
      39
      26
      37
      47
      29
      35
      36
      35
      31
      30
      37
      34
      32
      31
      35
      36
      29
      41
      36
      41
      30
      35
      33
      38
      36
      27
      34
      43
      38
      41
      46
      50
      73
      99
     170
     238
     313
     468
     629
     684
     739
     764
     726
     608
     474
     354
     233
     121
      89
      78
      50
      46
      56
      66
      89
      91
     126
     129
     126
     122
     134
     144
     100
      92
     100
      70
      65
      43
      48
      48
      32
      26
      40
      37
      23
      39
      36
      29
      37
      26
      33
      32
      38
      45
      29
      22
      26
      34
      49
      35
      24
      33
      34
      37
      36
      25
      40
      30
      34
      29
      33
      33
      29
      30
      39
      30
      20
      29
      35
      24
      39
      25
      32
      31
      27
      26
      32
      34
      31
      22
      35
      24
      23
      32
      25
      41
      21
      27
      25
      28
      33
      31
      29
      34
      44
      40
      29
      32
      40
      39
      31
      35
      16
      27
      32
      25
      27
      29
      30
      43
      44
      51
      50
      39
      41
      58
      60
      85
      95
      92
     102
      75
      87
      67
      61
      57
      37
      34
      34
      34
      33
      32
      31
      20
      38
      25
      29
      26
      29
      42
      40
      31
      30
      31
      24
      34
      30
      35
      22
      32
      25
      27
      29
      42
      37
      29
      27
      34
      34
      29
      36
      31
      35
      30
      32
      40
      31
      28
      28
      31
      33
      35
      35
      28
      32
      33
      45
      40
      45
      33
      37
      49
      33
      37
      32
      29
      29
      30
      28
      22
      36
      19
      29
      26
      35
      22
      28
      32
      26
      42
      32
      31
      31
      26
      31
      27
      21
      21
      24
      31
      24
      25
      23
      37
      29
      25
      23
      35
      31
      26
      25
      27
      27
      29
      27
      35
      31
      40
      34
      43
      74
     116
     154
     215
     305
     465
     564
     768
     761
     780
     773
     603
     481
     377
     231
     157
     111
      57
      46
      30
      34
      27
      31
      22
      25
      16
      30
      18
      36
      29
      35
      22
      33
      36
      46
      33
      28
      30
      36
      40
      34
      34
      27
      31
      26
      31
      33
      19
      28
      33
      29
      26
      26
      26
      17
      22
      22
      27
      25
      26
      30
      21
      32
      23
      29
      25
      25
      22
      22
      23
      27
      25
      26
      22
      21
      34
      33
      26
      26
      26
      26
      20
      24
      29
      31
      29
      20
      24
      21
      27
      33
      36
      31
      30
      26
      37
      42
      45
      73
      82
      72
     102
     113
     123
     145
     109
      94
      96
      81
      63
      43
      29
      26
      32
      27
      30
      27
      16
      23
      26
      25
      28
      22
      26
      27
      34
      33
      26
      29
      26
      29
      37
      38
      34
      34
      42
      38
      35
      46
      32
      45
      24
      29
      30
      20
      28
      22
      25
      20
      29
      23
      30
      26
      27
      21
      26
      18
      24
      15
      26
      27
      23
      24
      18
      30
      33
      39
      15
      26
      24
      29
      24
      23
      27
      28
      30
      23
      26
      29
      19
      26
      28
      25
      21
      28
      22
      32
      22
      19
      24
      31
      33
      37
      39
      44
      41
      45
      39
      42
      34
      22
      25
      28
      30
      27
      31
      31
      22
      24
      23
      19
      29
      25
      28
      25
      27
      28
      22
      23
      27
      23
      41
      31
      27
      20
      29
      28
      22
      33
      19
      28
      27
      26
      20
      20
      25
      32
      32
      28
      32
      29
      28
      44
      46
      48
      56
      82
      98
     127
     123
     131
     151
     116
     116
      88
      51
      55
      50
      30
      22
      20
      30
      23
      17
      25
      25
      32
      33
      21
      22
      20
      18
      18
      22
      37
      27
      28
      20
      24
      23
      16
      21
      23
      27
      24
      18
      27
      34
      33
      23
      24
      19
      16
      22
      32
      26
      21
      25
      21
      19
      21
      22
      25
      23
      32
      23
      24
      24
      31
      14
      22
      19
      25
      25
      16
      22
      23
      25
      22
      27
      23
      29
      24
      19
      22
      40
      39
      61
      69
      94
     122
     149
     150
     130
     129
     116
      81
      71
      53
      38
      23
      18
      20
      15
      18
      24
      24
      19
      33
      28
      41
      45
      75
      81
      88
     137
     135
     155
     159
     134
     149
     109
      81
      74
      48
      56
      30
      30
      41
      25
      31
      36
      45
      33
      32
      32
      37
      16
      16
      22
      25
      17
      26
      18
      24
      27
      10
      21
      14
      22
      17
      21
      26
      15
      19
      18
      22
      30
      27
      17
      16
      20
      20
      20
      15
      21
      23
      25
      21
      23
      14
      11
      16
      22
      20
      24
      15
      21
      28
      18
      24
      28
      20
      27
      16
      17
      18
      16
      27
      15
      18
      21
      23
      11
      20
      15
      15
      13
      16
      13
      18
      18
      20
      13
      26
      28
      24
      28
      12
      21
      19
      21
      30
      25
      12
      13
      16
      27
      19
      15
      16
      14
      27
      18
      20
      21
      16
      15
      18
      27
      21
      18
      21
      31
      33
      15
      26
      25
      18
      18
      17
      19
      21
      16
      21
      15
      15
      23
      18
      25
      19
      18
      17
      17
      22
      12
      18
      18
      25
      22
      20
      29
      26
      16
      11
      21
      15
      17
      23
      18
      21
      16
      22
      23
      15
      13
      19
      19
      18
      24
      19
      24
      13
      17
      13
      21
      19
      21
      19
      14
       7
      13
      18
      14
      10
      16
      20
      25
      21
      19
      18
      21
      16
      14
      16
      18
      18
      30
      22
      20
      17
      17
      18
      12
      16
      15
      25
      18
      14
      18
      12
      23
      14
      23
      26
      12
      19
      16
      16
      17
      18
      19
      25
      19
      23
      16
      31
      19
      24
       8
      22
      16
      14
      16
      13
      19
      12
      20
      15
      14
      18
      17
      24
      15
      13
      23
      26
      22
      17
      16
      19
      25
      10
      17
      26
      24
      25
      51
      69
      69
     130
     171
     228
     281
     300
     338
     390
     329
     261
     214
     168
     128
      75
      42
      37
      19
      15
      21
      23
      19
      18
      16
      15
      19
      12
       7
      20
       9
      16
      15
      23
      15
      19
      17
      12
      16
      13
      15
      16
      14
      11
      11
      14
      16
      24
      21
      11
      13
      12
      19
      19
       9
      16
      22
      16
      22
      16
      20
      15
      16
      16
      20
      15
      25
      23
      24
      17
      34
      18
      18
      20
      21
      11
      18
      20
      20
      15
      19
      13
      24
      19
      23
      23
      15
      14
      17
      17
      17
      12
      20
      22
      12
      19
      21
      20
      20
      13
      17
      16
      22
      22
      12
      24
      15
      16
      15
      10
      12
      20
      20
      18
      17
      22
      14
      20
      15
      18
      19
      13
      10
      10
      18
      19
      16
      20
      20
      14
      16
      19
      24
      20
      11
      21
      17
      14
      13
      18
      19
      21
      18
      18
      17
      18
      16
      12
      13
      14
      10
      14
      10
      19
      12
      20
      17
      16
      16
      22
      15
      10
      16
      28
      17
      14
      12
      17
      10
      21
      12
      19
      10
      11
       9
      17
      14
      15
      11
      22
      23
      13
      22
      28
      31
      25
      59
      51
      47
      43
      56
      44
      49
      44
      25
      27
      24
      26
      21
      14
      14
      10
       9
      18
       6
      18
      11
      13
      18
      18
      14
      19
      14
      23
       8
      17
      15
      17
      15
      16
      16
      20
      21
      20
      20
      19
      15
      17
      20
      14
      17
      22
      10
      18
      13
      19
      20
      17
      27
      42
      41
      50
      87
     149
     188
     249
     311
     419
     451
     463
     492
     433
     364
     285
     212
     138
      86
      70
      36
      29
      16
      14
      17
      17
      20
      20
      15
      14
       8
      12
      14
      12
      10
      15
      16
      10
      10
      16
      16
      21
      21
      13
      15
      15
      17
      20
      12
      21
      12
      14
      25
      29
      33
      42
      51
      82
     102
     141
     151
     165
     161
     166
     162
     110
     116
      70
      68
      51
      27
      25
      21
      17
      15
      17
      15
      11
      14
      21
      14
      10
      11
      12
      17
      19
      15
      13
      16
      17
      13
      16
      24
      14
      15
      13
      18
      11
      21
      14
      10
      11
      19
       9
      13
      13
      11
      20
      16
      14
      11
      19
      18
      23
      18
      12
      19
      16
      22
      23
      23
      32
      33
      44
      38
      45
      50
      57
      61
      37
      54
      31
      40
      16
      19
      15
      20
      16
       9
      18
      11
      14
      13
      13
      15
      21
      18
      16
      18
      10
      10
      10
       9
      13
       8
      17
      15
      11
      12
      20
       9
      14
      12
      15
      14
      14
      13
      11
      12
      12
      13
      13
      15
      23
      22
      20
      26
      20
      21
      28
      19
      13
      24
      19
      14
      16
      18
      17
      16
      14
      12
      11
      12
      18
      11
      17
      16
      19
      15
      18
      10
      11
      18
      18
      11
       5
      15
      13
      14
      11
      14
      17
      14
      11
      11
      12
      18
      12
       9
      13
      16
      18
      13
      22
      18
      20
      10
      21
      23
      18
      10
      12
      17
      14
       7
      15
      16
      24
      26
      44
      51
      78
      86
     135
     138
     174
     195
     190
     172
     144
     104
      86
      76
      42
      36
      14
      22
      14
      16
      18
      14
      14
      14
      14
      14
      20
      14
       8
       9
      13
      10
      12
      14
      14
      16
      14
       9
      19
      13
      16
      16
      13
      10
      26
      19
      12
      15
      16
      12
      11
      11
      13
      13
      15
      13
      12
      16
      17
      17
      19
      13
      16
      14
      12
       9
      12
       8
      21
       5
      14
      19
      12
      11
      10
      12
      10
      15
      17
       5
      14
       8
      16
      12
      14
      10
       9
      12
      12
      16
      10
      13
      22
      19
      23
      19
      24
      24
      20
      17
      10
      11
       9
      20
      14
      15
      18
       9
      13
      19
      20
      29
      22
      25
      26
      30
      19
      36
      24
      25
      29
      22
      15
       7
       8
      12
      14
       3
      13
      12
      12
       8
       8
       9
       8
       7
      11
       9
       8
      12
      15
      14
       8
      15
       9
      14
       9
      10
      12
      16
      18
      11
      11
      15
      12
      11
      14
      12
       7
      16
      14
       6
       9
      16
       9
      13
      20
      11
      16
      10
      16
      12
      13
      13
      12
       9
       9
      12
       6
      10
      10
       6
      13
       8
      15
      11
      16
      23
      24
      30
      20
      23
      32
      25
      20
      38
      37
      64
      76
      97
     122
     166
     217
     192
     231
     213
     192
     167
     106
      86
      70
      43
      41
      24
      17
      17
      17
       3
       7
      11
      16
       7
       9
       9
      10
      13
      12
       4
      10
      10
      12
       9
       5
       8
      10
      10
      11
      15
       8
       8
      13
      11
       4
      16
      18
      13
      25
      16
      21
      23
      20
      24
      19
      19
      15
      14
      11
      10
      10
       5
       8
       9
      12
       9
      12
       5
       5
      11
       9
      11
      13
      15
      12
      10
       7
       9
      11
      14
      14
      14
       6
      14
       7
      11
       9
       9
       9
       9
      13
      14
      11
      14
       6
       8
       9
      13
      10
       7
       9
      13
       5
       9
      13
      12
      14
      20
       8
      20
      22
      22
      28
      60
      59
      98
     105
     154
     194
     238
     213
     236
     202
     217
     123
     105
      84
      51
      29
      28
      10
      19
      10
      10
      12
      13
       9
      11
       4
      16
      15
      12
       9
      10
      10
       8
       7
      10
      12
       8
      12
       4
      13
       8
       8
       4
       7
       7
      11
      14
       9
      13
       7
      14
      11
      13
      15
      17
       7
      13
      17
      13
      17
      12
      14
      17
      30
      19
      28
      29
      27
      24
      21
      23
      20
      21
      20
      15
      15
      14
       8
      15
       9
      13
       8
       8
       9
      10
       9
      10
       7
      11
       9
      12
      18
       5
       9
      11
       9
      11
       7
       8
      15
       8
      11
      14
      12
      12
       7
      10
       8
       8
      12
      18
       9
      21
       9
      13
      15
      10
      13
      11
      16
      12
      12
       8
       4
      14
       7
       8
      17
       5
      12
      14
       8
      11
      11
       7
       8
       9
      15
       8
       9
       6
      14
      18
      24
      20
      16
      34
      23
      21
      22
      15
      20
      13
      15
      16
       8
       8
       5
       8
      11
       6
       8
      11
       4
       5
       9
      14
       4
      11
       7
       5
       5
       4
       9
      10
       6
       8
      12
      11
       5
      14
       3
      13
       7
      12
       8
       6
      11
      10
      10
       9
      13
      11
       5
      11
      11
       6
      11
       5
       7
      13
      10
       5
       4
      10
       8
      11
      12
      13
      13
       6
       9
      14
      10
      10
       9
       9
       9
       4
      13
       7
       2
      17
       4
       8
       2
      10
       3
       8
      11
       6
       7
       9
      11
      11
      12
       5
      14
       7
      11
       2
      13
      11
       5
      12
       6
      10
      10
      12
      11
       9
       9
       7
       9
      10
       8
       8
       5
      12
       5
       8
       5
       7
      11
       7
      12
      12
       7
       8
      13
       7
      10
       9
      12
       3
       7
       7
      10
       6
      11
       8
       6
       7
      13
      11
       9
       5
       7
      13
      15
       7
      12
      17
      10
       9
      15
       5
       8
      14
      18
      12
      13
      13
      18
      12
      14
       8
       8
       6
       6
       7
       6
       8
       2
      10
      11
      10
       8
       6
      10
       7
       7
      10
      12
       7
      11
       6
       8
       8
       9
       8
      10
       6
       7
       9
      17
      19
       9
       8
      16
      12
      10
       8
       4
      12
       7
      17
      16
       8
       9
       6
       7
       6
      11
      10
       3
      10
       4
      10
       7
       6
       7
       8
       6
       6
       6
      10
       3
       7
       6
       7
      10
       6
       6
      10
       9
      16
       9
       9
      11
       6
       8
       4
       7
       6
       6
      11
       8
      13
      12
      16
      18
      23
      32
      23
      42
      49
      56
      60
      51
      58
      49
      41
      41
      28
      20
      23
      19
      14
      13
      19
      20
      23
      30
      45
      48
      58
      56
      54
      60
      48
      39
      36
      36
      23
      15
       8
       4
      10
      12
       1
       3
       6
      11
       8
       9
      11
      10
       4
       5
       6
       9
       6
       7
      10
       8
      11
       8
      11
       9
       9
       9
       8
       7
       6
       5
       9
       3
      14
       8
       6
       8
       4
       4
       9
      11
       4
      10
      12
       8
       4
       9
      11
       9
       8
      10
       7
       9
       4
       4
       6
       7
       0
       7
       8
       6
      12
       7
       7
       8
      12
       4
       7
       9
       6
       7
      10
       9
       9
       9
       9
       9
       8
      11
       9
      11
       4
       7
       5
       7
       8
       8
       9
       8
       8
       7
       9
      11
      17
       7
       8
      11
      13
      12
      13
      14
      12
      10
      13
      13
      13
       8
       3
      12
       6
       6
       5
       7
      11
      14
      15
      15
      12
      16
      12
      20
      18
      18
      13
       9
       3
      16
       9
       8
      12
       7
       6
       7
       7
      11
      14
      10
      11
      14
       8
       7
       8
      11
       6
       4
       6
       6
       5
       5
       6
      10
      11
       8
      11
       9
       3
       5
       6
       9
       8
      10
       5
       3
       5
       9
       8
       8
       8
       3
       9
       3
       6
       8
       7
       7
      12
       7
      11
      20
      35
      39
      38
      81
     127
     157
     209
     225
     276
     299
     321
     312
     292
     252
     211
     145
     103
      73
      36
      25
      17
      16
       6
       5
       3
       7
       7
       5
       7
      10
       9
       7
       6
       9
       7
       8
       5
       8
       4
       4
       9
       7
       7
       8
       5
       7
       0
       7
       2
      10
       9
       4
       6
       9
       6
       6
       6
       6
       3
       7
       9
       3
       1
       8
       5
       3
       7
       7
       5
       5
       7
       5
       6
       9
       1
       6
       8
       8
       7
       7
       5
       5
      10
       8
       6
       3
       7
       7
       3
       5
       3
       4
       4
       8
       8
       4
       6
       6
       8
       6
       7
       4
       6
      10
      12
       6
       7
       7
       8
       7
      11
       5
       6
       3
       5
       7
       1
       5
       2
       3
       4
       5
       7
       6
       6
       3
       5
      10
       9
       4
       5
       5
       3
       7
       7
       7
       5
       8
       6
       7
       7
      10
       6
       7
      10
       9
      10
       7
      11
      10
       9
       6
      10
       7
       4
       4
       9
       3
       8
       2
       8
       5
       5
       5
       6
       6
       2
       8
       6
       8
       7
       4
       2
       4
       6
       7
       3
       8
       3
      10
       8
       4
       6
       1
       7
       7
       7
       3
      10
       7
       5
       6
       8
       7
      13
      10
      10
      15
      20
      23
      20
      27
      28
      27
      27
      31
      27
      13
      10
      13
       9
       9
       8
       9
       7
       9
       5
       7
       5
       6
      10
      10
      15
      10
      14
      22
      19
      24
      16
      23
      12
      14
       7
       6
       6
       5
       9
       6
       6
       3
       4
       2
       2
       4
       5
       4
       4
       2
       7
       3
       3
       9
       9
       4
       3
       4
       4
       7
       3
       5
       8
       7
       2
       7
       6
       7
       9
       5
       4
       5
       7
       4
       9
       7
       4
       5
       6
       2
       7
       3
       8
       7
       3
       2
       6
       8
       5
       5
       5
       6
      14
       8
       5
       3
       5
       3
      10
       3
       6
       3
       7
       3
       6
       3
       2
       9
       6
       4
       6
      10
       2
       3
       4
       7
      10
       6
       4
       3
       6
       7
       5
       4
       9
       1
       6
       4
       2
       4
       6
       9
       5
       1
       5
       5
       4
       6
       2
       4
       1
       5
       5
       5
       1
       4
       4
      12
       6
       7
       5
       4
       7
       5
       9
       9
      13
       7
      17
      14
      12
      13
      16
      17
      13
       9
       8
      13
       7
       8
       4
       7
       9
       5
       6
       4
       1
       4
       6
       4
       5
      10
       8
       6
       7
       7
       5
       1
       3
       6
       6
       8
      11
       6
       8
       5
       5
       6
       4
       6
       6
       9
       6
       4
      10
       2
       5
       1
       6
       0
       4
       6
       4
       5
       7
       5
       4
       5
       6
       4
       1
       6
       4
       5
       4
       7
       2
       4
       2
       6
       2
       2
       4
       9
       5
      14
       4
       7
       5
       5
       5
       2
       1
       8
       0
       2
       3
       6
       3
       6
       6
       5
       5
       3
       5
       5
       3
       1
       5
       4
       5
       3
       7
       7
       3
       6
       3
       4
       3
       4
       5
       0
       8
       3
       3
       6
       9
       4
       4
       6
       5
       5
       3
       1
       4
       3
       4
       4
       2
       2
       6
       4
       3
       6
       9
       7
       6
       6
       7
       6
      14
      16
      10
      14
      12
      16
       8
       6
       6
       6
       5
       6
       8
       3
       4
       5
       4
       4
       9
       6
       5
       5
       8
      10
       3
      20
      11
      20
      13
      18
      16
      16
      15
      12
      15
       8
       9
      13
      14
      11
      17
      13
      12
      17
      18
      19
      10
       9
       9
       7
      11
       9
       7
       8
       4
       7
       2
      10
       1
       6
      11
       9
       2
       6
       0
       1
       2
       5
       4
       4
       3
       5
       7
       6
       2
       3
       2
       1
       6
       2
       3
       6
      12
       6
       2
       8
       2
       7
       4
       3
       2
       5
       3
       5
       3
       6
       5
       5
       5
       6
       2
       5
       4
       4
       5
       5
      10
       5
      11
      10
      11
      18
       8
      14
      18
       7
      12
       9
       6
       6
       7
       6
       7
       3
       2
       7
       4
       6
       4
       6
       2
       7
       6
       2
       3
       2
       4
       4
       3
       1
       4
       6
       5
       1
       2
       5
       2
       6
       4
       6
       3
       4
       4
       8
       2
       2
       3
       3
       4
       5
       5
       4
       8
       6
      12
       7
       3
       9
       8
       5
       4
       9
       3
       5
       3
       7
       4
       3
       2
       5
       5
       1
       5
       4
       5
       3
       5
       5
       4
       2
       7
       4
       4
       6
       9
      10
       5
       3
       5
       4
       6
       4
       2
       4
       7
       6
       7
       4
       4
       8
       1
       4
       3
       2
       2
       5
       2
       6
       2
       6
       6
       3
       3
       4
       4
       5
       9
       2
      10
       3
       5
       7
       2
       3
       7
       3
       4
       5
       7
       2
       2
       3
       1
       4
       3
       4
       8
       5
       3
       6
       2
       4
       4
       2
       5
       5
       6
       6
       0
       3
       5
       4
       5
       3
       3
       4
       6
       6
       3
       2
       1
       7
       7
       3
       4
       4
       1
       4
       6
       1
       8
       2
       5
       2
       5
       4
       2
       8
       6
       3
       6
       3
       5
       3
       3
       5
       3
       6
       2
       6
       2
       2
       6
       8
       6
       7
       7
      17
      16
      17
      36
      43
      58
      84
      89
     126
     151
     171
     210
     221
     218
     220
     167
     161
     104
      77
      66
      44
      22
      12
      11
       4
       9
       7
       6
       5
       6
       4
       3
       4
       2
       8
       5
       1
       2
       6
       5
       4
       6
       3
       4
       2
       5
       4
       6
       2
       5
       0
       4
       3
       2
       4
       2
       2
       1
       5
       5
       3
       1
       3
       2
       3
       4
       1
       5
       4
       2
       3
       7
       5
       3
       6
       1
       8
       5
       6
       6
       8
      12
       8
       7
       7
       8
       6
       6
       2
       7
       3
       7
       5
      10
      11
      30
      23
      42
      31
      28
      43
      42
      35
      58
      26
      17
      13
      16
      13
      11
       5
       3
       8
       0
       4
       0
       5
       0
       2
       2
       4
       4
       7
       3
       2
       5
       4
       3
       3
       4
       1
       4
       2
       7
       1
       3
       2
       6
       3
       4
       4
       5
       2
       3
       1
       3
       3
       2
       3
       3
       2
       3
       9
       5
       1
       4
       3
       2
       2
       2
       3
       5
       1
       5
       2
       6
       2
       3
       4
       5
       5
       6
       5
       4
       3
       8
       4
       3
       2
       1
       5
       5
       1
       1
       5
       3
       6
       8
       4
       6
      11
       9
       8
      12
      13
      11
      12
       9
      13
       8
       6
       5
       4
       5
       2
       4
       1
       3
       3
       5
       4
       2
       2
       0
       7
       3
       2
       1
       1
       3
       4
       2
       1
       4
       4
       5
       7
       3
       5
       2
       1
       2
       0
       6
       5
       3
       2
       3
       2
       2
       4
       6
       1
       2
       3
       6
       2
       4
       2
       2
       1
       7
       0
       3
       2
       5
       2
       5
       2
       4
       1
       3
       4
       4
       5
       4
       6
       1
       4
       6
       2
       1
       2
       5
       2
       2
       2
       2
       3
       1
       3
       2
       5
       2
       3
       4
       1
       1
       3
       4
       2
       3
       4
       6
       4
       2
       5
       2
       2
       9
       8
       8
       5
       3
       3
       5
       6
       1
       9
       7
       6
       4
       4
       5
       3
       5
       1
       7
       4
       2
       4
       7
       3
       0
       2
       0
       1
       0
       5
       3
       3
       4
       2
       3
       1
       4
       4
       4
       2
       2
       3
       7
       4
       3
       1
       1
       3
       1
       7
       4
       3
       2
       4
       2
       2
       6
       2
       3
       3
       5
       5
       0
       2
       2
       4
       2
       5
       4
       4
       4
       8
       6
       5
       3
       6
       8
       7
       4
       8
      12
      14
      10
      10
       9
      12
      11
      11
       9
       8
       3
       3
       6
       5
       6
       4
       3
       6
       2
       4
       2
       3
       3
       3
       4
       4
       3
       9
       4
       9
      11
       4
       7
       8
       5
       3
       3
       5
       1
       7
       2
       3
       1
       6
       2
       1
       2
       5
       7
       3
       1
       2
       3
       6
       1
       4
       3
       2
       2
       3
       3
       3
       3
       1
       5
       4
       3
       8
       2
       3
       3
       9
       2
       3
       3
       3
       2
       6
       4
       5
       5
       7
      12
       7
       9
       9
      13
       8
       6
       1
       4
       8
       7
       8
       4
       9
       3
       5
       6
      13
       8
      17
      19
      16
      21
      10
      10
       9
       7
       5
       6
       3
       5
       3
       1
       1
       1
       2
       3
       8
       2
       2
       4
       2
       4
       4
       2
       4
       4
       4
       1
       2
       0
       1
       2
       3
       4
       3
       0
       5
       0
       2
       1
       7
       5
       1
       2
       2
       4
       3
       2
       2
       3
       0
       5
       8
      10
       2
       7
      14
       9
       5
      11
      17
      24
      18
      21
      17
      13
      10
      13
       5
       8
       8
       7
       2
       3
       4
       0
       4
       1
       5
       2
       4
       5
       6
       3
       5
       4
       2
       6
       5
       6
       4
      10
       5
       4
       7
       6
       5
       5
       2
       5
       8
       5
       7
       3
       5
       4
      11
       5
       3
      10
       4
       3
       7
       7
       5
       2
       2
       4
       3
       4
       2
       2
       4
       4
       0
       2
       3
       5
       4
       1
       8
       3
       6
       9
       5
       6
      11
      14
       9
      20
      14
      16
      18
      13
      16
      16
       7
      10
       6
       8
       4
       8
       4
       5
       5
       5
       5
       3
       7
       3
       3
       3
       1
       1
       2
       1
       2
       1
       2
       3
       1
       2
       7
       3
       1
       0
       4
       0
       2
       2
       4
       3
       1
       3
       4
       7
       1
       4
       1
       6
       3
       0
       1
       4
       2
       0
       6
       3
       6
       3
       2
       3
       1
       4
       2
       3
       3
       4
       0
       3
       0
       3
       0
       2
       4
       0
       2
       4
       2
       2
       1
       4
       2
       2
       2
       3
       4
       0
       6
       2
       1
       5
       4
       4
       2
       2
       3
       5
       6
       4
       1
       2
       2
       0
       0
       3
       6
       5
       3
       1
       2
       2
       2
       0
       3
       3
       2
       1
       2
       3
       1
       4
       2
       1
       7
       2
       3
       2
       2
       2
       3
       0
       4
       5
       1
       2
       4
       2
       1
       1
       2
       1
       3
       6
       4
       2
       0
       3
       5
       3
       1
       1
       2
       3
       6
       2
       3
       3
       5
       4
       3
       1
       2
       4
       0
       5
       1
       1
       4
       5
       2
       2
       1
       4
       2
       1
       3
       3
       3
       3
       4
       7
       4
       1
       0
       2
       4
       0
       4
       0
       1
       3
       3
       1
       3
       3
       4
       1
       4
       1
       2
       1
       3
       1
       3
       1
       4
       6
       3
       1
       2
       5
       3
       2
       5
       2
       1
       2
       0
       1
       2
       5
       5
       3
       3
       1
       6
       1
       0
       1
       1
       2
       3
       4
       3
       7
       3
       3
       5
       6
       1
       6
       5
       6
       2
       6
       6
       2
       1
       3
       2
       2
       2
       1
       0
       2
       2
       7
       3
       2
       5
       1
       1
       1
       3
       1
       1
       2
       1
       1
       3
       3
       3
       2
       1
       3
       2
       3
       3
       4
       2
       0
       2
       0
       3
       2
       4
       3
       1
       3
       4
       1
       5
       5
       1
       1
       4
       0
       2
       4
       2
       1
       3
       3
       1
       2
       4
       1
       2
       0
       2
       1
       1
       4
       0
       2
       3
       2
       4
       2
       2
       4
       4
       4
       2
       8
       3
       3
       3
       7
       4
       1
       4
       8
       4
       8
       3
       8
      10
       5
       3
       2
       6
       4
       4
       3
       3
       0
       2
       4
       3
       9
       4
       0
       3
       3
       2
       4
       4
       3
       1
       3
       2
       3
       1
       3
       3
       1
       2
       3
       4
       2
       0
       1
       2
       1
       4
       3
       2
       1
       5
       1
       6
       2
       4
       3
       3
       1
       0
       2
       1
       5
       0
       4
       1
       2
       2
       4
       3
       3
       1
       2
       4
       2
       2
       4
       1
       0
       4
       1
       3
       4
       4
       2
       2
       2
       4
       2
       1
       3
       1
       2
       3
       1
       2
       2
       1
       4
       1
       3
       3
       2
       3
       1
       4
       2
       2
       5
       5
       4
       5
       5
       9
       9
      10
       8
      10
       6
       8
       2
       4
       6
       4
       3
       6
       2
       1
       2
       3
       1
       1
       1
       5
       0
       4
       6
       5
       6
       8
       5
       0
       3
       7
       2
       2
       5
       1
       2
       1
       5
       5
       1
       1
       2
       1
       2
       1
       2
       3
       0
       5
       8
       4
       6
      11
      18
      16
      22
      25
      42
      48
      44
      64
      63
      63
      76
      67
      70
      46
      37
      30
      39
      24
      14
       6
       9
       4
       5
       0
       3
       0
       1
       3
       0
       2
       1
       4
       4
       0
       0
       2
       4
       1
       1
       1
       3
       2
       1
       3
       2
       0
       1
       2
       3
       2
       3
       2
       1
       0
       6
       1
       5
       2
       1
       4
       1
       2
       4
       1
       1
       2
       1
       1
       4
       2
       3
       1
       0
       1
       2
       0
       3
       2
       1
       1
       2
       2
       3
       4
       1
       1
       2
       1
       2
       1
       1
       1
       3
       6
       2
       3
       4
       1
       0
       3
       5
       1
       1
       5
       1
       2
       1
       0
       3
       1
       5
       3
       4
       1
       0
       1
       2
       3
       3
       2
       1
       2
       1
       1
       2
       2
       2
       3
       2
       2
       0
       3
       2
       2
       1
       0
       1
       0
       4
       3
       6
       6
       1
       2
       3
       4
       2
       4
       0
       1
       0
       0
       3
       1
       1
       0
       3
       0
       0
       3
       2
       3
       1
       0
       3
       2
       1
       3
       4
       4
       3
       4
       1
       3
       1
       4
       2
       3
       2
       3
       1
       1
       2
       1
       2
       3
       0
       0
       1
       3
       5
       0
       0
       5
       2
       1
       3
       2
       1
       1
       0
       1
       2
       3
       1
       3
       1
       2
       2
       2
       0
       0
       3
       2
       3
       2
       4
       0
       5
       2
       6
       0
       1
       5
       5
       3
       4
       2
       2
       3
       3
       2
       1
       3
       1
       1
       0
       2
       1
       1
       3
       1
       1
       1
       0
       2
       2
       0
       3
       3
       4
       3
       3
       5
       3
       0
       1
       0
       2
       0
       1
       3
       4
       1
       1
       4
       4
       1
       3
       1
       2
       0
       2
       2
       0
       2
       1
       3
       3
       1
       3
       4
       1
       2
       4
       2
       2
       2
       1
       2
       1
       5
       0
       4
       2
       0
       0
       3
       2
       1
       2
       0
       1
       1
       2
       2
       3
       5
       4
       3
       2
       5
       2
       3
       1
       3
       5
       4
       7
       2
       4
       4
       4
       3
       5
       2
       0
       3
       2
       4
       5
       2
       0
       3
       3
       1
       0
       0
       3
       2
       2
       1
       2
       1
       0
       3
       1
       2
       1
       4
       3
       3
       1
       3
       2
       2
       2
       0
       2
       3
       4
       2
       1
       1
       1
       2
       5
       0
       3
       5
       6
       7
       9
       5
       9
       4
       6
       3
       5
       1
       1
       2
       4
       2
       2
       3
       4
       2
       5
       2
       0
       2
       1
       2
       1
       2
       1
       3
       2
       2
       2
       0
       0
       4
       3
       2
       2
       3
       1
       0
       4
       1
       0
       3
       0
       5
       9
       2
       3
       3
       8
       6
       0
       2
       9
       4
       6
       6
       4
       5
       2
       1
       1
       3
       1
       1
       5
       0
       1
       1
       3
       2
       1
       5
       2
       2
       4
       2
       1
       0
       4
       0
       3
       0
       0
       0
       1
       2
       2
       0
       3
       2
       3
       2
       3
       2
       2
       1
       0
       1
       1
       2
       3
       3
       2
       0
       1
       0
       5
       1
       0
       2
       1
       1
       2
       1
       3
       1
       2
       1
       0
       1
       2
       2
       0
       1
       2
       1
       2
       0
       3
       5
       4
       2
       2
       1
       3
       4
       4
       2
       6
       3
       8
       7
       3
       3
       2
       3
       2
       1
       1
       2
       2
       1
       2
       3
       1
       1
       3
       2
       4
       1
       3
       1
       0
       3
       0
       2
       2
       1
       2
       0
       1
       3
       0
       3
       0
       3
       2
       1
       1
       3
       1
       1
       1
       1
       2
       0
       2
       0
       2
       3
       1
       3
       2
       3
       1
       0
       2
       0
       4
       2
       2
       2
       3
       0
       2
       0
       1
       0
       4
       1
       2
       4
       4
       3
       2
       1
       0
       3
       0
       3
       4
       4
       4
       2
       3
       2
       2
       0
       2
       0
       2
       3
       1
       2
       2
       3
       3
       3
       3
       1
       3
       1
       2
       1
       3
       1
       3
       2
       3
       0
       1
       2
       2
       1
       3
       0
       1
       4
       0
       0
       3
       1
       1
       1
       1
       5
       2
       1
       1
       2
       0
       1
       2
       2
       0
       1
       2
       2
       0
       3
       3
       3
       0
       0
       4
       0
       1
       2
       2
       2
       3
       1
       2
       0
       2
       2
       1
       5
       4
       3
       2
       2
       2
       0
       1
       5
       4
       5
       0
       1
       2
       0
       1
       2
       1
       1
       3
       2
       5
       1
       2
       3
       1
       1
       1
       1
       1
       3
       1
       1
       2
       1
       1
       2
       3
       1
       1
       0
       4
       0
       3
       0
       1
       1
       1
       2
       0
       2
       2
       1
       1
       0
       0
       1
       2
       4
       2
       3
       1
       1
       0
       1
       1
       1
       0
       1
       3
       0
       1
       2
       3
       0
       2
       1
       4
       1
       2
       0
       0
       1
       1
       1
       2
       1
       2
       1
       1
       1
       3
       1
       3
       3
       2
       3
       1
       0
       2
       0
       2
       3
       5
       0
       3
       1
       3
       3
       2
       3
       1
       2
       0
       1
       2
       1
       2
       1
       0
       2
       1
       0
       1
       0
       2
       3
       0
       3
       1
       1
       3
       3
       3
       2
       2
       8
       5
       8
       4
      12
       6
      20
      22
      15
      20
      17
      11
      27
      11
      11
       6
      10
      11
       2
       4
       2
       3
       0
       1
       3
       2
       2
       1
       2
       1
       1
       0
       3
       0
       1
       0
       1
       1
       1
       2
       1
       0
       0
       2
       0
       2
       1
       1
       0
       2
       1
       2
       1
       1
       2
       1
       0
       1
       2
       0
       2
       0
       2
       2
       0
       4
       2
       3
       0
       0
       1
       2
       1
       2
       1
       3
       1
       1
       1
       1
       2
       1
       2
       2
       1
       6
       2
       2
       1
       4
       0
       1
       0
       0
       0
       2
       0
       1
       0
       0
       1
       0
       1
       2
       2
       1
       0
       3
       4
       1
       3
       0
       2
       0
       2
       2
       2
       1
       1
       4
       1
       0
       0
       3
       3
       5
       2
       0
       1
       1
       1
       2
       0
       2
       4
       2
       0
       1
       1
       1
       2
       7
       4
       5
       4
       3
       6
       4
       9
      10
       9
      16
      16
      17
       9
       6
      18
      11
      10
       8
       6
       4
       5
       3
       3
       3
       2
       0
       4
       1
       0
       1
       2
       2
       2
       3
       1
       1
       2
       0
       2
       1
       2
       1
       3
       6
       9
       5
      11
       7
      19
      11
      12
      15
      17
      24
      16
      22
      13
      18
      16
       9
      11
       1
       3
       1
       0
       1
       1
       3
       4
       2
       1
       1
       1
       3
       1
       6
       1
       1
       3
       0
       0
       0
       1
       2
       2
       2
       0
       1
       1
       2
       3
       1
       1
       3
       2
       0
       1
       1
       2
       2
       0
       0
       1
       1
       5
       0
       3
       0
       2
       1
       0
       1
       0
       1
       0
       2
       2
       1
       1
       0
       3
       0
       2
       2
       0
       3
       0
       0
       0
       2
       3
       1
       2
       2
       0
       0
       2
       1
       1
       2
       1
       1
       1
       1
       1
       6
       5
       4
       1
       3
       1
       3
       2
       3
       1
       1
       1
       1
       0
       1
       1
       2
       0
       1
       0
       1
       2
       0
       0
       0
       1
       3
       3
       1
       1
       1
       0
       0
       3
       2
       2
       1
       0
       4
       2
       2
       0
       1
       1
       0
       0
       5
       6
       2
       0
       3
       1
       1
       1
       1
       0
       0
       3
       2
       0
       2
       1
       1
       1
       2
       2
       0
       0
       2
       2
       2
       1
       0
       1
       2
       3
       1
       0
       3
       2
       0
       1
       3
       1
       1
       0
       1
       0
       1
       0
       1
       0
       0
       1
       2
       0
       0
       1
       0
       0
       2
       5
       1
       2
       2
       1
       1
       0
       0
       2
       1
       0
       1
       0
       2
       2
       2
       2
       0
       1
       0
       2
       0
       2
       1
       1
       1
       0
       1
       1
       2
       1
       1
       0
       1
       1
       0
       1
       3
       1
       3
       2
       0
       0
       2
       0
       1
       0
       1
       0
       1
       0
       0
       2
       1
       2
       1
       0
       0
       1
       0
       0
       3
       3
       1
       2
       0
       2
       2
       2
       0
       0
       1
       0
       1
       2
       0
       2
       0
       0
       2
       1
       1
       0
       0
       2
       2
       1
       3
       2
       1
       2
       3
       1
       2
       0
       2
       0
       1
       1
       1
       4
       1
       2
       1
       0
       1
       0
       0
       1
       2
       1
       1
       2
       0
       0
       0
       1
       5
       0
       0
       1
       1
       2
       2
       0
       1
       1
       1
       1
       1
       1
       0
       1
       1
       1
       1
       2
       0
       0
       2
       2
       0
       1
       1
       2
       2
       1
       1
       0
       0
       1
       2
       0
       1
       0
       1
       1
       2
       1
       3
       0
       0
       1
       0
       2
       0
       1
       3
       0
       0
       1
       1
       0
       1
       0
       2
       3
       1
       2
       0
       4
       1
       1
       1
       1
       1
       2
       2
       0
       1
       2
       1
       1
       2
       0
       0
       0
       0
       0
       0
       2
       0
       2
       1
       3
       1
       0
       0
       2
       1
       1
       1
       3
       2
       3
       0
       0
       1
       0
       0
       2
       0
       1
       0
       2
       0
       2
       1
       2
       1
       0
       2
       0
       0
       2
       2
       0
       2
       1
       2
       1
       1
       1
       0
       0
       2
       2
       1
       2
       0
       0
       3
       0
       2
       3
       2
       4
       1
       0
       0
       2
       1
       3
       0
       0
       2
       3
       0
       2
       2
       2
       1
       1
       2
       1
       1
       1
       1
       1
       2
       0
       1
       0
       0
       0
       1
       0
       1
       0
       2
       3
       1
       2
       1
       2
       4
       2
       2
       1
       3
       1
       0
       0
       2
       2
       1
       1
       0
       0
       0
       0
       0
       3
       1
       0
       1
       2
       2
       0
       1
       2
       0
       0
       1
       0
       0
       1
       2
       3
       1
       3
       2
       1
       7
       6
       2
       0
       4
       8
       2
       9
       5
       2
       2
       2
       2
       5
       0
       1
       4
       3
       0
       2
       0
       1
       0
       2
       1
       1
       4
       5
       9
       9
      10
       8
      15
      21
      26
      28
      26
      27
      43
      32
      36
      38
      32
      18
      15
      13
       5
       1
       3
       4
       7
       2
       1
       2
       1
       0
       1
       3
       2
       2
       2
       2
       0
       0
       1
       1
       3
       3
       0
       1
       2
       0
       2
       1
       0
       1
       2
       1
       1
       2
       0
       2
       1
       1
       1
       1
       1
       0
       1
       1
       2
       2
       2
       0
       0
       1
       1
       0
       3
       1
       0
       1
       0
       2
       2
       1
       1
       2
       1
       0
       3
       2
       1
       2
       1
       1
       1
       1
       0
       0
       2
       0
       1
       1
       4
       0
       1
       0
       0
       0
       1
       0
       1
       1
       2
       2
       0
       1
       1
       0
       1
       1
       3
       2
       2
       1
       0
       1
       1
       4
       0
       3
       0
       1
       2
       0
       1
       2
       1
       0
       0
       2
       0
       1
       1
       0
       1
       1
       1
       2
       0
       2
       0
       0
       2
       0
       1
       2
       1
       0
       0
       0
       2
       2
       0
       3
       1
       1
       1
       2
       2
       2
       3
       1
       2
       1
       4
       1
       1
       3
       3
       2
       0
       3
       3
       2
       2
       2
       0
       2
       1
       0
       0
       1
       1
       2
       0
       2
       0
       1
       1
       2
       0
       0
       3
       3
       0
       1
       1
       2
       3
       2
       3
       3
       3
       0
       2
       1
       3
       4
       2
       1
       2
       3
       5
       2
       0
       0
       0
       0
       1
       1
       0
       1
       1
       1
       0
       1
       1
       0
       1
       1
       1
       3
       3
       1
       1
       0
       1
       0
       0
       0
       0
       1
       1
       2
       2
       1
       0
       1
       3
       1
       0
       1
       2
       1
       0
       0
       1
       2
       2
       0
       0
       0
       0
       1
       0
       2
       0
       0
       1
       0
       2
       0
       1
       2
       1
       0
       1
       2
       1
       1
       2
       0
       0
       1
       3
       0
       1
       2
       0
       2
       1
       0
       1
       1
       0
       1
       1
       1
       1
       1
       0
       1
       0
       0
       1
       0
       0
       1
       1
       0
       1
       0
       0
       0
       2
       0
       1
       0
       0
       2
       0
       0
       1
       1
       3
       0
       3
       2
       0
       1
       0
       0
       1
       1
       1
       2
       1
       1
       1
       1
       2
       2
       2
       1
       0
       3
       2
       1
       0
       3
       0
       0
       0
       0
       0
       0
       0
       0
       0
       1
       1
       0
       1
       1
       1
       0
       1
       2
       0
       1
       0
       0
       1
       1
       2
       1
       2
       0
       2
       1
       2
       2
       1
       0
       1
       0
       2
       0
       0
       1
       2
       3
       1
       2
       4
       2
       0
       2
       0
       1
       3
       2
       1
       2
       0
       0
       2
       2
       1
       0
       1
       0
       1
       0
       0
       2
       0
       1
       0
       1
       0
       1
       0
       1
       2
       1
       1
       1
       0
       1
       1
       1
       2
       0
       4
       0
       0
       1
       3
       0
       0
       1
       1
       1
       1
       0
       0
       1
       1
       0
       1
       3
       0
       0
       2
       1
       1
       2
       1
       2
       2
       1
       0
       0
       2
       1
       1
       0
       3
       0
       2
       1
       0
       0
       0
       2
       1
       1
       1
       1
       0
       0
       0
       1
       0
       0
       1
       0
       2
       0
       0
       1
       1
       1
       0
       2
       3
       1
       2
       0
       3
       3
       0
       2
       1
       1
       0
       0
       0
       2
       1
       1
       0
       0
       0
       0
       1
       2
       0
       4
       1
       1
       0
       2
       0
       0
       3
       2
       2
       2
       0
       1
       3
       3
       1
       2
       1
       5
       1
       2
       1
       1
       2
       1
       2
       1
       0
       1
       0
       0
       0
       1
       0
       0
       1
       4
       4
       1
       1
       1
       0
       1
       2
       0
       1
       1
       0
       0
       1
       3
       3
       1
       0
       0
       1
       1
       0
       0
       3
       0
       1
       1
       0
       1
       1
       3
       2
       1
       2
       1
       0
       0
       2
       0
       0
       2
       1
       3
       0
       0
       0
       0
       0
       1
       0
       1
       1
       0
       0
       1
       0
       0
       1
       0
       0
       0
       0
       0
       1
       2
       1
       0
       2
       0
       0
       0
       0
       0
       0
       0
       1
       0
       0
       1
       2
       1
       1
       1
       1
       0
       0
       0
       1
       0
       0
       0
       1
       0
       0
       0
       1
       1
       0
       1
       0
       0
       0
       1
       1
       0
       1
       1
       1
       0
       0
       0
       1
       1
       1
       1
       1
       1
       0
       1
       0
       0
       0
       0
       2
       0
       2
       0
       3
       0
       0
       0
       0
       0
       0
       1
       0
       0
       2
       1
       1
       2
       0
       0
       2
       0
       0
       1
       0
       1
       0
       0
       0
       0
       0
       0
       0
       1
       2
       0
       0
       0
       2
       1
       1
       5
       1
       0
       0
       1
       1
       0
       0
       1
       1
       0
       0
       0
       0
       0
       0
       1
       0
       1
       2
       0
       1
       2
       1
       0
       2
       0
       2
       0
       1
       1
       1
       0
       2
       0
       1
       0
       1
       0
       1
       0
       1
       1
       2
       0
       1
       2
       1
       1
       3
       0
       0
       0
       1
       1
       1
       0
       0
       0
       0
       0
       0
       0
       0
       0
       0
       2
       1
       1
       0
       0
       0
       2
       0
       0
       1
       1
       1
       1
       2
       0
       1
       1
       0
       1
       1
       1
       2
       1
       0
       0
       3
       2
       1
       3
       1
       1
       1
       1
       0
       1
       1
       0
       3
       1
       1
       0
       2
       0
       0
       0
       0
       0
       0
       0
       2
       3
       0
       1
       1
       0
       0
       1
       0
       0
       0
       0
       1
       1
       0
       1
       1
       1
       1
       0
       3
       0
       1
       0
       1
       0
       0
       0
       0
       0
       0
       0
       1
       1
       1
       2
       0
       1
       0
       1
       0
       1
       2
       0
       2
       0
       1
       0
       2
       0
       1
       1
       1
       1
       0
       1
       3
       0
       0
       0
       1
       0
       1
       0
       0
       2
       1
       0
       0
       0
       0
       0
       0
       0
       1
       1
       1
       0
       0
       2
       0
       0
       0
       0
       0
       1
       2
       1
       0
       2
       0
       0
       1
       1
       1
       0
       1
       0
       0
       5
       2
       0
       0
       2
       0
       0
       1
       0
       3
       0
       0
       0
       0
       1
       1
       0
       0
       0
       0
       1
       1
       0
       1
       0
       2
       1
       0
       1
       1
       2
       2
       3
       4
       3
       0
       0
       1
       3
       1
       2
       2
       0
       2
       0
       0
       1
       2
       1
       0
       2
       0
       0
       2
       1
       0
       0
       0
       0
       0
       2
       1
       2
       1
       2
       3
       0
       0
       1
       0
       0
       2
       1
       0
       1
       0
       0
       1
       1
       1
       1
       2
       1
       0
       2
       0
       1
       0
       0
       1
       1
       1
       1
       0
       1
       2
       0
       1
       1
       0
       1
       1
       0
       2
       0
       1
       0
       2
       0
       0
       0
       0
       0
       0
       1
       1
       0
       0
       0
       1
       1
       1
       0
       0
       2
       0
       1
       0
       0
       0
       0
       0
       0
       1
       0
       2
       0
       2
       0
       0
       0
       0
       0
       1
       1
       0
       1
       1
       1
       0
       0
       1
       0
       1
       0
       2
       0
       0
       0
       0
       0
       0
       1
       0
       1
       1
       0
       0
       0
       0
       1
       1
       0
       0
       1
       0
       2
       0
       0
       0
       0
       3
       0
       1
       2
       0
       1
       2
       3
       2
       3
       3
       7
       0
       2
       3
       6
       4
       5
       7
       2
       7
      10
       6
       5
       7
      10
       4
       9
       3
       3
       3
       5
       0
       0
       1
       1
       0
       0
       2
       0
       2
       0
       0
       1
       1
       0
       1
       0
       0
       0
       0
       1
       1
       0
       1
       2
       0
       0
       1
       1
       0
       0
       0
       1
       1
       2
       2
       1
       0
       0
       2
       2
       0
       0
       0
       0
       1
       1
       0
       1
       0
       0
       0
       0
       2
       0
       0
       0
       1
       2
       0
       1
       0
       1
       1
       0
       1
       0
       0
       1
       0
       3
       0
       1
       1
       2
       3
       1
       2
       6
       5
       4
       3
       6
      11
       3
       4
       3
       4
       3
       1
       1
       0
       0
       1
       0
       1
       0
       1
       2
       0
       0
       0
       2
       1
       1
       0
       0
       0
       2
       1
       0
       0
       0
       0
       0
       1
       0
       2
       1
       0
       1
       0
       1
       0
       3
       1
       0
       1
       1
       0
       0
       1
       1
       0
       0
       0
       1
       0
       0
       0
       0
       1
       1
       0
       0
       1
       1
       0
       0
       2
       0
       2
       0
       0
       0
       1
       1
       2
       0
       0
       1
       0
       2
       1
       0
       2
       2
       6
       1
       3
       4
       0
       4
       6
      10
       6
      10
      10
      20
       8
      13
      18
      14
      17
      13
       6
       7
       6
       6
       5
       2
       0
       1
       0
       1
       0
       2
       2
       0
       1
       1
       0
       1
       0
       0
       0
       0
       0
       0
       1
       0
       0
       0
       2
       0
       0
       1
       2
       1
       0
       0
       0
       2
       1
       1
       0
       0
       1
       0
       0
       0
       1
       0
       1
       1
       0
       0
       1
       0
       0
       0
       1
       0
       0
       0
       1
       0
       0
       0
       0
       1
       0
       1
       1
       1
       0
       1
       0
       1
       1
       1
       0
       0
       1
       0
       1
       0
       1
       1
       0
       0
       1
       0
       0
       1
       1
       0
       1
       0
       0
       0
       0
       0
       1
       0
       0
       0
       0
       2
       1
       0
       2
       0
       0
       0
       1
       2
       2
       3
       0
       2
       1
       0
       1
       2
       0
       0
       1
       0
       0
       0
       0
       0
       0
       0
       0
       0
       0
       0
       0
       2
       2
       0
       0
       1
       0
       0
       0
       0
       0
       0
       3
       0
       0
       1
       2
       0
       1
       0
       0
       0
       0
       1
       2
       0
       2
       0
       1
       0
       0
       0
       1
       1
       0
       1
       0
       0
       0
       0
       0
       0
       2
       1
       0
       0
       0
       0
       1
       1
       3
       3
       1
       1
       2
       0
       1
       0
       0
       1
       1
       0
       0
       0
       1
       0
       0
       0
       0
       0
       0
       1
       0
       1
       0
       1
       1
       0
       0
       0
       1
       1
       0
       1
       2
       2
       2
       1
       0
       0
       0
       2
       1
       3
       1
       2
       1
       2
       3
       1
       0
       1
       1
       0
       2
       0
       1
       1
       2
       1
       1
       0
       7
       1
       0
       5
       2
       1
       0
       2
       0
       0
       3
       2
       4
       5
       4
       1
       2
       1
       3
       4
       3
       1
       1
       1
       1
       1
       3
       1
       0
       1
       1
       3
       0
       0
       0
       0
       2
       0
       0
       0
       0
       0
       1
       0
       0
       0
       0
       1
       1
       0
       0
       1
       0
       0
       1
       0
       0
       0
       0
       1
       1
       0
       0
       0
       1
       0
       1
       0
       2
       1
       0
       0
       0
       0
       0
       0
       1
       0
       1
       0
       2
       1
       0
       1
       2
       2
       3
       2
       0
       0
       0
       0
       0
       1
       1
       1
       2
       2
       0
       0
       1
       1
       1
       2
       0
       0
       1
       0
       1
       0
       1
       1
       1
       0
       0
       0
       0
       0
       1
       0
       0
       1
       2
       1
       0
       1
       1
       0
       0
       1
       0
       0
       3
       2
       0
       1
       0
       0
       0
       1
       1
       0
       0
       1
       1
       2
       0
       1
       0
       0
       0
       1
       1
       0
       0
       1
       1
       0
       1
       1
       0
       1
       0
       0
       0
       0
       0
       0
       1
       0
       0
       0
       1
       0
       0
       1
       0
       0
       1
       0
       0
       0
       2
       0
       0
       1
       0
       0
       0
       0
       1
       0
       1
       0
       0
       1
       0
       3
       0
       1
       0
       0
       1
       1
       0
       2
       1
       0
       0
       0
       0
       1
       1
       0
       0
       1
       0
       0
       0
       1
       0
       0
       0
       1
       0
       0
       0
       0
       0
       0
       2
       0
       1
       1
       0
       0
       2
       1
       2
       0
       0
       0
       0
       1
       1
       0
       2
       0
       0
       2
       0
       0
       0
       0
       0
       0
       0
       0
       1
       0
       1
       1
       0
       1
       2
       0
       0
       0
       0
       1
       0
       0
       1
       1
       0
       1
       0
       0
       2
       1
       1
       1
       2
       1
       2
       0
       0
       0
       0
       1
       1
       1
       0
       0
       0
       0
       0
       1
       2
       1
       0
       2
       0
       0
       1
       0
       0
       0
       1
       0
       0
       1
       1
       2
       1
       2
       1
       1
       0
       1
       1
       0
       0
       1
       0
       0
       0
       0
       0
       0
       3
       1
       0
       0
       0
       0
       0
       0
       0
       1
       0
       0
       1
       0
       0
       0
       2
       0
       1
       0
       0
       1
       2
       1
       0
       0
       1
       1
       1
       0
       1
       1
       0
       0
       0
       0
       0
       0
       2
       1
       0
       0
       0
       2
       1
       0
       1
       1
       0
       0
       1
       0
       0
       0
       0
       1
       1
       0
       0
       2
       0
       1
       2
       0
       1
       0
       0
       0
       0
       0
       0
       0
       0
       1
       0
       0
       0
       0
       2
       0
       0
       0
       0
       0
       0
       0
       0
       0
       0
       2
       2
       0
       1
       1
       0
       0
       0
       1
       0
       1
       0
       0
       1
       2
       0
       2
       0
       0
       1
       5
       1
       2
       0
       0
       2
       1
       0
       2
       1
       1
       0
       0
       1
       0
       1
       0
       0
       1
       0
       0
       0
       0
       0
       1
       0
       0
       2
       1
       0
       0
       0
       0
       0
       0
       1
       0
       0
       0
       0
       0
       1
       0
       0
       0
       0
       0
       0
       0
       0
       1
       0
       0
       0
       1
       0
       0
       1
       0
       0
       0
       0
       0
       0
       1
       1
       0
       1
       1
       1
       1
       1
       2
       0
       0
       2
       0
       0
       0
       0
       1
       0
       0
       0
       0
       0
       2
       0
       0
       0
       1
       1
       1
       0
       1
       1
       0
       0
       1
       0
       0
       1
       0
       1
       1
       0
       0
       2
       0
       1
       1
       2
       0
       0
       0
       0
       1
       1
       0
       1
       1
       0
       1
       2
       1
       1
       0
       0
       0
       1
       0
       0
       1
       2
       0
       0
       2
       0
       2
       2
       1
       1
       2
       1
       0
       0
       2
       0
       2
       0
       1
       2
       1
       1
       0
       2
       0
       0
       1
       4
       0
       2
       1
       1
       3
       1
       0
       0
       0
       0
       4
       2
       2
       0
       0
       1
       0
       0
       1
       1
       1
       0
       0
       3
       0
       0
       0
       2
       0
       2
       1
       0
       0
       1
       0
       0
       1
       1
       2
       2
       1
       2
       2
       2
       0
       0
       1
       2
       1
       0
       3
       0
       1
       2
       0
       0
       0
       0
       1
       1
       0
       1
       0
       1
       0
       0
       0
       0
       1
       0
       1
       0
       0
       1
       2
       2
       0
       0
       0
       0
       0
       4
       0
       1
       0
       0
       0
       1
       1
       0
       0
       1
       0
       0
       0
       0
       0
       2
       0
       2
       0
       1
       0
       0
       0
       0
       0
       0
       3
       1
       0
       2
       1
       1
       0
       0
       1
       0
       0
       0
       1
       1
       0
       0
       4
       0
       0
       0
       1
       1
       1
       2
       0
       2
       2
       2
       1
       1
       0
       0
       1
       2
       2
       1
       1
       2
       1
       0
       0
       0
       0
       0
       1
       1
       0
       1
       2
       1
       1
       2
       0
       0
       0
       0
       0
       0
       0
       1
       0
       1
       0
       1
       1
       0
       1
       1
       1
       0
       1
       0
       1
       0
       2
       0
       0
       0
       0
       2
       0
       1
       0
       1
       0
       0
       1
       1
       0
       1
       2
       1
       0
       0
       2
       2
       0
       1
       2
       0
       1
       0
       0
       1
       0
       1
       0
       1
       2
       0
       0
       0
       1
       0
       3
       0
       1
       0
       0
       0
       0
       1
       0
       0
       3
       0
       0
       2
       1
       2
       0
       0
       0
       1
       2
       0
       1
       0
       1
       0
       0
       0
       0
       2
       1
       0
       1
       0
       1
       0
       0
       0
       0
       0
       2
       0
       0
       0
       0
       0
       0
       1
       0
       2
       0
       0
       0
       0
       1
       1
       0
       2
       0
       1
       0
       0
       0
       1
       1
       0
       0
       0
       0
       0
       2
       0
       1
       0
       0
       1
       1
       1
       1
       1
       0
       0
       2
       2
       0
       0
       2
       0
       2
       0
       1
       0
       0
       0
       2
       0
       1
       1
       1
       3
       0
       2
       0
       1
       3
       1
       2
       1
       0
       4
       0
       0
       0
       1
       1
       0
       1
       0
       3
       0
       0
       1
       1
       0
       0
       0
       0
       2
       0
       0
       1
       0
       0
       1
       3
       1
       2
       1
       0
       1
       0
       1
       1
       1
       4
       0
       1
       0
       3
       4
       0
       0
       0
       0
       2
       0
       0
       0
       1
       1
       1
       0
       1
       1
       1
       1
       1
       1
       0
       1
       0
       0
       0
       0
       2
       0
       1
       0
       1
       0
       0
       0
       0
       0
       0
       0
       1
       0
       1
       1
       2
       0
       0
       1
       0
       0
       2
       0
       0
       1
       2
       0
       0
       1
       1
       0
       1
       0
       2
       0
       0
       1
       1
       1
       1
       1
       0
       0
       1
       0
       0
       0
       1
       0
       1
       0
       0
       1
       0
       1
       1
       0
       1
       0
       0
       0
       1
       0
       0
       0
       1
       2
       1
       0
       0
       0
       1
       0
       1
       3
       0
       1
       0
       0
       2
       1
       0
       1
       1
       0
       0
       2
       0
       2
       0
       1
       1
       1
       0
       1
       1
       1
       0
       0
       0
       0
       0
       1
       0
       0
       1
       0
       1
       0
       1
       1
       0
       0
       0
       1
       0
       1
       0
       0
       1
       1
       1
       2
       1
       0
       1
       0
       0
       0
       0
       1
       0
       0
       0
       1
       0
       2
       0
       2
       0
       0
       0
       1
       0
       1
       0
       0
       2
       2
       1
       0
       2
       0
       1
       0
       2
       1
       3
       0
       0
       1
       0
       0
       1
       0
       1
       0
       0
       0
       0
       1
       0
       1
       0
       0
       2
       0
       0
       1
       0
       1
       0
       1
       1
       1
       2
       1
       0
       1
       1
       2
       0
       3
       2
       0
       0
       0
       0
       0
       1
       0
       2
       0
       0
       0
       1
       2
       0
       0
       1
       2
       2
       0
       3
       1
       0
       0
       1
       0
       0
       1
       0
       2
       1
       0
       1
       0
       0
       2
       0
       0
       0
       0
       1
       0
       1
       1
       1
       0
       0
       0
       1
       0
       1
       0
       0
       1
       1
       1
       0
       3
       1
       0
       0
       1
       1
       0
       0
       1
       2
       0
       1
       0
       0
       1
       0
       1
       1
       2
       0
       0
       3
       2
       2
       1
       3
       0
       0
       2
       1
       0
       0
       2
       1
       0
       1
       1
       0
       0
       0
       1
       0
       2
       1
       0
       0
       2
       1
       1
       1
       0
       1
       0
       0
       2
       1
       0
       2
       0
       1
       0
       0
       2
       3
       1
       0
       0
       1
       1
       0
       0
       2
       0
       1
       1
       1
       0
       2
       1
       0
       0
       2
       1
       0
       1
       1
       0
       0
       3
       0
       2
       1
       0
       2
       0
       0
       0
       2
       0
       1
       2
       0
       2
       1
       0
       0
       0
       0
       0
       0
       1
       1
       0
       3
       1
       0
       0
       1
       0
       5
       2
       0
       1
       2
       0
       1
       0
       1
       0
       0
       0
       0
       0
       0
       2
       1
       0
       0
       0
       1
       1
       1
       0
       0
       0
       1
       0
       2
       0
       1
       1
       1
       2
       1
       0
       0
       0
       1
       0
       3
       0
       2
       0
       0
       1
       2
       2
       0
       0
       2
       2
       0
       0
       0
       0
       0
       1
       0
       1
       0
       1
       1
       0
       1
       0
       0
       0
       1
       0
       0
       1
       1
       2
       1
       0
       0
       1
       1
       0
       1
       0
       2
       0
       0
       1
       0
       0
       0
       0
       0
       1
       0
       1
       0
       0
       0
       0
       0
       0
       0
       0
       0
       0
       0
       0
       2
       1
       0
       0
       2
       0
       0
       0
       0
       0
       0
       1
       0
       0
       0
       1
       1
       0
       1
       1
       0
       3
       0
       1
       0
       0
       0
       0
       0
       2
       4
       0
       0
       3
       1
       0
       1
       0
       2
       0
       0
       0
       1
       0
       0
       1
       0
       0
       1
       0
       2
       0
       0
       1
       2
       2
       1
       0
       0
       0
       0
       1
       0
       2
       1
       0
       2
       0
       1
       0
       0
       0
       0
       0
       0
       2
       0
       1
       0
       0
       0
       1
       1
       0
       1
       1
       0
       1
       1
       1
       1
       0
       0
       1
       0
       0
       0
       0
       0
       0
       0
       1
       1
       2
       1
       1
       0
       1
       1
       1
       0
       0
       0
       0
       1
       0
       0
       0
       0
       0
       1
       1
       0
       1
       2
       0
       0
       1
       1
       0
       0
       1
       0
       1
       0
       2
       1
       1
       2
       1
       2
       0
       2
       0
       1
       1
       1
       0
       0
       0
       0
       0
       0
       1
       0
       0
       0
       0
       0
       0
       0
       1
       1
       0
       0
       1
       0
       0
       0
       1
       0
       0
       1
       0
       1
       0
       0
       0
       0
       0
       0
       0
       0
       0
       0
       1
       1
       1
       0
       0
       0
       0
       1
       0
       0
       1
       1
       0
       0
       0
       0
       0
       0
       0
       0
       2
       0
       0
       0
       0
       0
       1
       0
       0
       0
       1
       0
       0
       2
       0
       0
       0
       1
       2
       0
       0
       0
       2
       0
       0
       1
       1
       1
       1
       1
       2
       0
       0
       1
       1
       0
       0
       0
       1
       0
       0
       1
       0
       0
       1
       0
       0
       0
       0
       0
       0
       0
       2
       0
       1
       1
       1
       0
       0
       2
       0
       0
       1
       1
       1
       2
       0
       2
       0
       2
       0
       0
       1
       0
       0
       0
       1
       1
       1
       2
       0
       0
       1
       1
       1
       0
       0
       0
       2
       0
       1
       2
       0
       1
       0
       0
       2
       0
       0
       0
       3
       0
       1
       0
       0
       0
       0
       0
       0
       1
       0
       0
       0
       0
       0
       2
       0
       0
       0
       0
       0
       0
       0
       1
       0
       1
       1
       0
       1
       0
       0
       0
       0
       0
       0
       1
       1
       1
       0
       1
       3
       0
       0
       0
       0
       0
       0
       0
       1
       0
       0
       0
       0
       0
       0
       0
       0
       1
       2
       0
       0
       1
       0
       0
       1
       0
       0
       0
       0
       0
       0
       0
       2
       0
       1
       0
       0
       0
       0
       0
       0
       0
       1
       0
       0
       1
       0
       0
       2
       3
       0
       1
       1
       0
       0
       0
       0
       0
       1
       1
       1
       0
       0
       0
       1
       0
       1
       0
       1
       1
       0
       0
       0
       0
       1
       0
       0
       0
       1
       0
       0
       2
       0
       0
       0
       1
       2
       0
       0
       0
       0
       0
       2
       0
       0
       0
       0
       0
       0
       1
       0
       0
       0
       1
       0
       0
       0
       0
       0
       1
       0
       1
       0
       0
       0
       0
       1
       1
       2
       0
       0
       1
       0
       0
       1
       0
       0
       0
       0
       1
       0
       0
       1
       0
       0
       1
       1
       1
       0
       0
       1
       1
       2
       0
       0
       0
       0
       1
       1
       0
       0
       1
       0
       0
       1
       0
       1
       0
       0
       1
       0
       0
       0
       0
       0
       0
       1
       1
       0
       1
       2
       1
       0
       0
       0
       0
       0
       0
       1
       0
       0
       0
       0
       0
       0
       0
       0
       1
       1
       0
       0
       0
       0
       0
       0
       0
       1
       0
       0
       1
       0
       0
       0
       0
       0
       1
       2
       0
       0
       0
       0
       0
       0
       1
       2
       0
       0
       0
       0
       0
       1
       0
       0
       0
       0
       0
       2
       0
       2
       0
       0
       0
       0
       0
       0
       0
       0
       0
       0
       0
       0
       0
       1
       0
       0
       1
       0
       1
       3
       1
       1
       1
       0
       1
       0
       0
       0
       0
       1
       0
       0
       1
       1
       1
       0
       0
       1
       0
       0
       0
       0
       0
       0
       0
       0
       0
       1
       0
       1
       0
       1
       0
       2
       0
       0
       0
       0
       0
       1
       0
       0
       1
       0
       0
       0
       0
       0
       0
       0
       1
       1
       0
       0
       0
       1
       0
       0
       0
       1
       0
       0
       1
       0
       0
       1
       0
       0
       0
       0
       0
       0
       0
       0
       0
       0
       1
       0
       1
       0
       1
       0
       1
       0
       0
       1
       0
       0
       0
       0
       0
       1
       0
       0
       0
       2
       1
       0
       0
       0
       1
       0
       1
       1
       0
       1
       1
       1
       0
       0
       0
       0
       1
       0
       0
       0
       0
       0
       0
       0
       0
       0
       1
       1
       0
       0
       1
       0
       0
       0
       1
       0
       0
       0
       0
       0
       0
       1
       1
       1
       1
       0
       0
       0
       1
       0
       0
       0
       1
       0
       0
       0
       0
       0
       0
       0
       1
       1
       1
       0
       1
       0
       0
       0
       0
       0
       0
       0
       0
       1
       1
       0
       0
       0
       1
       0
       0
       0
       1
       0
       0
       0
       1
       0
       0
       1
       1
       0
       0
       1
       0
       0
       0
       0
       1
       1
       1
       0
       0
       0
       0
       0
       0
       0
       0
       0
       0
       0
       0
       0
       0
       0
       0
       0
       1
       1
       0
       1
       0
       0
       0
       0
       0
       0
       0
       1
       0
       0
       0
       0
       0
       1
       1
       0
       0
       1
       0
       0
       1
       0
       0
       0
       1
       0
       1
       0
       0
       0
       0
       0
       0
       0
       0
       0
       1
       0
       0
       0
       1
       0
       0
       0
       0
       2
       0
       1
       0
       0
       0
       0
       0
       0
       2
       0
       0
       0
       0
       0
       0
       0
       0
       1
       0
       0
       0
       0
       1
       0
       0
       1
       0
       0
       0
       1
       0
       0
       0
       1
       0
       1
       0
       0
       0
       0
       0
       1
       0
       0
       0
       0
       1
       1
       0
       1
       1
       0
       0
       0
       0
       0
       2
       0
       2
       0
       0
       0
       1
       0
       0
       0
       0
       0
       1
       1
       0
       0
       0
       1
       0
       1
       0
       1
       0
       1
       0
       0
       0
       1
       0
       0
       0
       0
       0
       0
       0
       0
       1
       1
       0
       1
       0
       0
       1
       1
       0
       0
       1
       0
       0
       0
       0
       0
       0
       0
       1
       0
       0
       0
       1
       0
       0
       0
       0
       0
       0
       0
       1
       0
       1
       0
       0
       1
       2
       1
       0
       0
       0
       0
       0
       0
       1
       2
       0
       0
       0
       0
       0
       0
       0
       0
       0
       0
       0
       0
       0
       0
       0
       0
       0
       0
       0
       0
       0
       0
       0
       1
       0
       0
       0
       0
       0
       0
       0
       2
       0
       0
       0
       1
       0
       0
       0
       0
       0
       0
       0
       1
       0
       1
       0
       1
       0
       1
       0
       0
       2
       0
       1
       0
       0
       1
       0
       0
       0
       0
       1
       0
       0
       1
       0
       0
       2
       0
       0
       0
       1
       0
       1
       1
       1
       0
       0
       0
       1
       1
       0
       0
       1
       0
       4
       1
       0
       3
       4
       1
       6
       7
       7
       6
      10
       9
      15
      14
      10
      17
      19
      28
      22
      21
      25
      19
      22
      16
      13
       8
       7
       6
       7
       1
       2
       3
       3
       1
       1
       0
       0
       0
       1
       0
       0
       1
       2
       0
       0
       0
       0
       0
       0
       0
       0
       1
       0
       0
       0
       0
       0
       0
       0
       1
       0
       1
       0
       0
       1
       0
       1
       0
       0
       0
       0
       0
       0
       0
       0
       1
       0
       1
       0
       0
       1
       1
       2
       1
       3
       1
       0
       0
       0
       2
       3
       1
       4
       5
       4
       3
       8
       8
       3
       7
       7
       8
       5
       4
       2
       3
       2
       3
       2
       1
       2
       1
       1
       2
       0
       0
       0
       1
       0
       0
       0
       0
       0
       0
       1
       0
       1
       0
       0
       1
       0
       0
       0
       0
       1
       0
       0
       0
       0
       0
       0
       0
       0
       0
       0
       0
       0
       0
       0
       0
       0
       0
       2
       0
       0
       0
       0
       0
       0
       0
       0
       1
       0
       0
       0
       0
       0
       0
       0
       0
       1
       0
       0
       0
       0
       0
       0
       1
       0
       0
       0
       0
       0
       0
       0
       0
       0
       1
       0
       2
       1
       0
       0
       0
       0
       0
       0
       0
       1
       0
       0
       0
       0
       0
       1
       0
       0
       1
       0
       0
       0
       0
       0
       0
       1
       0
       0
       0
       0
       0
       0
       0
       0
       0
       0
       0
       0
       0
       0
       0
       0
       0
       0
       0
       0
       0
       0
       0
       0
       0
       0
       1
       2
       0
       0
       0
       0
       0
       1
       0
       0
       0
       1
       1
       1
       0
       0
       0
       0
       0
       0
       0
       0
       0
       0
       0
       0
       0
       0
       0
       0
       0
       1
       0
       1
       0
       0
       0
       0
       1
       0
       0
       0
       0
       1
       0
       1
       0
       0
       0
       0
       0
       0
       0
       0
       0
       0
       0
       0
       0
       1
       1
       1
       1
       0
       1
       0
       0
       1
       0
       0
       1
       0
       0
       1
       2
       0
       0
       0
       0
       0
       0
       0
       0
       0
       0
       0
       1
       0
       0
       1
       1
       0
       2
       0
       0
       0
       1
       0
       0
       0
       1
       0
       0
       1
       1
       0
       0
       0
       0
       1
       0
       0
       0
       0
       0
       1
       0
       1
       0
       0
       0
       0
       1
       0
       0
       0
       0
       0
       0
       0
       1
       0
       0
       0
       0
       0
       0
       0
       0
       0
       0
       0
       0
       0
       0
       0
       0
       1
       0
       1
       0
       0
       1
       0
       1
       1
       0
       0
       0
       1
       0
       0
       2
       0
       0
       0
       0
       0
       1
       0
       0
       0
       0
       0
       0
       0
       0
       1
       0
       0
       0
       1
       0
       1
       0
       0
       0
       0
       1
       0
       0
       0
       0
       0
       0
       0
       0
       0
       0
       1
       0
       0
       0
       0
       0
       0
       0
       0
       0
       0
       1
       1
       1
       0
       0
       0
       0
       0
       0
       0
       0
       0
       0
       1
       0
       0
       0
       1
       0
       0
       0
       0
       0
       0
       0
       0
       0
       1
       0
       0
       0
       1
       2
       2
       0
       3
       0
       0
       0
       1
       0
       0
       1
       0
       1
       0
       1
       0
       0
       0
       0
       0
       0
       1
       0
       0
       0
       0
       0
       0
       0
       0
       0
       0
       0
       1
       0
       0
       0
       0
       0
       0
       0
       0
       0
       0
       0
       0
       0
       0
       0
       0
       0
       0
       0
       0
       0
       0
       1
       1
       0
       0
       0
       0
       1
       0
       2
       0
       0
       0
       0
       0
       0
       1
       0
       0
       0
       0
       0
       1
       0
       0
       0
       0
       0
       0
       0
       0
       0
       0
       0
       2
       0
       0
       0
       0
       2
       0
       1
       0
       0
       0
       0
       0
       0
       0
       0
       0
       0
       0
       0
       0
       1
       0
       0
       0
       0
       1
       0
       0
       0
       1
       1
       0
       1
       1
       0
       0
       0
       1
       0
       1
       0
       0
       0
       0
       0
       0
       0
       0
       0
       0
       0
       0
       0
       0
       0
       0
       0
       0
       0
       0
       1
       0
       0
       0
       1
       1
       0
       0
       0
       1
       1
       0
       1
       1
       0
       0
       0
       0
       0
       1
       1
       0
       0
       0
       0
       1
       0
       0
       0
       0
       0
       0
       0
       0
       0
       1
       0
       0
       0
       0
       0
       0
       0
       0
       0
       0
       1
       0
       0
       0
       0
       0
       0
       0
       0
       0
       0
       1
       1
       0
       0
       0
       1
       0
       0
       1
       0
       0
       0
       1
       0
       0
       1
       0
       0
       0
       0
       1
       1
       0
       0
       0
       1
       0
       0
       0
       0
       0
       0
       1
       1
       1
       1
       0
       1
       2
       1
       2
       1
       1
       0
       0
       2
       1
       2
       1
       1
       1
       3
       4
       1
       2
       2
       0
       1
       0
       1
       3
       0
       1
       0
       0
       0
       2
       0
       0
       0
       0
       0
       0
       1
       0
       0
       0
       0
       0
       0
       0
       0
       0
       1
       0
       1
       2
       1
       0
       0
       0
       0
       0
       0
       0
       0
       0
       0
       0
       0
       0
       0
       0
       0
       0
       0
       0
       0
       0
       0
       0
       0
       1
       0
       0
       0
       0
       0
       0
       0
       0
       1
       0
       0
       0
       0
       0
       0
       0
       1
       0
       1
       2
       0
       0
       0
       0
       0
       0
       0
       0
       1
       1
       2
       0
       1
       0
       1
       0
       1
       1
       0
       0
       0
       0
       1
       1
       0
       0
       0
       1
       1
       0
       1
       0
       0
       0
       0
       0
       1
       0
       0
       0
       1
       0
       0
       0
       0
       0
       0
       1
       0
       0
       0
       0
       0
       0
       1
       0
       0
       0
       0
       1
       0
       0
       0
       0
       0
       1
       0
       0
       2
       0
       0
       0
       0
       0
       0
       1
       0
       0
       2
       1
       0
       0
       0
       0
       0
       0
       0
       0
       0
       0
       0
       1
       0
       0
       0
       0
       0
       1
       1
       0
       0
       0
       0
       0
       0
       0
       0
       0
       0
       0
       0
       0
       0
       0
       0
       0
       0
       0
       1
       0
       0
       1
       1
       0
       0
       0
       0
       0
       0
       0
       0
       0
       0
       1
       0
       0
       2
       0
       0
       1
       0
       0
       0
       0
       0
       0
       0
       0
       0
       0
       0
       0
       0
       0
       0
       0
       0
       0
       0
       0
       0
       0
       0
       0
       0
       0
       0
       0
       0
       0
       1
       1
       2
       0
       0
       0
       0
       1
       0
       0
       1
       1
       0
       0
       0
       0
       0
       0
       2
       0
       0
       0
       0
       0
       0
       1
       0
       0
       1
       0
       0
       0
       0
       0
       0
       1
       0
       0
       0
       0
       0
       0
       0
       0
       1
       0
       0
       1
       0
       0
       0
       0
       0
       0
       0
       1
       0
       0
       0
       0
       0
       0
       0
       0
       1
       0
       1
       0
       0
       0
       0
       0
       0
       0
       0
       0
       0
       0
       1
       0
       0
       0
       1
       0
       0
       0
       1
       0
       0
       0
       0
       0
       0
       0
       0
       0
       0
       1
       0
       0
       0
       0
       1
       0
       0
       1
       0
       0
       0
       0
       0
       0
       0
       0
       0
       0
       0
       1
       0
       0
       0
       0
       0
       0
       0
       1
       0
       0
       0
       1
       0
       0
       0
       1
       0
       0
       0
       1
       0
       0
       0
       1
       2
       1
       0
       0
       0
       1
       0
       0
       0
       0
       0
       0
       0
       1
       1
       0
       0
       1
       1
       0
       0
       1
       0
       0
       1
       1
       0
       0
       0
       0
       0
       0
       0
       0
       0
       0
       0
       0
       0
       0
       0
       0
       1
       1
       1
       0
       0
       0
       0
       0
       1
       0
       0
       0
       0
       0
       0
       0
       1
       1
       1
       0
       1
       0
       0
       0
       0
       0
       0
       0
       0
       1
       0
       0
       0
       0
       0
       0
       1
       0
       0
       0
       1
       0
       0
       0
       0
       0
       0
       0
       1
       0
       0
       0
       0
       0
       0
       0
       0
       0
       0
       0
       0
       0
       1
       0
       2
       0
       0
       0
       0
       0
       0
       0
       1
       0
       0
       0
       0
       0
       0
       1
       0
       0
       0
       0
       0
       0
       0
       0
       0
       0
       0
       0
       0
       0
       0
       1
       0
       0
       2
       0
       0
       0
       0
       0
       1
       1
       0
       1
       0
       0
       1
       0
       0
       1
       0
       2
       0
       1
       0
       0
       0
       0
       0
       0
       0
       0
       0
       0
       0
       0
       0
       1
       1
       0
       0
       0
       1
       0
       0
       0
       1
       0
       0
       0
       0
       0
       0
       0
       0
       0
       0
       1
       1
       0
       0
       0
       0
       0
       0
       0
       0
       1
       0
       0
       0
       0
       0
       0
       0
       1
       0
       1
       1
       1
       0
       0
       0
       0
       0
       0
       0
       0
       3
       0
       0
       0
       1
       0
       0
       0
       1
       0
       0
       0
       0
       0
       0
       0
       0
       0
       0
       0
       0
       0
       0
       0
       0
       2
       1
       1
       0
       1
       0
       2
       0
       0
       0
       0
       0
       0
       0
       2
       0
       1
       0
       0
       0
       0
       0
       0
       0
       0
       0
       1
       0
       1
       1
       0
       0
       2
       0
       0
       0
       1
       1
       0
       0
       1
       1
       1
       0
       0
       0
       0
       0
       0
       0
       0
       0
       0
       0
       0
       0
       0
       0
       0
       0
       0
       0
       0
       1
       1
       0
       0
       0
       0
       0
       1
       0
       0
       0
       0
       0
       0
       0
       0
       0
       0
       1
       0
       0
       0
       0
       1
       0
       0
       0
       0
       0
       0
       0
       0
       0
       0
       2
       0
       0
       0
       0
       0
       0
       0
       0
       0
       0
       2
       0
       1
       0
       0
       2
       0
       0
       0
       0
       1
       0
       0
       0
       0
       0
       0
       0
       0
       1
       0
       1
       0
       0
       1
       1
       0
       0
       0
       1
       0
       0
       0
       1
       0
       0
       0
       1
       0
       0
       0
       0
       0
       0
       1
       0
       1
       0
       0
       0
       0
       0
       0
       0
       0
       0
       0
       1
       0
       0
       0
       1
       0
       0
       0
       0
       1
       0
       1
       1
       0
       1
       0
       1
       0
       0
       1
       0
       1
       0
       0
       0
       0
       1
       0
       0
       1
       0
       0
       0
       0
       1
       0
       0
       1
       0
       1
       0
       0
       0
       0
       0
       0
       0
       0
       1
       0
       0
       1
       1
       0
       1
       0
       0
       1
       0
       0
       1
       1
       0
       0
       1
       1
       0
       0
       0
       0
       0
       0
       1
       0
       1
       0
       0
       0
       1
       0
       0
       0
       0
       0
       0
       0
       0
       0
       0
       0
       0
       0
       0
       0
       0
       0
       0
       0
       0
       0
       0
       1
       0
       0
       1
       0
       0
       0
       1
       0
       0
       0
       0
       0
       1
       0
       0
       1
       0
       1
       0
       0
       0
       0
       1
       0
       0
       0
       0
       0
       0
       0
       0
       0
       0
       0
       1
       0
       1
       0
       0
       0
       0
       1
       0
       0
       2
       0
       0
       0
       1
       1
       1
       1
       0
       0
       0
       0
       0
       0
       0
       1
       0
       0
       0
       0
       1
       0
       0
       2
       1
       1
       1
       0
       0
       0
       1
       0
       0
       0
       0
       1
       1
       0
       0
       0
       0
       1
       0
       0
       0
       0
       0
       2
       0
       0
       1
       0
       0
       0
       0
       0
       2
       1
       0
       0
       0
       1
       1
       0
       0
       0
       1
       0
       0
       0
       0
       0
       0
       0
       1
       0
       0
       0
       0
       0
       1
       0
       0
       0
       0
       0
       0
       0
       0
       1
       0
       1
       0
       0
       0
       0
       0
       0
       1
       0
       1
       0
       0
       0
       1
       0
       0
       0
       0
       0
       1
       1
       0
       0
       0
       1
       0
       0
       0
       0
       0
       0
       0
       1
       0
       0
       1
       0
       0
       0
       0
       0
       0
       0
       0
       0
       0
       0
       0
       0
       0
       0
       0
       1
       0
       0
       0
       1
       2
       0
       0
       0
       0
       0
       1
       0
       0
       0
       0
       0
       1
       1
       0
       0
       0
       0
       0
       0
       0
       1
       0
       0
       0
       0
       0
       0
       0
       0
       0
       0
       1
       0
       0
       1
       1
       0
       0
       0
       0
       0
       1
       0
       0
       0
       0
       0
       0
       1
       0
       0
       1
       0
       0
       0
       0
       0
       1
       1
       1
       1
       1
       0
       0
       1
       0
       0
       1
       0
       0
       0
       0
       1
       0
       1
       1
       0
       1
       0
       0
       1
       0
       0
       0
       1
       0
       0
       0
       0
       0
       0
       1
       0
       0
       1
       1
       2
       1
       2
       0
       0
       0
       1
       2
       0
       0
       0
       0
       2
       0
       1
       0
       0
       0
       0
       0
       1
       0
       0
       1
       0
       0
       0
       0
       0
       0
       1
       0
       0
       0
       0
       1
       0
       0
       1
       0
       0
       0
       0
       0
       0
       0
       0
       1
       1
       0
       0
       0
       0
       1
       0
       0
       0
       0
       1
       0
       0
       0
       1
       0
       0
       0
       0
       0
       1
       0
       1
       0
       1
       0
       0
       0
       1
       0
       0
       0
       0
       1
       0
       0
       0
       0
       0
       0
       0
       0
       2
       0
       0
       0
       1
       0
       1
       0
       0
       0
       0
       0
       0
       1
       1
       0
       1
       0
       0
       0
       0
       1
       0
       0
       0
       0
       1
       0
       0
       1
       1
       0
       0
       0
       2
       0
       0
       0
       0
       1
       1
       2
       1
       2
       1
       3
       0
       0
       0
       0
       2
       1
       2
       3
       1
       1
       0
       1
       0
       1
       0
       0
       1
       0
       0
       0
       0
       0
       2
       1
       0
       0
       0
       0
       0
       0
       0
       1
       0
       0
       0
       1
       1
       0
       0
       0
       1
       0
       0
       0
       0
       0
       0
       0
       0
       0
       0
       0
       0
       0
       0
       0
       1
       0
       1
       1
       0
       1
       0
       0
       1
       0
       0
       0
       1
       0
       0
       1
       0
       1
       0
       0
       0
       0
       1
       0
       0
       0
       1
       0
       0
       0
       0
       1
       0
       0
       0
       0
       0
       0
       1
       0
       0
       0
       1
       0
       1
       1
       0
       0
       0
       0
       0
       0
       0
       1
       1
       1
       0
       0
       0
       1
       0
       0
       0
       0
       1
       1
       0
       0
       0
       0
       1
       0
       0
       0
       0
       0
       0
       1
       0
       0
       0
       0
       0
       0
       0
       0
       0
       2
       0
       0
       1
       0
       0
       0
       0
       0
       0
       1
       0
       0
       1
       0
       0
       0
       0
       1
       0
       1
       1
       1
       0
       0
       0
       0
       0
       0
       0
       0
       0
       0
       0
       0
       1
       0
       0
       0
       2
       0
       1
       0
       1
       1
       1
       1
       0
       0
       0
       0
       0
       1
       1
       0
       0
       1
       0
       0
       1
       0
       0
       0
       0
       0
       0
       0
       0
       0
       0
       1
       0
       0
       1
       0
       0
       0
       0
       0
       0
       0
       0
       0
       2
       0
       1
       1
       0
       0
       0
       0
       1
       0
       0
       0
       0
       0
       0
       1
       0
       0
       0
       1
       0
       0
       0
       0
       0
       1
       0
       0
       0
       0
       0
       1
       0
       0
       0
       0
       0
       0
       1
       0
       2
       2
       0
       0
       0
       0
       1
       0
       0
       0
       0
       0
       0
       0
       0
       1
       0
       0
       0
       0
       0
       1
       0
       0
       1
       0
       0
       0
       0
       0
       1
       0
       1
       0
       0
       0
       0
       0
       0
       0
       0
       0
       0
       0
       0
       0
       0
       0
       0
       0
       0
       0
       0
       0
       0
       0
       0
       0
       0
       1
       0
       0
       1
       0
       0
       0
       0
       0
       0
       0
       0
       0
       0
       0
       1
       1
       0
       0
       0
       0
       0
       0
       1
       0
       0
       0
       0
       2
       0
       0
       0
       0
       1
       0
       0
       0
       0
       0
       1
       0
       0
       0
       0
       0
       0
       0
       1
       0
       0
       0
       0
       0
       1
       0
       0
       0
       0
       0
       0
       1
       0
       0
       1
       0
       0
       0
       0
       0
       0
       0
       0
       0
       0
       1
       0
       1
       2
       0
       0
       0
       0
       0
       0
       0
       0
       0
       0
       0
       0
       0
       0
       0
       0
       0
       0
       0
       0
       0
       1
       1
       0
       0
       0
       2
       0
       0
       1
       0
       0
       0
       0
       0
       0
       0
       0
       0
       0
       1
       0
       0
       0
       0
       0
       0
       0
       0
       0
       0
       0
       0
       0
       0
       0
       0
       0
       0
       0
       1
       0
       0
       0
       1
       1
       0
       0
       0
       0
       0
       0
       0
       1
       0
       0
       0
       0
       0
       0
       0
       0
       0
       0
       0
       0
       0
       0
       0
       0
       0
       0
       0
       1
       0
       0
       0
       0
       0
       0
       0
       1
       1
       0
       0
       0
       0
       0
       0
       0
       0
       0
       0
       0
       0
       0
       0
       0
       0
       0
       0
       0
       1
       0
       0
       1
       0
       0
       0
       0
       1
       0
       0
       0
       0
       0
       0
       1
       0
       0
       0
       1
       0
       0
       0
       0
       0
       0
       0
       0
       0
       0
       0
       0
       1
       0
       0
       0
       0
       0
       0
       0
       0
       0
       0
       0
       0
       0
       0
       1
       0
       0
       0
       0
       0
       1
       1
       1
       0
       2
       0
       0
       0
       0
       0
       1
       0
       0
       0
       0
       0
       1
       0
       0
       0
       0
       0
       0
       1
       0
       0
       0
       0
       0
       0
       1
       0
       0
       0
       0
       0
       0
       0
       0
       1
       0
       0
       0
       0
       0
       0
       0
       0
       0
       0
       0
       0
       0
       0
       0
       0
       0
       0
       0
       0
       1
       0
       0
       0
       0
       0
       0
       0
       0
       0
       0
       0
       0
       0
       0
       0
       0
       0
       0
       0
       1
       0
       0
       0
       0
       0
       0
       0
       0
       0
       0
       1
       0
       0
       0
       0
       0
       0
       0
       0
       0
       0
       0
       0
       0
       0
       0
       0
       0
       0
       1
       0
       0
       0
       0
       0
       0
       0
       0
       1
       0
       0
       1
       0
       0
       0
       0
       1
       0
       0
       0
       0
       0
       0
       0
       0
       0
       0
       1
       0
       1
       0
       0
       1
       0
       0
       0
       0
       1
       0
       1
       0
       0
       1
       0
       0
       0
       0
       0
       0
       0
       0
       0
       0
       0
       0
       0
       1
       0
       1
       0
       0
       0
       0
       0
       2
       0
       0
       0
       0
       0
       0
       0
       0
       0
       0
       0
       0
       0
       0
       0
       0
       0
       0
       0
       0
       1
       0
       1
       0
       0
       0
       0
       0
       0
       0
       0
       0
       0
       0
       0
       0
       0
       0
       0
       0
       0
       0
       0
       0
       0
       0
       0
       0
       0
       0
       0
       0
       0
       0
       0
       0
       0
       0
       0
       0
       0
       1
       1
       0
       0
       0
       0
       0
       0
       0
       0
       0
       1
       0
       1
       0
       0
       0
       0
       0
       0
       0
       0
       0
       0
       0
       0
       0
       0
       0
       0
       1
       1
       0
       0
       0
       1
       0
       0
       0
       0
       1
       0
       0
       0
       0
       0
       0
       0
       0
       0
       0
       0
       0
       1
       0
       0
       0
       0
       0
       0
       0
       0
       0
       0
       0
       0
       0
       0
       0
       0
       0
       0
       0
       0
       0
       0
       1
       0
       0
       0
       0
       0
       0
       0
       0
       0
       0
       0
       0
       0
       0
       0
       0
       0
       0
       0
       0
       0
       0
       0
       0
       0
       0
       0
       0
       0
       0
       0
       0
       0
       0
       0
       0
       0
       0
       0
       0
       0
       0
       0
       0
       0
       2
       1
       0
       0
       2
       0
       1
       0
       1
       0
       1
       1
       1
       1
       0
       1
       1
       2
       2
       1
       0
       1
       4
       6
       4
       6
       2
       1
       3
       2
       2
       3
       3
       3
       1
       0
       2
       0
       0
       1
       0
       0
       0
       0
       0
       1
       0
       0
       0
       1
       0
       0
       0
       0
       0
       0
       0
       0
       1
       1
       0
       1
       0
       0
       0
       1
       0
       0
       0
       0
       0
       0
       0
       0
       0
       0
       0
       0
       0
       1
       1
       0
       0
       0
       0
       0
       0
       0
       0
       0
       0
       0
       0
       1
       0
       0
       0
       0
       0
       0
       0
       0
       0
       0
       0
       0
       0
       0
       0
       0
       0
       0
       0
       0
       0
       1
       0
       0
       0
       0
       0
       0
       0
       0
       0
       0
       0
       0
       0
       0
       0
       0
       0
       0
       0
       0
       0
       0
       0
       0
       0
       0
       0
       0
       0
       0
       0
       0
       0
       0
       0
       0
       0
       0
       0
       0
       0
       0
       0
       0
       0
       0
       0
       0
       0
       0
       0
       0
       0
       0
       0
       0
       0
       0
       0
       0
       0
       0
       0
       0
       0
       0
       0
       0
       0
       0
       0
       0
       0
       0
       0
       0
       0
       0
       0
       0
       0
       0
       0
       0
       0
       0
       0
       0
       0
       0
       0
       0
       0
       0
       0
       0
       0
       0
       0
       0
       0
       0
       0
       0
       0
       0
       0
       0
       0
       0
       0
       0
       0
       0
       0
       0
       0
       0
       0
       0
       0
       0
       0
       0
       0
       0
       0
       0
       0
       0
       0
       0
       0
       0
       0
       0
       0
       0
       0
       0
       0
       0
       0
       0
       0
       0
       0
       0
       0
       0
       0
       0
       0
       0
       0
       0
       0
       0
       0
       0
       0
       0
       0
       0
       0
       0
       0
       0
       0
       0
       0
       0
       0
       0
       0
       0
       0
       0
       0
       0
       0
       0
       0
       0
       0
       0
       0
       0
       0
       0
       0
       0
       0
       0
       0
       0
       0
       0
       0
       0
       0
       0
       0
       0
       0
       0
       0
       0
       0
       0
       0
       0
       0
       0
       0
       0
       0
       0
       0
       0
       0
       0
       0
       0
       0
       0
       0
       0
       0
       0
       0
       0
       0
       0
       0
       0
       0
       0
       0
       0
       0
       0
       0
       0
       0
       0
       0
       0
       0
       0
       0
       0
       0
       0
       0
       0
       0
       0
       0
       0
       0
       0
       0
$ROI:
11
583 647
961 1022
1579 1617
1945 1972
2543 2573
3149 3192
3710 3760
4621 4695
5562 5597
6799 6831
13202 13243
$PRESETS:
None
0
0
$ENER_FIT:
0.397847 0.199192
$MCA_CAL:
3
3.978472E-001 1.991916E-001 0.000000E+000 keV
$SHAPE_CAL:
3
5.030225E+000 9.745300E-004 0.000000E+000
