$SPEC_ID:
No sample description was entered.
$SPEC_REM:
DET# 1
DETDESC# DESKTOP-9VUPE7E Model 927 SN 7115241 Input 1
AP# Maestro Version 7.01
$DATE_MEA:
12/12/2025 11:32:24
$MEAS_TIM:
1398 1425
$DATA:
0 16383
       0
       0
       0
       0
       0
       0
       0
       0
       0
       0
       0
       0
       0
       0
       0
       0
       0
       0
       0
       0
       0
       0
       0
       0
       0
       0
       0
       0
       0
       0
       0
       0
       0
       0
       0
       0
       0
       0
       0
       0
       0
       0
       0
       0
       0
       0
       0
       0
       0
       0
       0
       0
       0
       0
       0
       0
       0
       0
       0
       0
       0
       0
       0
       0
       0
       0
       0
       0
       0
       0
       0
       0
       0
       0
       0
       0
       0
       0
       0
       0
       0
       0
       0
       0
       0
       0
       0
       0
       0
       0
       0
       0
       0
       0
       0
       0
       0
       0
       0
       0
       0
       0
       0
       0
       0
       0
       0
       0
       0
       0
       0
       0
       0
       0
       0
       0
       0
       0
       0
       0
       0
       0
       0
       0
       0
       0
       0
       0
       0
       0
       0
       0
       0
       0
       0
       0
       0
       0
       0
       0
       0
       0
       0
       0
       0
       0
       0
       0
       0
       0
       0
       0
       0
       0
       0
       0
       0
       0
       0
       0
       0
       0
       0
       0
       0
       0
       0
       0
       0
       0
       0
       0
       0
       0
       0
       0
       0
       0
       0
       0
       0
       0
       0
       0
       0
       0
       0
       0
       0
       0
       0
       0
       0
       0
       0
       0
       0
       0
       0
       0
       0
       0
       0
       0
       0
       0
       0
       0
       0
       0
       0
       0
       0
       0
       0
       0
       0
       0
       0
       0
       0
       0
       0
       0
       0
       0
       0
       0
       0
       0
       0
       0
       0
       0
       0
       0
       0
       0
       0
       0
       0
       0
       0
       0
       0
       0
       0
       0
       0
       0
       0
       0
       0
       0
       0
       0
       0
       0
       0
       0
       0
       0
       0
       0
       0
       0
       0
       0
       0
       0
       0
       0
       0
       0
       0
       0
       0
       0
       0
       0
       0
       0
       0
       0
       0
       0
       0
       0
       0
       0
       0
       0
       0
       0
       0
       0
       0
       0
       0
       0
       0
       0
       0
       0
       0
       0
       0
       0
       0
       0
       0
       0
       0
       0
       0
       0
       0
       0
       0
       0
       0
       0
       0
       0
       0
       0
       0
       0
       0
       0
       0
       0
       0
       0
       0
       0
       0
       0
       0
       0
       0
       0
       0
       0
       0
       0
       0
       0
       0
       0
       0
       0
       0
       0
       0
       0
       0
       0
       0
       0
       0
       0
       0
       0
       0
       0
       0
       0
       0
       0
       0
       0
       0
       0
       0
       0
       0
       0
       0
       0
       0
       0
       0
       0
       0
       0
       0
       0
       0
       0
       0
       0
       0
       0
       0
       0
       0
       0
       0
       7
      42
     114
     137
     138
     134
     154
     154
     167
     145
     151
     154
     137
     152
     135
     162
     160
     146
     140
     159
     139
     172
     160
     150
     155
     182
     187
     159
     184
     171
     164
     193
     195
     168
     156
     181
     172
     177
     188
     188
     217
     177
     167
     178
     182
     190
     192
     230
     214
     188
     215
     176
     186
     161
     176
     192
     166
     190
     173
     182
     174
     156
     170
     200
     190
     170
     172
     155
     177
     157
     153
     174
     163
     154
     165
     141
     164
     194
     146
     148
     137
     172
     145
     165
     155
     175
     145
     147
     152
     146
     159
     151
     133
     156
     148
     151
     157
     164
     148
     139
     153
     169
     145
     158
     175
     161
     172
     152
     166
     153
     142
     173
     152
     158
     164
     132
     159
     131
     136
     154
     143
     174
     159
     152
     142
     143
     151
     171
     157
     160
     152
     148
     184
     158
     170
     154
     163
     160
     151
     195
     151
     139
     172
     164
     161
     163
     211
     174
     147
     158
     154
     186
     179
     194
     203
     167
     184
     194
     161
     173
     179
     176
     213
     183
     166
     165
     167
     181
     191
     159
     177
     187
     194
     181
     149
     167
     200
     199
     200
     201
     197
     188
     197
     191
     183
     192
     208
     208
     206
     243
     205
     198
     183
     182
     200
     173
     210
     224
     220
     211
     249
     274
     409
     597
     920
    1359
    1836
    2209
    2222
    1927
    1472
    1022
     647
     442
     281
     230
     162
     177
     171
     179
     136
     166
     160
     159
     183
     178
     168
     175
     167
     179
     162
     174
     179
     169
     158
     186
     198
     157
     171
     164
     172
     192
     193
     176
     189
     159
     163
     176
     167
     193
     145
     170
     176
     190
     169
     182
     160
     189
     184
     190
     190
     219
     194
     191
     182
     192
     182
     201
     190
     173
     169
     202
     179
     183
     188
     176
     215
     208
     200
     193
     200
     189
     207
     205
     206
     214
     190
     181
     189
     193
     206
     185
     194
     201
     196
     189
     205
     212
     209
     211
     172
     194
     161
     168
     190
     207
     224
     190
     190
     192
     204
     212
     222
     193
     193
     167
     202
     191
     199
     254
     181
     205
     176
     193
     180
     200
     181
     206
     205
     191
     183
     207
     202
     226
     188
     207
     184
     191
     196
     191
     193
     205
     168
     213
     178
     200
     189
     196
     169
     194
     186
     182
     174
     165
     186
     200
     189
     194
     188
     171
     178
     192
     196
     177
     187
     200
     186
     222
     163
     200
     167
     195
     195
     169
     192
     211
     175
     178
     184
     186
     180
     190
     169
     178
     169
     183
     191
     166
     203
     211
     181
     194
     195
     227
     194
     205
     166
     187
     183
     187
     198
     170
     212
     169
     175
     216
     159
     188
     185
     184
     205
     188
     187
     187
     189
     193
     201
     205
     183
     175
     184
     187
     183
     194
     196
     177
     203
     196
     193
     211
     185
     194
     182
     201
     183
     203
     175
     195
     191
     182
     219
     162
     207
     183
     181
     195
     162
     207
     212
     180
     182
     179
     181
     166
     168
     197
     197
     176
     188
     199
     187
     191
     169
     187
     211
     187
     182
     168
     162
     166
     176
     157
     204
     173
     198
     181
     196
     195
     184
     195
     194
     195
     185
     184
     156
     196
     175
     200
     180
     182
     178
     177
     202
     177
     180
     165
     193
     171
     182
     213
     201
     186
     185
     186
     177
     185
     190
     198
     183
     185
     197
     196
     199
     170
     213
     192
     179
     160
     209
     173
     188
     191
     187
     206
     199
     214
     180
     183
     191
     191
     193
     180
     222
     223
     193
     182
     195
     222
     218
     179
     203
     195
     189
     164
     175
     211
     201
     203
     192
     176
     173
     173
     182
     193
     169
     195
     181
     202
     215
     211
     194
     187
     178
     190
     180
     207
     196
     193
     174
     200
     197
     213
     169
     195
     206
     192
     199
     185
     188
     207
     211
     268
     317
     489
     754
    1204
    1872
    2653
    3068
    3221
    3027
    2515
    1839
    1134
     725
     376
     233
     163
     155
     181
     151
     127
     177
     138
     156
     151
     170
     126
     130
     160
     151
     134
     135
     148
     141
     152
     172
     144
     177
     127
     139
     154
     145
     144
     144
     121
     154
     146
     155
     149
     157
     140
     116
     149
     137
     150
     140
     148
     155
     149
     157
     154
     132
     135
     152
     144
     153
     161
     137
     139
     123
     135
     159
     139
     151
     150
     142
     168
     148
     166
     140
     142
     152
     139
     137
     137
     147
     115
     146
     129
     140
     136
     132
     134
     142
     145
     151
     136
     140
     135
     158
     167
     147
     133
     166
     146
     149
     120
     138
     144
     146
     128
     138
     150
     142
     136
     154
     163
     136
     163
     146
     125
     158
     158
     139
     143
     148
     119
     154
     129
     147
     151
     153
     138
     142
     144
     147
     135
     124
     117
     154
     142
     140
     115
     123
     127
     129
     157
     139
     135
     132
     158
     137
     136
     143
     139
     159
     143
     151
     141
     147
     137
     136
     163
     146
     144
     144
     165
     148
     149
     158
     145
     141
     146
     139
     135
     125
     144
     163
     122
     146
     149
     165
     137
     129
     156
     125
     128
     141
     137
     132
     136
     139
     151
     144
     146
     144
     132
     145
     172
     145
     143
     149
     127
     144
     148
     145
     138
     141
     147
     136
     157
     140
     150
     158
     144
     146
     143
     140
     151
     134
     121
     166
     135
     141
     144
     145
     165
     142
     161
     146
     189
     165
     172
     129
     152
     167
     136
     144
     135
     133
     147
     152
     132
     142
     148
     128
     149
     137
     143
     130
     147
     122
     159
     125
     140
     130
     159
     135
     142
     152
     150
     156
     147
     124
     140
     121
     168
     127
     129
     144
     126
     125
     140
     145
     125
     147
     137
     149
     139
     147
     135
     144
     128
     159
     135
     145
     141
     124
     112
     150
     144
     135
     139
     148
     105
     105
     152
     130
     134
     150
     147
     142
     142
     134
     141
     152
     137
     125
     139
     134
     136
     139
     127
     143
     122
     133
     144
     134
     151
     161
     133
     166
     119
     136
     124
     124
     150
     131
     117
     147
     116
     149
     148
     138
     138
     140
     123
     118
     135
     126
     116
     108
     138
     134
     105
     114
     151
     142
     136
     113
     121
     120
     126
     118
     116
     122
     145
     135
     127
     124
     116
     138
     149
     129
     143
     119
     123
     144
     121
     129
     143
     151
     130
     148
     138
     121
     135
     128
     120
     127
     133
     119
     122
     138
     146
     134
     140
     140
     137
     112
     116
     113
     110
     121
     143
     136
     132
     119
     119
     120
     122
     122
     142
     114
     135
     121
     130
     127
     120
     126
     139
     142
     129
     126
     136
     130
     133
     124
     118
     130
     139
     154
     119
     136
     102
     134
     129
     119
     113
     115
     122
     135
     129
     133
     105
     126
     114
     128
     107
     135
     104
     147
     116
     120
     149
     119
     122
     112
     102
     104
     136
     126
     114
     108
     132
     143
     118
     113
     132
     122
     135
     118
     124
     139
      94
     111
     119
     111
     139
     106
     107
     122
     110
     121
     125
     120
     104
     106
     107
     115
     108
     105
     123
     112
     118
     109
     124
     123
     108
     102
     111
     109
     122
     124
     123
     111
     106
     116
     123
     139
     117
     107
     134
      94
     100
     125
     103
     106
     119
     109
     111
     102
     120
     106
     133
     118
     118
     102
     117
     102
     113
     127
     104
     116
     115
     134
     115
     119
     120
     131
     122
     103
     103
     116
     136
      89
     114
      99
     105
     123
      94
     121
      97
     116
     126
     127
     107
     134
     114
     118
     100
     101
     106
      81
     113
     119
     113
     112
     111
     117
      97
     106
     122
     107
      85
     116
      95
     116
     103
     105
     117
     123
     121
     106
     103
     101
     100
     126
     139
     132
     127
     129
     129
     130
     126
     112
     113
     108
     110
     101
      94
     109
     123
     113
     123
      92
      99
     103
     116
     118
     102
      98
      91
     102
      89
     104
     105
      90
     104
     107
     109
     107
     111
      86
     104
      96
     121
     105
     107
     111
     108
     107
     125
     125
     137
     132
     127
     102
     109
     120
      95
     119
     111
      91
     118
     109
     114
     118
     118
     115
     110
     114
     102
      91
     103
     108
     107
     105
      88
     115
     138
      96
      88
      98
      96
     115
      98
     111
     112
     119
     106
      95
     112
     118
     101
     126
      84
     113
      99
     113
     108
      95
      91
      95
      87
      90
     112
      94
      91
      86
     105
      97
     100
      86
      89
      94
      95
     114
      92
     113
     104
     102
      99
     114
      83
     112
      96
     106
     115
      88
      93
      81
      90
     107
     101
      90
     102
      88
     102
      80
      80
      94
     104
      93
      98
      87
      98
      92
      83
      90
      89
      97
      96
     100
      97
      69
      90
      94
      92
     100
      90
      84
     102
      97
      98
      94
      84
     108
      93
      94
      97
      80
      88
     120
     101
      92
      81
      95
      94
      88
      74
      74
      92
      68
      94
      75
      85
     100
     105
     108
      86
      95
      97
      84
      94
      98
      90
      92
      84
      81
      82
      94
      93
      99
      97
      96
      86
     111
      82
      86
      87
      93
     100
     104
     109
      95
     104
      94
      99
     101
      91
      90
      99
      98
     104
      94
      85
      78
     104
      69
      81
      83
      88
      88
      97
      83
      88
      87
      87
      98
      68
      97
      83
      93
      96
      93
      77
      85
      76
      88
      77
      80
      86
      93
      79
      83
     110
     101
     106
      87
      99
      92
      78
      95
      91
      90
      92
      79
      85
      79
      85
      79
      72
      87
     112
      76
      86
      86
     101
      84
      71
      92
      81
      93
      97
      86
      74
      86
      81
      92
     109
      84
      81
      87
     101
      94
      99
      95
      84
      82
      83
      78
      76
      88
      94
     106
      82
      95
      91
      81
      76
      97
      92
      81
      95
      86
      76
      72
      96
      87
     113
      82
      87
      89
      76
      84
      83
      97
      93
      71
      80
      80
      96
      82
      90
      73
      86
      70
      73
      68
      89
      79
      76
      73
      83
      73
      70
      67
      85
      89
      80
      82
      74
      75
      76
      72
     100
      78
      83
      81
      86
      75
      68
      71
      76
      82
      71
      79
      79
      74
      84
      83
      86
      77
      63
      74
      79
      68
      73
      69
      77
      79
      77
      57
      78
      70
      78
      71
      77
      75
      78
      78
      66
      66
      84
      71
      78
      65
      75
      84
      68
      70
      74
      79
      69
      76
      65
      80
      72
      86
      83
      57
      75
      78
      72
      65
      70
      66
      59
      86
      75
      83
      77
      79
      75
      70
      84
      65
      80
      82
      66
      88
      68
      72
      76
      83
      75
      54
      68
      81
      75
      73
      79
      62
      85
      74
      78
      84
      65
      66
      66
      71
      59
      74
      63
      58
      70
      87
      63
      65
      70
      73
      79
      73
      68
      58
      65
      63
      96
      79
      73
      67
      66
      86
      58
      60
      71
      62
      71
      72
      58
      72
      58
      74
      72
      69
      73
      69
      75
      72
      76
      71
      76
      63
      64
      80
      58
      55
      63
      65
      65
      57
      84
      56
      71
      84
      74
      68
      80
      82
      63
      60
      69
      70
      52
      72
      77
      88
      98
     122
     143
     204
     254
     254
     284
     220
     213
     184
     136
     112
      87
      74
      81
      73
      67
      65
      73
      77
      79
      63
      74
      60
      65
      64
      74
      66
      60
      76
      54
      65
      63
      73
      53
      53
      66
      68
      70
      65
      88
      65
      62
      72
      82
      82
      56
      63
      64
      76
      72
      66
      52
      72
      67
      61
      60
      71
      63
      78
      61
      56
      76
      57
      67
      71
      52
      76
      62
      62
      63
      69
      75
      71
      58
      65
      70
      65
      64
      74
      61
      82
      88
      59
      72
      98
      67
      91
      76
      79
      88
      86
      79
      78
      67
      86
      89
      83
      92
     109
      62
     105
      61
      79
      59
      77
      79
      64
      59
      59
      59
      53
      53
      64
      82
      56
      69
      66
      53
      49
      55
      62
      68
      78
      58
      72
      48
      48
      55
      62
      63
      73
      62
      55
      60
      60
      59
      61
      73
      76
      71
      65
      67
      51
      56
      52
      69
      52
      66
      70
      55
      67
      47
      47
      74
      50
      70
      64
      70
      54
      57
      74
      41
      61
      63
      65
      67
      54
      67
      65
      62
      47
      52
      61
      66
      50
      64
      54
      66
      47
      65
      50
      72
      65
      85
      67
      68
      74
      52
      62
      63
      66
      59
      64
      53
      64
      75
      64
      56
      62
      61
      39
      48
      71
      64
      55
      54
      52
      47
      61
      60
      60
      62
      54
      51
      58
      51
      55
      63
      47
      57
      51
      37
      53
      74
      45
      58
      50
      59
      49
      57
      56
      63
      53
      58
      57
      52
      52
      49
      62
      60
      54
      46
      58
      57
      50
      46
      56
      63
      71
      55
      59
      50
      54
      56
      40
      62
      57
      51
      50
      42
      58
      59
      60
      43
      46
      52
      54
      48
      52
      58
      56
      69
      62
      51
      55
      61
      59
      52
      47
      65
      57
      51
      63
      57
      60
      54
      56
      44
      58
      52
      60
      49
      54
      50
      57
      53
      50
      53
      47
      50
      48
      41
      64
      55
      54
      51
      48
      48
      45
      50
      39
      55
      58
      52
      61
      65
      91
      75
      99
      84
     102
      96
      74
      86
      79
      79
      57
      55
      62
      47
      46
      56
      55
      49
      52
      43
      50
      48
      57
      56
      56
      53
      57
      48
      61
      51
      63
      53
      47
      40
      43
      49
      56
      52
      39
      55
      47
      35
      69
      46
      58
      62
      45
      46
      46
      50
      51
      43
      46
      55
      38
      55
      50
      50
      61
      59
      45
      46
      49
      47
      52
      46
      45
      54
      44
      42
      48
      41
      44
      41
      43
      45
      46
      52
      44
      47
      43
      41
      50
      41
      44
      47
      49
      55
      57
      44
      57
      54
      44
      41
      45
      56
      51
      41
      42
      37
      51
      51
      48
      42
      55
      46
      51
      45
      46
      36
      35
      42
      59
      57
      44
      46
      48
      52
      50
      51
      54
      67
      37
      51
      69
      57
      48
      45
      45
      44
      53
      46
      57
      42
      45
      50
      40
      47
      50
      45
      54
      61
      43
      43
      71
      46
      51
      59
      54
      45
      65
      49
      53
      45
      47
      44
      52
      56
      47
      59
      62
      73
      73
      89
      86
     107
     128
     172
     152
     180
     223
     216
     267
     228
     253
     254
     250
     225
     229
     221
     169
     174
     141
      94
     102
      90
      76
      64
      77
      59
      51
      56
      37
      54
      44
      41
      52
      40
      47
      36
      48
      44
      44
      47
      45
      53
      49
      47
      45
      34
      40
      50
      36
      34
      47
      50
      50
      46
      42
      44
      60
      49
      50
      35
      60
      49
      49
      45
      46
      37
      42
      39
      40
      32
      55
      40
      38
      30
      30
      47
      42
      41
      42
      50
      34
      46
      42
      44
      46
      35
      36
      40
      40
      44
      31
      44
      46
      42
      48
      47
      54
      41
      45
      35
      39
      46
      47
      36
      46
      38
      44
      41
      49
      46
      43
      54
      32
      37
      50
      35
      47
      43
      40
      35
      46
      46
      53
      44
      42
      40
      44
      42
      45
      52
      39
      40
      43
      37
      33
      49
      41
      47
      48
      42
      32
      40
      33
      44
      38
      45
      35
      47
      49
      44
      36
      42
      48
      46
      40
      42
      41
      42
      47
      47
      50
      48
      45
      62
      43
      61
      62
      66
      65
      61
      63
      61
      60
      54
      44
      44
      54
      42
      39
      42
      33
      37
      35
      53
      38
      43
      32
      43
      45
      42
      42
      34
      37
      49
      36
      28
      41
      67
      66
      90
     153
     211
     325
     447
     582
     689
     808
     844
     758
     677
     552
     370
     259
     152
     119
      89
      90
      97
     114
     115
     140
     202
     155
     164
     139
     114
      78
      65
      59
      36
      37
      50
      36
      30
      32
      32
      31
      30
      32
      36
      38
      38
      35
      27
      37
      35
      41
      40
      40
      37
      33
      28
      36
      36
      31
      33
      37
      41
      37
      43
      38
      34
      34
      27
      34
      30
      33
      46
      38
      22
      35
      36
      36
      34
      37
      51
      32
      37
      35
      31
      23
      33
      40
      42
      34
      28
      33
      20
      30
      44
      31
      30
      37
      27
      33
      26
      33
      34
      33
      41
      25
      39
      34
      28
      53
      45
      38
      41
      34
      48
      47
      79
      89
     105
     113
      93
      81
     101
      87
      52
      72
      30
      49
      44
      37
      25
      46
      19
      37
      35
      32
      34
      38
      35
      39
      41
      29
      25
      29
      37
      41
      29
      25
      34
      28
      33
      23
      27
      34
      32
      33
      37
      28
      27
      35
      29
      33
      30
      35
      34
      30
      35
      32
      36
      31
      32
      26
      28
      28
      44
      38
      34
      39
      34
      42
      36
      34
      43
      35
      36
      35
      34
      34
      30
      41
      24
      30
      31
      29
      30
      40
      30
      38
      33
      37
      33
      29
      28
      29
      27
      28
      27
      41
      47
      24
      30
      34
      37
      32
      37
      36
      30
      33
      37
      35
      18
      46
      34
      29
      32
      20
      35
      26
      43
      33
      41
      41
      39
      38
      32
      24
      26
      40
      43
      38
      29
      28
      36
      36
      29
      31
      30
      39
      37
      31
      42
      33
      42
      32
      22
      38
      29
      46
      38
      50
      64
      76
     123
     153
     198
     259
     358
     394
     435
     413
     391
     303
     188
     162
     121
      84
      60
      33
      40
      29
      28
      36
      31
      26
      33
      28
      24
      25
      38
      41
      27
      38
      24
      36
      26
      37
      24
      27
      28
      28
      30
      26
      45
      31
      38
      32
      34
      39
      48
      44
      53
      58
      96
      86
     121
     142
     176
     167
     172
     178
     137
     116
      92
      68
      50
      44
      31
      30
      34
      24
      32
      20
      47
      32
      36
      43
      39
      20
      35
      32
      29
      27
      41
      36
      24
      47
      53
      80
      82
     102
     124
     122
     100
     102
      80
      89
      77
      43
      30
      33
      28
      46
      34
      32
      36
      31
      28
      32
      34
      43
      27
      28
      24
      35
      31
      32
      28
      30
      31
      34
      29
      31
      31
      31
      25
      22
      30
      31
      25
      30
      29
      27
      25
      40
      34
      26
      23
      29
      38
      23
      34
      32
      50
      66
      84
     142
     208
     299
     399
     467
     519
     560
     560
     462
     338
     304
     180
     146
      82
      57
      42
      55
      64
      85
      97
     140
     156
     172
     167
     168
     179
     170
     176
     151
      97
     100
      70
      64
      40
      37
      40
      27
      24
      31
      31
      21
      28
      29
      29
      23
      33
      22
      33
      24
      21
      35
      41
      38
      28
      34
      30
      27
      36
      31
      30
      30
      29
      26
      31
      30
      20
      25
      32
      27
      33
      20
      30
      31
      28
      35
      23
      27
      29
      28
      24
      26
      27
      25
      22
      20
      32
      32
      32
      29
      27
      27
      29
      15
      22
      22
      34
      29
      22
      27
      19
      34
      31
      26
      25
      32
      30
      28
      28
      30
      25
      34
      25
      23
      28
      30
      31
      28
      31
      42
      45
      71
      85
      91
     101
      99
     113
      89
     102
      75
      47
      54
      44
      38
      23
      35
      23
      27
      29
      23
      26
      22
      18
      22
      18
      27
      23
      23
      24
      25
      28
      26
      23
      32
      25
      18
      31
      25
      21
      26
      31
      34
      28
      27
      22
      25
      21
      25
      22
      21
      26
      24
      35
      34
      28
      23
      20
      24
      27
      33
      34
      41
      36
      45
      36
      38
      37
      41
      35
      29
      34
      21
      28
      28
      17
      30
      18
      23
      24
      21
      25
      29
      14
      30
      25
      29
      32
      16
      34
      21
      28
      32
      30
      32
      30
      17
      21
      24
      31
      16
      13
      18
      26
      30
      22
      25
      27
      28
      34
      28
      20
      41
      23
      26
      23
      28
      32
      72
      95
     152
     219
     317
     393
     506
     551
     630
     557
     519
     419
     337
     218
     155
     115
      56
      38
      28
      23
      22
      19
      32
      27
      19
      25
      19
      14
      24
      18
      33
      21
      35
      23
      20
      30
      35
      37
      38
      21
      33
      22
      26
      27
      22
      32
      25
      25
      24
      25
      18
      24
      20
      18
      27
      18
      20
      29
      19
      21
      24
      22
      24
      22
      25
      16
      30
      17
      20
      22
      25
      18
      20
      13
      28
      17
      26
      21
      22
      27
      17
      20
      27
      18
      22
      18
      27
      25
      27
      23
      20
      21
      17
      18
      28
      26
      26
      30
      43
      52
      76
      69
      98
      93
      99
      97
      76
      57
      56
      37
      35
      27
      29
      18
      30
      16
      17
      16
      20
      18
      29
      13
      19
      31
      22
      27
      27
      27
      22
      33
      32
      32
      34
      30
      38
      31
      29
      33
      31
      18
      21
      34
      30
      23
      23
      28
      27
      24
      28
      24
      20
      27
      16
      22
      17
      18
      20
      25
      26
      18
      19
      19
      21
      13
      14
      20
      20
      20
      20
      17
      17
      14
      18
      20
      17
      14
      19
      15
      19
      23
      24
      20
      22
      17
      19
      20
      20
      19
      17
      20
      20
      24
      26
      33
      34
      31
      36
      40
      27
      24
      27
      27
      31
      22
      13
      18
      13
      22
      19
      18
      18
      25
      25
      20
      21
      23
      22
      20
      23
      18
      18
      16
      14
      19
      17
      18
      21
      18
      20
      22
      29
      21
      15
      19
      23
      19
      17
      26
      23
      18
      19
      28
      38
      33
      43
      61
      72
      86
      81
     112
      97
      95
      81
      74
      45
      30
      30
      21
      18
      24
      23
      28
      16
      21
      30
      26
      19
      24
      17
      22
      27
      20
      14
      18
      11
      14
      17
      17
      24
      15
      22
      19
      20
      19
      19
      17
      16
      17
      16
      16
      19
      20
      15
      21
      16
      20
      33
      14
      17
      32
      19
      12
      15
      31
      17
      15
      20
      14
      12
      20
      19
      14
      21
      24
      22
      18
      18
      12
      14
      23
      18
      20
      17
      27
      24
      38
      44
      53
      65
      92
      93
      98
      91
     111
      76
      71
      61
      55
      23
      33
      28
      25
      13
      23
      30
      23
      12
      20
      24
      33
      50
      77
      84
     136
     175
     196
     213
     220
     212
     167
     173
     129
     106
      71
      32
      27
      33
      27
      40
      43
      30
      30
      29
      28
      35
      23
      27
      14
      26
      19
      14
      15
      12
      19
      22
      21
      15
      30
      17
      12
      15
      20
       7
      13
      19
      22
      21
      15
      14
      16
      21
      12
      12
      22
      18
      26
      14
      17
      23
      15
      17
      16
      12
      14
      17
      14
      11
      17
      13
      20
      20
      14
      17
      14
      10
      18
      12
      13
      20
      26
      18
      13
      14
       8
      19
      10
      16
      20
      14
      17
      14
      18
      12
      23
      28
      26
      19
      25
      14
      19
      12
      19
      22
      17
      10
      23
      22
      13
      13
      12
      14
      12
      14
      18
      19
      20
      16
      14
      18
      18
       9
      19
      20
      18
      18
      16
      10
      13
      21
      11
       9
      15
      19
      18
      15
      16
      17
      19
      23
      13
      16
      18
      18
       8
      12
      12
      16
      17
      21
      11
      16
      20
      10
      13
      17
      16
      15
      23
      15
      10
      18
      15
      15
      21
      11
      18
      18
      20
      11
       9
      20
      23
      16
      15
      20
      11
      15
      13
      14
      16
       9
      22
      17
      18
      18
      15
      10
      16
      15
      13
       7
      13
      15
      17
      16
       9
      11
      13
       8
      13
      18
       9
      17
      15
      15
       7
      19
      18
      21
      14
      19
      15
      15
      16
      14
      15
      10
      15
      19
      25
       9
      18
      18
      14
      19
      16
      12
      17
      10
      19
      17
      17
      11
      20
      12
      27
      16
      11
      18
      10
      11
      18
      15
      17
      25
      13
      18
      16
      27
      13
      14
      13
      22
      20
      26
      31
      33
      36
      44
      73
     110
     161
     194
     193
     244
     273
     259
     239
     196
     178
     122
     113
      56
      30
      17
      25
      16
      10
       8
      20
      19
      10
      13
      16
      18
      13
      14
      10
      10
      18
      13
       8
       9
      15
       9
      16
      17
      11
      14
      14
      13
      14
      17
      14
      12
      14
      14
      15
      16
      13
      16
      14
      19
      17
      12
      15
      17
       8
       7
      11
      12
       6
       8
      18
      10
      14
      17
      16
       9
      19
      15
      21
      15
      14
      16
       8
      16
      13
      13
      10
      10
       9
      15
       6
       9
      11
      14
      14
      11
      15
      14
      20
      15
      16
      15
      23
      23
      11
      12
      12
      11
      12
      20
      17
      17
      11
      11
      14
      13
      17
       8
      16
      17
      17
      18
       9
      14
      13
      10
      16
      12
      15
      18
      15
       8
       9
      18
      14
       9
      11
      15
      13
      15
      16
      16
      15
       5
      14
      13
      12
      14
      12
       7
      17
       9
      12
      12
      10
      11
      11
       8
      10
      18
      13
      11
      15
      15
       5
      14
      14
      13
      12
      16
       9
      12
      15
      15
      14
      17
      12
       9
       9
      12
      18
      18
      18
      18
      17
      13
      13
      20
      31
      28
      31
      38
      43
      41
      41
      33
      44
      32
      25
      21
      15
      14
      18
      10
      11
      11
      21
      11
      15
      15
      13
      12
      19
      14
       7
      15
      13
      14
      12
      12
      17
       9
      17
      10
      19
      10
      13
       9
      14
      10
       5
      13
      11
      11
      17
      12
      19
       8
      19
      14
      14
      13
      23
      36
      46
      59
      86
     112
     142
     212
     239
     278
     328
     395
     378
     293
     209
     173
     158
      82
      58
      37
      20
      23
       7
      15
      16
      13
      13
      15
       6
      11
      13
      13
      10
       8
      11
       8
      12
       8
      15
      12
      12
      13
       8
      11
      11
      16
       9
      16
      13
      18
       8
      20
      17
      17
      40
      27
      42
      75
      68
     100
     143
     155
     135
     146
     117
      94
      68
      59
      38
      39
      29
      13
      13
      10
      12
      11
      15
      15
      11
      17
       8
      17
      12
       8
       9
      20
       7
      15
      11
      10
       9
      11
      10
      12
      17
      13
      14
      11
      19
       9
       7
       9
       9
       9
      11
       9
      15
      17
      15
      12
      15
       9
      13
      11
      11
      12
      14
      15
      15
      13
      14
      13
      34
      35
      25
      33
      43
      40
      46
      39
      23
      24
      23
      28
      12
       8
      12
      10
       8
      15
      13
       9
      11
      11
       9
       7
      10
       8
      15
      14
       9
      17
      10
       6
      10
       6
      10
      13
      17
      11
       9
      10
      11
      11
       9
       7
      13
      16
      12
      15
       9
      11
      12
      25
      19
      14
      21
      23
      12
      22
      16
      22
      10
       8
      12
       9
       6
      10
      10
      11
      16
      14
       9
       7
      13
       4
       7
      12
       9
      14
       6
       9
       7
       6
       7
      20
       7
       7
       7
      17
      18
       8
       7
       8
       7
       8
      15
      12
      18
      16
      14
      13
      11
      11
      13
      19
       9
      11
      14
       5
      13
       4
      10
      17
      11
      22
      19
      32
      37
      49
      89
     115
     155
     179
     243
     230
     238
     242
     253
     187
     160
     109
      74
      52
      18
      20
      16
      14
      14
       8
      13
      12
      15
      12
      13
       9
      13
      14
       6
       9
       8
      10
      11
       8
       8
      10
      11
      15
      22
      28
      12
      15
      15
      12
      13
      12
      12
      10
      12
      13
       7
       8
      10
       8
       5
       8
      11
       9
       9
      18
      12
       5
      13
       6
      12
      12
       4
      13
      12
       3
      11
       5
       6
      13
       5
      14
       9
      11
       4
       7
      11
      12
       9
       4
       4
       7
       6
       7
      12
       9
      17
      13
      23
      17
      17
      21
      14
       9
      10
      12
      13
       9
      10
      10
       9
      11
      10
      10
       5
      21
      17
      19
      20
      14
      17
      21
      27
      20
      16
      16
       9
      10
      10
      12
       9
      11
       8
       8
      13
      12
      11
       5
       9
      12
       9
       8
      10
       3
       6
      11
       7
      10
       2
       5
       9
      12
      10
       4
       7
       7
       9
      11
      11
       8
      11
      10
       7
       7
      11
       4
      11
      13
      11
       9
       8
      14
       9
      10
      12
       7
       8
      12
       9
       7
       8
      12
       8
      10
       7
      12
       7
       8
       5
      16
      19
      15
       9
      12
      17
      22
      21
      16
      21
      27
      30
      43
      49
      65
      84
     109
     135
     143
     145
     147
     174
     113
     124
      98
      53
      33
      29
      18
      18
      16
      18
      12
      10
       5
       9
      11
       7
       7
      10
       9
      10
       9
       7
       9
      12
      10
      11
       8
       9
       8
      12
       5
       7
       7
       6
      11
       9
      15
      12
      10
      12
      11
      13
      15
      11
      12
      11
      11
      17
      13
      12
      14
      11
      16
      11
      10
       1
       8
      13
       7
      13
       9
       6
      10
       9
       9
       6
       6
       9
       4
      10
       5
      10
       9
       7
       9
      10
       8
      11
      11
       7
       7
       8
       7
       9
      10
       9
       6
      11
      16
       8
       8
       4
       6
       4
       7
       8
       9
       9
       6
      17
       8
      11
      16
      19
      41
      38
      61
      70
     103
     144
     173
     147
     180
     157
     149
     128
     107
      81
      45
      37
      20
      16
      10
       7
      12
       6
       7
       5
       9
       7
       7
      12
       9
       5
       5
       6
       7
       5
       9
       8
       8
      14
       7
      11
       7
       6
       6
       4
      10
       8
      10
       8
       5
       4
       9
      11
       4
       5
       5
       7
      10
       7
      10
      11
      16
      17
      15
      18
      17
      14
      27
      16
      17
      15
      18
      10
      10
      11
      11
       9
      11
      11
       5
      10
       7
       6
       3
       3
       6
       5
      12
      11
       5
       6
       9
      13
       3
       7
       4
       3
       4
       8
       6
       6
       6
       4
       9
       6
       8
       5
       4
       9
       6
      10
       7
      15
      15
      15
      13
       9
      16
       7
      12
      10
      11
       9
       6
       8
       6
       7
       7
       8
      10
      11
       7
       7
       7
      11
       4
       9
      13
       4
       6
       6
       6
       5
       9
      18
      16
      21
      16
      20
      18
      21
      25
       9
      11
       7
       9
       7
       9
      14
       6
       7
       7
       8
      12
       7
       7
       9
      11
       9
       7
       9
      11
       8
       7
       6
      11
      13
      13
       6
       9
       8
       7
      14
       6
      10
       6
       4
       9
       8
       4
      10
       2
       6
       3
      10
       9
       7
       3
      10
       8
       9
       7
       3
       9
       3
      10
       4
       7
       7
       5
       6
       8
       8
      11
       4
       8
       7
       9
       5
       7
      11
       5
       8
       8
       6
       6
       6
       9
       3
      11
       6
       8
       7
       5
       7
       6
       6
       9
       8
      10
       9
       6
      10
      11
       8
       5
       8
      10
       6
       9
      11
       5
       6
      10
       9
       5
       2
      10
       8
      10
      11
       2
       5
      12
       5
      10
       7
       8
       8
       7
       5
       9
      11
       7
       4
       8
       8
       7
      10
       8
       5
      11
       9
       9
      11
       9
       7
      11
       3
       6
       7
       7
       7
       7
       6
       7
       8
       7
       6
       8
      11
       8
       7
      13
       9
      11
      13
      12
       4
       7
      10
       9
       8
      12
       5
       7
       7
       6
       7
       9
       3
       5
       7
       7
       4
       8
       4
       5
       6
      10
       4
      10
       8
       7
      10
       5
       5
       9
       7
      12
       7
       8
       8
      11
      11
       8
       7
       8
       5
      10
       4
      10
       8
       6
       5
      12
       7
       7
       6
       6
       6
       8
       7
       2
       7
       4
       7
       6
       8
       2
       9
       2
       6
       4
       9
       9
       6
       5
       3
       9
      12
       4
       6
      10
      10
       5
       8
       6
       7
       8
      11
      11
      15
       6
      16
      22
      16
      28
      27
      34
      39
      45
      48
      25
      28
      20
      21
      16
      17
       7
      20
      15
      15
      19
      21
      29
      37
      31
      36
      48
      44
      33
      29
      28
      19
      16
      23
      13
       7
       5
       6
       7
       7
       4
       7
       5
       2
      10
       3
       8
       4
       7
       4
       4
       4
       9
       9
       6
       4
       9
       9
       6
       8
       3
       9
       7
       4
       6
       6
       7
       4
       6
       5
       2
       5
       5
       9
       7
       5
      10
       5
      10
       5
       4
       6
       5
       9
       6
       7
       6
       6
       4
       5
       4
       7
      11
       6
       7
       6
       6
       9
       6
       5
       5
       7
       7
       8
      10
       9
       3
       1
      11
      13
       7
       8
       4
       8
      11
       2
       4
       7
       9
       8
       7
       5
       6
       8
       9
      12
       7
      14
       9
      17
      18
      16
      20
       9
      10
      14
       6
      10
       8
       3
       3
       5
       4
      10
       3
       9
       4
       5
      11
       5
       9
      10
      15
       5
       3
      12
      13
      12
      13
       2
      14
      15
       7
       5
       5
       6
      10
       5
       6
      10
       6
       6
       5
       9
       9
       5
       5
       6
       8
       4
       7
       7
       3
      13
       5
       3
       7
       9
       3
       2
       9
       1
      10
       7
       6
       8
       5
       1
       6
       6
       7
       3
       3
       5
       4
       6
       6
       8
       7
       8
       9
      17
      17
      21
      31
      40
      69
      91
     112
     165
     175
     223
     236
     244
     238
     215
     167
     137
     122
      82
      60
      36
      19
      13
      10
       4
       3
       7
       5
       3
       4
       5
       6
       8
       3
       3
       6
       8
       4
       7
       7
       3
       1
       7
       2
       7
       7
       9
       5
       7
       3
       9
       3
       5
       6
       5
       8
       4
       4
       7
       7
       5
       1
       8
       4
       7
       3
       7
       4
       5
       6
       6
       4
       5
      11
       2
       5
      11
      10
       4
       8
       4
       3
       5
       4
       5
       4
       7
       4
       2
       5
       4
       3
       3
       7
       1
       2
       5
       4
       3
       6
       5
       3
       2
       5
       3
       4
       5
       5
      10
       7
       3
       3
       2
       4
       6
       5
       3
       1
       4
       4
       4
       4
       5
       7
       2
       4
       2
       6
      10
       5
       4
       3
       8
       6
       3
       6
       1
       7
       5
       5
       2
       4
       5
       5
       2
       4
       8
       6
       4
      17
       4
       8
       6
       4
       4
       3
       7
       5
       4
       5
       5
       4
       4
       3
       4
       5
       1
       8
       8
       6
       2
       5
       1
       2
       2
       6
      10
       3
       4
       4
       4
       4
       6
       6
       9
       6
       6
       7
       4
       9
       6
       6
       5
       3
      11
       6
       9
      12
       9
      14
      10
      18
      24
      17
      22
      19
      17
      22
      16
      11
      13
       9
      12
       6
      10
       4
       7
       4
       9
       5
       8
       2
       8
       7
      10
      15
      13
      14
       9
      10
      13
      12
      11
      17
      10
      10
      13
      11
       1
       6
       4
       5
       3
       5
       1
       7
       5
       3
       1
       4
       4
       6
       3
       3
       6
       4
       6
       5
       5
       2
       6
       5
       5
       4
       3
       4
       4
      10
       5
       9
       3
       7
       6
       6
       7
       4
       2
       5
       8
       6
       4
       6
       5
       8
       3
       4
       6
       5
       2
       2
      11
       5
       6
       2
       5
       7
       3
       6
       5
       7
       8
      10
       1
       1
       5
       4
       3
       2
       3
       3
       3
       5
       4
       4
       4
       1
       3
       3
       3
       6
       5
       6
       4
       2
       2
       4
       5
       6
       4
       3
       4
       4
       3
      10
       3
       3
       1
       9
       6
       4
       2
       4
       4
       0
       3
       2
       3
       5
       2
       9
       4
       5
       4
       9
       5
       8
       9
       7
       9
      13
       6
      10
       7
      12
       6
       9
      11
      11
       7
       5
       8
       3
       3
       6
       7
       6
       6
       3
      11
       3
       5
       2
       6
       8
       3
       7
       3
       8
       7
       3
       1
       6
       6
       4
       5
       0
       7
       4
       7
       7
       1
       3
       5
       4
       9
       6
       5
       2
       3
       3
       1
       4
       3
       2
       2
       7
       4
       5
       2
       5
       6
       1
       4
       5
       7
       3
       4
      10
       3
       6
       8
       3
       3
       4
       7
       2
       7
       4
       3
       3
       2
       3
       4
       2
       2
       0
       3
       2
       8
       0
       6
       2
       4
       5
       3
       2
       3
       2
       6
       4
       3
       5
       6
       1
       2
       3
       3
       2
       2
       4
       6
       2
       7
       2
       5
       2
       6
       5
       3
       2
       3
       6
       4
       5
       3
       6
       5
       1
       1
       4
       4
       5
       3
       3
       3
       5
       5
       5
       8
       4
       5
       5
       9
       9
       7
       2
       7
      11
       8
       9
      11
       7
       5
       8
       4
       4
       1
       6
       5
       7
       2
       3
       9
      10
      10
       8
      11
      13
      10
      11
       5
       6
       9
       3
       9
      13
       9
       8
       8
       8
       9
       9
      11
      18
       7
      11
       6
       5
       9
       6
       3
       4
       6
       3
       4
       1
       4
       5
       0
       3
       6
       2
       3
       6
       4
       3
       2
       2
       2
       2
       1
       4
       3
       3
       3
       2
       4
       4
       7
       1
       5
       2
       5
       5
       7
       9
       9
       4
       3
       7
       3
       3
       3
       4
       1
       4
       7
       4
       3
       6
       3
       7
       5
       6
       4
       9
       3
       7
       7
      15
       8
      14
      13
      13
       4
      10
       8
       5
       5
       5
       4
       1
       5
       3
       3
       5
       4
       4
       6
       5
       4
       7
       1
       7
       6
       3
       4
       2
       2
       4
       1
       4
       2
       3
       5
       3
       5
       4
       8
       6
       4
       2
       3
       2
       4
       7
       1
       6
       1
       2
       3
       3
       5
       8
       6
       5
       2
       2
       4
       3
       2
       5
       5
       3
       3
       2
       6
       1
       2
       3
       6
       5
       5
       2
       2
       1
       3
       6
       1
       7
       6
       2
       3
       3
       6
       6
       5
       4
       6
       5
       3
       4
       5
       3
       2
       6
       8
       6
       3
       3
       6
       5
       1
       3
       5
       7
       3
       3
       0
       3
       2
       2
       3
       2
       1
       4
       4
       4
       4
       4
       3
       6
       4
       5
       4
       3
       5
       6
       2
       3
       4
       4
       4
       3
       2
       3
       3
       6
       5
       7
       2
       5
       4
       1
       3
       4
       3
       2
       2
       5
       3
       1
       4
       7
       1
       2
       5
       4
       3
       4
       6
       1
       1
       4
       7
       2
       3
       3
       3
       4
       4
       4
       2
       5
       6
       3
       5
       5
       2
       7
       3
       3
       3
       3
       9
       5
       9
       1
       2
       4
       3
       4
       1
       5
       6
       6
      11
       7
      18
      21
      30
      26
      42
      61
      70
     105
     123
     139
     143
     138
     164
     130
     125
     104
      71
      62
      40
      31
      19
      17
       7
       4
       3
       2
       4
       1
       3
       5
       1
       4
       0
       3
       2
       3
       1
       2
       4
       5
       1
       1
       2
       4
       3
       3
       2
       4
       5
       1
       7
       5
       4
       6
       2
       4
       3
       2
       1
       3
       3
       2
       2
       4
       1
       4
       7
       4
       5
       7
       3
       4
       4
       5
       6
       4
       3
       6
       3
      16
       5
       5
       4
       6
       5
       2
       3
       3
       5
       3
       9
      13
       3
       8
      17
      14
      16
      22
      29
      43
      34
      29
      30
      31
      21
      22
      11
      12
       6
       4
       4
       2
       4
       2
       4
       3
       2
       4
       4
       2
       6
       1
       5
       3
       4
       3
       4
       2
       7
       2
       1
       4
       2
       6
       4
       3
       2
       5
       1
       2
       3
       4
       3
       5
       4
       3
       1
       2
       1
       1
       6
       1
       3
       5
       2
       2
      11
       0
       4
       2
       2
       4
       2
       1
       2
       6
       2
       3
       5
       2
       5
       2
       3
       2
       6
       3
       8
       3
       1
       3
       2
       2
       1
       3
       4
       2
       2
       4
       3
       3
       5
      12
       8
       7
       4
       4
       1
       6
       4
       7
       2
       8
       3
       5
       5
       3
       2
       1
       2
       3
       2
       1
       5
       3
       1
       3
       1
       2
       2
       1
       4
       2
       1
       1
       1
       0
       3
       1
       3
       2
       3
       3
       0
       1
       3
       3
       2
       2
       1
       2
       2
       4
       1
       2
       3
       2
       4
       3
       2
       1
       1
       0
       2
       2
       3
       5
       4
       1
       2
       1
       2
       3
       1
       3
       1
       2
       0
       5
       2
       1
       1
       0
       2
       4
       1
       0
       2
       2
       5
       3
       2
       4
       1
       4
       1
       3
       2
       2
       2
       1
       5
       1
       3
       5
       1
       6
       2
       2
       7
       7
       5
      11
       6
       5
       7
      11
       8
       7
       4
       3
      10
       3
       2
       1
       3
       1
       1
       1
       2
       4
       3
       2
       4
       2
       3
       4
       1
       2
       3
       1
       2
       4
       4
       3
       2
       4
       6
       1
       3
       3
       1
       5
       2
       0
       3
       6
       4
       2
       1
       0
       0
       3
       2
       2
       0
       4
       0
       3
       3
       2
       1
       3
       4
       0
       2
       3
       3
       5
       5
       5
       7
       3
       4
       7
       7
      11
       6
       9
       9
       7
      12
       9
       9
       8
       7
       9
       7
       3
       7
       6
       5
       2
       1
       3
       1
       5
       2
       4
       4
       2
       3
       2
       2
       6
       1
       4
       5
       3
       6
       5
       6
       8
       8
       4
       3
       7
       4
       3
       4
       2
       5
       4
       4
       4
       0
       3
       2
       2
       2
       3
       1
       0
       1
       1
       3
       4
       1
       4
       4
       7
       4
       3
       2
       2
       4
       2
       1
       1
       1
       0
       3
       4
       1
       3
       7
       1
       2
       6
       5
       8
      10
       5
      11
       6
       8
       8
       6
       3
       5
       2
       4
       2
       4
       8
      10
       5
      12
       8
      18
      17
      19
      12
      13
      11
       9
       6
       4
       7
       4
       5
       3
       2
       1
       2
       2
       4
       0
       1
       1
       2
       0
       4
       2
       4
       4
       1
       2
       2
       2
       3
       3
       4
       5
       1
       2
       1
       0
       2
       3
       0
       3
       0
       2
       0
       3
       3
       2
       3
       3
       5
       1
       6
       7
       0
       3
       8
       5
      14
      15
       9
      15
      11
      13
       9
      10
      15
      10
      11
       7
       6
      10
       5
       3
       2
       4
       2
       0
       1
       4
       3
       1
       5
       3
       2
       0
       5
       5
       7
       5
       5
       6
       3
       1
       0
       5
       5
       5
       7
       8
       3
       1
       6
       2
       4
       4
       2
       5
       3
       4
       5
       3
       7
       3
       5
       4
       3
       5
       3
       2
       3
       3
       6
       3
       1
       1
       5
       1
       1
       1
       5
       0
       2
       3
       3
       5
       4
       9
       4
      11
       7
       6
      14
      13
      14
      19
      12
      12
       2
       4
       4
       5
       6
       3
      10
       5
       4
      10
       4
       6
       3
       6
       3
       3
       1
       4
       3
       2
       1
       2
       2
       8
       5
       3
       2
       2
       5
       4
       1
       3
       2
       3
       3
       1
       1
       0
       3
       4
       3
       1
       1
       2
       2
       2
       1
       2
       2
       2
       0
       3
       3
       1
       0
       3
       1
       1
       2
       5
       2
       3
       5
       1
       4
       0
       4
       4
       1
       6
       4
       2
       1
       3
       0
       3
       2
       3
       3
       5
       3
       2
       3
       1
       1
       1
       6
       2
       1
       0
       1
       0
       5
       1
       2
       2
       4
       3
       4
       2
       3
       2
       2
       2
       4
       5
       3
       5
       1
       0
       1
       0
       1
       0
       2
       2
       2
       1
       3
       0
       4
       3
       0
       5
       1
       1
       1
       1
       8
       1
       0
       3
       3
       1
       2
       1
       1
       2
       0
       0
       2
       2
       1
       2
       1
       4
       1
       7
       1
       1
       4
       1
       3
       1
       3
       1
       1
       1
       2
       1
       3
       5
       3
       4
       5
       3
       2
       4
       3
       3
       2
       5
       0
       2
       1
       5
       0
       1
       2
       2
       5
       4
       2
       2
       5
       2
       1
       1
       2
       4
       1
       2
       0
       0
       0
       2
       3
       2
       0
       1
       3
       0
       1
       2
       1
       3
       2
       3
       2
       2
       0
       5
       6
       3
       5
       0
       2
       4
       3
       2
       4
       5
       2
       5
       3
       5
       7
       4
       5
       2
      11
       5
       6
       5
       5
       5
       4
       5
       4
       2
       4
       5
       4
       3
       0
       3
       4
       2
       3
       1
       5
       2
       0
       2
       2
       1
       0
       2
       1
       3
       4
       1
       1
       1
       3
       2
       1
       1
       1
       1
       4
       2
       2
       1
       3
       1
       3
       1
       1
       0
       2
       0
       2
       0
       3
       0
       3
       1
       2
       1
       2
       2
       3
       2
       0
       4
       3
       2
       1
       3
       3
       3
       0
       4
       1
       3
       0
       3
       0
       1
       2
       1
       1
       4
       2
       5
       4
       3
       2
       2
       2
       4
       2
       0
       2
       2
       3
       2
       0
       3
       6
       9
       9
       8
       5
       4
       5
       2
       3
       6
       2
       3
       2
       0
       1
       3
       2
       2
       6
       0
       2
       2
       1
       2
       2
       1
       0
       2
       3
       4
       1
       5
       3
       4
       2
       2
       3
       2
       3
       2
       0
       3
       2
       3
       2
       4
       2
       4
       1
       2
       1
       1
       3
       1
       4
       2
       1
       2
       3
       1
       1
       2
       2
       3
       3
       3
       2
       4
       0
       1
       2
       5
       0
       5
       3
       0
       0
       2
       7
       3
       2
       3
       1
       0
       4
       4
       0
       1
       1
       3
       5
       4
       4
       3
       6
       3
       4
       0
       1
       2
       2
       2
       4
       3
       9
       5
      10
      10
       8
       9
       6
       9
      10
       5
       7
       3
       2
       2
       3
       2
       5
       7
       3
       1
       0
       1
       4
       1
       3
       1
       2
       4
       4
       4
       4
       4
       3
       2
       3
       5
       2
       4
       0
       4
       1
       2
       4
       3
       2
       4
       3
       3
       2
       3
       5
       5
       5
       6
       8
       9
      16
      19
      23
      25
      27
      37
      38
      49
      52
      43
      54
      33
      40
      37
      23
       9
      11
       8
       7
       3
       0
       1
       1
       3
       2
       1
       1
       2
       1
       4
       1
       0
       1
       1
       1
       1
       0
       1
       0
       0
       3
       5
       0
       2
       1
       2
       1
       2
       1
       3
       0
       0
       1
       3
       3
       4
       1
       3
       2
       2
       1
       1
       2
       2
       1
       2
       0
       1
       3
       1
       0
       0
       0
       1
       1
       3
       1
       1
       3
       0
       1
       1
       0
       3
       2
       0
       6
       4
       0
       2
       2
       1
       1
       0
       1
       1
       0
       1
       3
       1
       4
       4
       3
       3
       2
       2
       1
       2
       0
       0
       3
       3
       1
       3
       2
       0
       0
       1
       0
       3
       2
       1
       1
       1
       1
       1
       2
       2
       2
       0
       1
       1
       2
       4
       2
       1
       1
       3
       2
       1
       3
       1
       0
       1
       6
       0
       3
       1
       7
       1
       4
       1
       0
       5
       3
       0
       0
       3
       0
       1
       3
       2
       4
       0
       3
       2
       1
       3
       1
       1
       1
       2
       1
       2
       1
       1
       1
       2
       0
       1
       1
       1
       0
       2
       2
       2
       3
       0
       1
       0
       3
       0
       3
       1
       2
       1
       0
       3
       5
       3
       0
       2
       0
       4
       0
       3
       2
       0
       3
       2
       2
       0
       0
       3
       1
       0
       3
       1
       0
       2
       6
       4
       2
       2
       0
       3
       0
       2
       2
       2
       1
       0
       1
       3
       4
       2
       4
       1
       3
       3
       1
       0
       0
       0
       3
       3
       4
       1
       1
       0
       3
       3
       1
       3
       2
       2
       3
       1
       0
       1
       1
       1
       1
       3
       2
       1
       2
       0
       2
       2
       1
       1
       0
       4
       2
       2
       2
       2
       2
       1
       2
       2
       1
       3
       1
       2
       4
       3
       3
       1
       5
       1
       2
       2
       3
       4
       2
       2
       1
       2
       3
       2
       0
       4
       4
       2
       0
       3
       3
       3
       2
       0
       1
       1
       4
       5
       1
       2
       0
       2
       2
       1
       3
       1
       3
       2
       2
       2
       2
       2
       2
       0
       2
       1
       0
       2
       1
       1
       0
       2
       3
       2
       0
       1
       3
       2
       4
       2
       1
       0
       1
       2
       3
       0
       2
       1
       1
       2
       1
       2
       1
       3
       6
       2
       5
       6
       5
       4
       7
       8
       5
       7
       6
       9
       8
       8
       3
       5
       3
       4
       2
       0
       2
       3
       2
       0
       2
       2
       2
       1
       1
       1
       0
       1
       0
       1
       2
       0
       2
       1
       2
       0
       1
       1
       2
       0
       2
       1
       3
       1
       0
       0
       4
       1
       1
       3
       4
       4
       2
       3
       7
       4
       3
       1
       4
       4
       3
       5
       3
       4
       3
       1
       0
       0
       1
       1
       2
       1
       2
       2
       3
       2
       1
       2
       1
       3
       1
       3
       2
       1
       2
       1
       3
       1
       1
       1
       1
       1
       1
       3
       2
       0
       1
       0
       2
       3
       2
       1
       1
       2
       2
       0
       3
       0
       0
       3
       3
       2
       2
       0
       1
       0
       4
       2
       0
       2
       1
       3
       3
       1
       4
       1
       1
       3
       2
       2
       0
       2
       1
       1
       1
       3
       4
       4
       1
       5
       1
       7
       2
       1
       2
       5
       6
       1
       0
       0
       3
       5
       2
       3
       1
       0
       0
       1
       2
       2
       0
       1
       0
       1
       1
       0
       1
       2
       1
       0
       1
       1
       2
       2
       1
       1
       0
       1
       2
       2
       1
       0
       1
       2
       0
       1
       0
       1
       0
       0
       1
       0
       1
       0
       1
       2
       1
       2
       2
       3
       1
       1
       0
       0
       1
       2
       1
       1
       2
       2
       2
       0
       1
       2
       1
       3
       2
       4
       3
       3
       2
       3
       1
       7
       3
       2
       0
       1
       4
       1
       1
       1
       1
       1
       4
       2
       1
       0
       2
       4
       0
       2
       5
       0
       1
       2
       2
       1
       2
       2
       4
       2
       0
       1
       1
       0
       1
       0
       1
       3
       3
       2
       2
       1
       2
       0
       0
       2
       1
       1
       1
       2
       1
       0
       4
       2
       0
       2
       0
       2
       2
       3
       1
       2
       2
       0
       1
       0
       1
       4
       0
       0
       1
       2
       0
       1
       1
       3
       5
       0
       0
       0
       1
       0
       3
       0
       1
       0
       0
       0
       2
       1
       2
       2
       0
       3
       1
       4
       0
       4
       1
       3
       1
       3
       2
       3
       3
       4
       3
       1
       2
       1
       1
       3
       4
       0
       2
       0
       1
       0
       0
       1
       2
       2
       1
       1
       0
       1
       0
       1
       1
       1
       3
       1
       1
       1
       0
       3
       0
       0
       1
       1
       1
       4
       2
       1
       3
       2
       0
       2
       1
       2
       1
       0
       3
       1
       1
       2
       1
       4
       0
       0
       1
       2
       2
       1
       1
       1
       0
       3
       1
       1
       2
       0
       2
       1
       1
       1
       2
       2
       1
       1
       0
       0
       1
       0
       2
       0
       0
       0
       1
       2
       0
       1
       2
       2
       1
       3
       3
       0
       1
       0
       1
       3
       4
       1
       6
       2
       0
       0
       0
       3
       0
       1
       2
       2
       4
       2
       4
       7
       4
       7
       9
      18
      18
      12
      18
      14
      16
      13
      14
       6
       6
       2
       6
       2
       6
       2
       2
       4
       1
       2
       1
       3
       1
       1
       0
       1
       1
       1
       4
       1
       3
       0
       2
       0
       3
       2
       1
       0
       0
       0
       1
       2
       1
       2
       0
       0
       2
       2
       2
       1
       0
       2
       1
       3
       1
       0
       1
       3
       0
       0
       2
       1
       1
       3
       1
       1
       2
       3
       1
       3
       3
       0
       2
       1
       1
       1
       0
       1
       2
       1
       0
       1
       2
       5
       1
       1
       3
       1
       1
       2
       1
       1
       1
       1
       0
       1
       1
       1
       1
       1
       0
       2
       1
       1
       0
       1
       1
       1
       1
       0
       2
       0
       1
       1
       3
       1
       1
       0
       1
       1
       1
       1
       1
       0
       1
       1
       2
       3
       0
       1
       0
       0
       2
       1
       2
       1
       3
       1
       3
       2
       4
       3
       3
       5
       8
       6
       6
      11
       9
      11
      15
       9
       9
       8
       9
       3
       5
       4
       2
       6
       3
       5
       3
       2
       1
       1
       1
       2
       0
       1
       2
       1
       2
       2
       2
       0
       3
       4
       4
       2
       4
       5
      10
       7
      18
      18
      21
      24
      33
      36
      32
      31
      36
      38
      21
      10
      14
      10
       8
       8
       3
       5
       2
       1
       5
       1
       0
       2
       2
       0
       1
       2
       2
       0
       4
       2
       2
       1
       0
       1
       1
       0
       2
       2
       1
       1
       2
       1
       0
       2
       1
       2
       1
       0
       3
       0
       1
       1
       1
       0
       0
       1
       1
       1
       0
       1
       1
       0
       0
       3
       3
       0
       2
       0
       2
       2
       1
       0
       0
       0
       0
       0
       0
       0
       1
       0
       1
       3
       1
       1
       4
       0
       2
       0
       2
       2
       2
       1
       0
       2
       3
       1
       1
       5
       2
       4
       1
       1
       2
       2
       0
       1
       3
       3
       2
       0
       2
       0
       2
       0
       1
       1
       2
       1
       0
       0
       1
       0
       1
       0
       2
       3
       2
       1
       0
       0
       1
       1
       0
       0
       2
       2
       1
       2
       1
       3
       2
       2
       1
       0
       0
       0
       0
       1
       0
       6
       0
       3
       4
       0
       0
       1
       0
       1
       3
       1
       0
       1
       1
       0
       0
       1
       2
       1
       4
       0
       0
       0
       1
       1
       0
       2
       2
       2
       1
       0
       2
       3
       0
       2
       1
       2
       1
       0
       0
       1
       0
       0
       0
       2
       0
       0
       0
       2
       2
       2
       2
       0
       1
       1
       2
       1
       0
       0
       1
       1
       0
       0
       1
       0
       0
       0
       0
       0
       1
       3
       0
       2
       1
       0
       4
       1
       1
       4
       1
       1
       1
       2
       0
       2
       0
       1
       0
       2
       0
       1
       1
       2
       1
       1
       1
       0
       0
       3
       0
       2
       0
       0
       1
       1
       0
       4
       1
       0
       0
       0
       0
       1
       1
       0
       0
       1
       2
       0
       0
       1
       1
       0
       0
       1
       2
       1
       0
       0
       0
       1
       0
       1
       2
       2
       1
       2
       1
       2
       0
       1
       1
       3
       0
       1
       0
       1
       3
       0
       3
       0
       0
       1
       0
       1
       1
       1
       1
       0
       2
       0
       1
       1
       0
       1
       0
       0
       1
       1
       0
       1
       2
       1
       0
       1
       5
       1
       1
       0
       2
       1
       2
       2
       3
       3
       3
       1
       1
       1
       3
       0
       0
       1
       2
       0
       0
       0
       2
       1
       0
       1
       2
       0
       1
       2
       4
       3
       0
       0
       1
       0
       0
       4
       1
       2
       2
       1
       2
       2
       0
       0
       2
       3
       2
       1
       0
       0
       0
       2
       0
       1
       1
       0
       1
       1
       1
       0
       1
       0
       0
       0
       0
       1
       2
       4
       2
       1
       1
       1
       1
       0
       1
       1
       2
       1
       0
       1
       0
       0
       0
       1
       0
       0
       1
       1
       2
       0
       1
       2
       1
       1
       2
       0
       0
       1
       0
       2
       2
       0
       1
       2
       0
       2
       0
       0
       1
       1
       0
       2
       0
       1
       0
       1
       0
       2
       0
       1
       1
       0
       1
       0
       0
       1
       1
       2
       2
       1
       2
       0
       0
       2
       3
       1
       1
       0
       1
       0
       1
       1
       4
       0
       2
       0
       1
       0
       0
       4
       1
       1
       1
       3
       1
       2
       0
       1
       0
       2
       4
       0
       1
       2
       5
       0
       1
       0
       1
       2
       2
       0
       0
       1
       1
       0
       3
       1
       2
       1
       2
       1
       1
       0
       1
       1
       0
       0
       1
       0
       1
       1
       0
       0
       5
       0
       1
       1
       0
       2
       4
       6
       3
       3
       3
       4
       4
       2
       6
       2
       6
       5
       5
       2
       2
       5
       1
       3
       1
       1
       3
       0
       1
       0
       2
       0
       3
       2
       1
       7
       4
       1
       3
       8
       6
       6
      14
      18
      17
      21
      22
      23
      22
      23
      20
      25
      17
      22
      17
      11
      14
       7
       4
       3
       1
       1
       3
       0
       0
       0
       0
       0
       0
       0
       1
       0
       0
       2
       1
       0
       0
       1
       0
       1
       1
       2
       2
       2
       1
       1
       0
       1
       0
       0
       1
       0
       1
       1
       1
       2
       1
       1
       1
       0
       0
       1
       3
       1
       1
       0
       0
       1
       1
       4
       1
       0
       2
       1
       1
       2
       2
       2
       1
       3
       0
       2
       0
       1
       1
       1
       1
       1
       0
       1
       2
       0
       0
       1
       2
       1
       0
       0
       2
       0
       1
       1
       1
       2
       0
       1
       1
       0
       1
       0
       0
       0
       2
       0
       1
       1
       0
       0
       3
       0
       2
       3
       0
       0
       1
       0
       0
       1
       0
       2
       0
       3
       2
       1
       1
       3
       1
       0
       0
       0
       0
       2
       1
       1
       1
       0
       0
       1
       0
       1
       0
       0
       2
       2
       0
       1
       1
       0
       1
       0
       2
       1
       2
       1
       2
       0
       1
       0
       2
       0
       2
       2
       4
       6
       3
       3
       2
       5
       4
       3
       1
       1
       1
       1
       0
       1
       2
       2
       0
       2
       0
       0
       1
       0
       1
       1
       0
       0
       0
       1
       0
       2
       2
       1
       1
       0
       1
       3
       1
       4
       3
       1
       2
       1
       0
       3
       2
       0
       1
       2
       0
       0
       0
       0
       1
       0
       0
       1
       1
       2
       0
       0
       2
       3
       0
       0
       1
       0
       0
       1
       1
       1
       1
       0
       0
       1
       0
       1
       1
       0
       0
       0
       0
       1
       0
       1
       1
       1
       2
       0
       1
       0
       2
       0
       3
       0
       3
       0
       0
       1
       1
       2
       1
       0
       1
       2
       0
       1
       1
       1
       0
       1
       1
       1
       0
       1
       0
       1
       2
       0
       0
       2
       0
       0
       1
       1
       0
       0
       1
       0
       0
       0
       0
       3
       0
       0
       1
       1
       2
       1
       1
       1
       2
       0
       0
       1
       1
       0
       1
       0
       0
       0
       2
       0
       2
       1
       1
       0
       1
       1
       0
       0
       1
       0
       0
       0
       1
       0
       0
       1
       0
       1
       0
       0
       0
       1
       0
       0
       1
       1
       0
       2
       0
       1
       0
       1
       4
       0
       0
       1
       0
       0
       0
       0
       0
       0
       2
       0
       2
       0
       0
       0
       0
       0
       0
       0
       0
       0
       1
       0
       0
       0
       1
       3
       0
       0
       1
       1
       0
       4
       0
       1
       0
       1
       0
       0
       0
       3
       2
       0
       1
       2
       1
       1
       1
       2
       0
       0
       0
       1
       2
       1
       0
       1
       1
       1
       0
       1
       2
       0
       0
       1
       1
       2
       1
       2
       1
       1
       0
       3
       0
       0
       2
       1
       2
       0
       2
       0
       1
       1
       2
       1
       1
       0
       2
       0
       2
       2
       0
       1
       0
       0
       2
       1
       0
       1
       0
       2
       2
       1
       2
       1
       0
       0
       1
       0
       0
       0
       1
       1
       0
       0
       0
       1
       0
       1
       0
       1
       3
       0
       0
       0
       1
       2
       0
       0
       0
       0
       1
       0
       0
       0
       1
       1
       3
       1
       1
       0
       3
       2
       0
       1
       1
       1
       1
       0
       0
       1
       0
       0
       0
       2
       1
       0
       0
       1
       0
       0
       0
       2
       0
       1
       2
       2
       0
       1
       2
       0
       0
       0
       1
       2
       3
       3
       2
       6
       3
       3
       2
       2
       3
       2
       3
       3
       0
       2
       1
       1
       1
       0
       1
       0
       1
       1
       0
       0
       0
       1
       0
       0
       0
       0
       2
       0
       0
       1
       0
       1
       0
       0
       0
       0
       0
       0
       0
       0
       0
       0
       1
       0
       1
       1
       1
       2
       0
       1
       0
       1
       0
       1
       0
       0
       0
       0
       0
       1
       1
       1
       1
       3
       0
       0
       2
       0
       2
       1
       0
       1
       0
       0
       0
       1
       2
       1
       2
       0
       0
       1
       0
       0
       2
       1
       1
       0
       0
       0
       0
       0
       2
       0
       0
       0
       2
       0
       0
       3
       1
       0
       1
       1
       3
       0
       1
       0
       2
       1
       1
       0
       0
       3
       2
       1
       0
       1
       0
       1
       0
       2
       1
       0
       2
       0
       1
       0
       0
       1
       0
       0
       0
       0
       1
       0
       0
       1
       0
       1
       3
       0
       0
       1
       0
       2
       0
       1
       2
       0
       1
       0
       3
       1
       1
       1
       1
       1
       0
       1
       2
       0
       2
       0
       0
       0
       0
       1
       0
       0
       0
       0
       0
       0
       0
       0
       1
       1
       1
       2
       0
       0
       4
       1
       0
       1
       0
       0
       0
       1
       1
       1
       0
       1
       0
       0
       0
       0
       2
       0
       0
       0
       0
       0
       1
       1
       0
       0
       0
       0
       2
       0
       0
       0
       0
       1
       0
       0
       0
       0
       2
       0
       1
       1
       2
       0
       0
       0
       0
       1
       0
       1
       0
       0
       1
       0
       1
       1
       0
       1
       2
       1
       1
       1
       0
       0
       0
       1
       2
       1
       1
       0
       0
       0
       0
       1
       0
       0
       0
       0
       1
       0
       0
       2
       2
       0
       0
       2
       1
       2
       2
       0
       3
       1
       3
       3
       1
       0
       1
       0
       1
       0
       1
       1
       1
       0
       0
       0
       0
       1
       0
       2
       0
       0
       1
       0
       0
       0
       2
       0
       1
       2
       1
       0
       0
       2
       0
       0
       0
       1
       1
       0
       0
       0
       2
       0
       0
       0
       0
       1
       0
       2
       0
       1
       0
       1
       2
       0
       1
       0
       0
       0
       1
       1
       1
       0
       0
       0
       0
       0
       0
       1
       2
       0
       1
       2
       0
       2
       1
       1
       0
       0
       1
       0
       0
       0
       0
       1
       0
       0
       1
       0
       1
       0
       1
       0
       0
       0
       1
       0
       1
       2
       0
       0
       0
       0
       0
       3
       0
       0
       0
       0
       0
       0
       0
       0
       1
       0
       0
       1
       1
       1
       0
       0
       0
       0
       1
       1
       0
       0
       0
       0
       0
       0
       1
       1
       1
       1
       1
       0
       1
       2
       0
       0
       1
       2
       0
       0
       0
       1
       0
       0
       2
       1
       0
       2
       0
       0
       1
       1
       1
       0
       1
       0
       0
       2
       1
       1
       1
       3
       2
       1
       1
       3
       1
       0
       1
       2
       1
       0
       2
       0
       1
       1
       1
       1
       0
       0
       1
       0
       1
       0
       1
       0
       1
       1
       0
       0
       1
       0
       0
       0
       1
       1
       0
       0
       0
       0
       1
       0
       2
       1
       2
       0
       1
       0
       1
       0
       1
       0
       1
       0
       0
       0
       1
       2
       0
       0
       0
       0
       0
       0
       0
       0
       0
       1
       0
       0
       2
       2
       1
       0
       0
       0
       0
       2
       0
       0
       0
       0
       0
       0
       0
       0
       0
       0
       2
       0
       0
       0
       0
       2
       0
       1
       0
       1
       1
       0
       0
       0
       1
       0
       2
       0
       0
       0
       1
       1
       0
       0
       0
       0
       1
       0
       0
       0
       0
       0
       2
       1
       0
       0
       0
       0
       2
       0
       1
       2
       0
       0
       1
       0
       0
       0
       1
       0
       0
       0
       0
       0
       0
       2
       0
       1
       0
       0
       1
       1
       0
       4
       1
       2
       2
       3
       6
      10
       3
       4
       4
      11
       9
       5
       6
      14
      19
      10
      10
      13
       6
       5
       2
       1
       6
       2
       1
       0
       1
       1
       0
       0
       2
       1
       0
       1
       0
       1
       0
       1
       0
       0
       1
       0
       0
       0
       1
       1
       0
       0
       1
       1
       0
       0
       0
       0
       0
       1
       0
       0
       1
       2
       1
       0
       0
       0
       0
       0
       1
       0
       0
       1
       0
       0
       0
       0
       0
       0
       0
       0
       2
       0
       1
       1
       0
       1
       0
       1
       0
       2
       2
       2
       2
       1
       1
       1
       2
       0
       0
       1
       3
       3
       4
       5
       3
       2
       2
       5
       3
       4
       3
       2
       3
       1
       1
       0
       2
       1
       1
       0
       1
       1
       0
       1
       2
       1
       0
       1
       0
       1
       1
       1
       0
       0
       0
       0
       0
       0
       2
       0
       1
       0
       1
       0
       2
       1
       2
       1
       0
       0
       0
       1
       1
       0
       0
       0
       1
       3
       0
       1
       1
       1
       0
       0
       0
       0
       0
       1
       1
       1
       2
       0
       0
       0
       0
       0
       0
       0
       0
       1
       0
       0
       0
       0
       0
       0
       2
       0
       0
       0
       2
       0
       1
       1
       2
       3
       3
       3
       8
       2
       8
       6
      11
       9
      11
      13
       9
      13
      14
       9
       4
       5
       7
       3
       2
       2
       1
       1
       1
       0
       1
       1
       2
       0
       0
       0
       0
       0
       2
       0
       1
       1
       1
       1
       0
       0
       0
       0
       1
       0
       0
       1
       0
       0
       1
       1
       0
       1
       1
       1
       0
       0
       0
       0
       0
       1
       0
       0
       0
       0
       0
       1
       3
       0
       0
       0
       0
       0
       0
       0
       1
       0
       0
       0
       0
       0
       0
       1
       1
       0
       0
       0
       2
       1
       0
       0
       1
       1
       1
       0
       0
       1
       0
       0
       1
       0
       0
       1
       1
       0
       0
       1
       0
       0
       1
       0
       0
       0
       0
       2
       0
       1
       1
       0
       0
       0
       0
       0
       0
       1
       1
       0
       0
       1
       1
       1
       0
       1
       2
       1
       1
       0
       1
       1
       0
       0
       2
       0
       0
       0
       0
       0
       2
       0
       0
       0
       0
       2
       0
       0
       0
       0
       0
       0
       0
       0
       0
       2
       0
       0
       0
       1
       2
       1
       0
       0
       0
       0
       1
       0
       0
       0
       1
       0
       0
       0
       0
       1
       0
       0
       4
       0
       1
       0
       0
       0
       0
       0
       0
       0
       0
       0
       0
       0
       0
       0
       1
       0
       0
       0
       0
       0
       1
       0
       0
       0
       1
       1
       0
       0
       1
       0
       1
       0
       1
       1
       0
       0
       1
       0
       1
       0
       0
       2
       0
       1
       0
       1
       2
       1
       1
       2
       1
       3
       0
       3
       2
       1
       4
       1
       2
       2
       1
       0
       0
       5
       0
       3
       0
       1
       0
       0
       0
       0
       1
       1
       1
       3
       3
       1
       1
       1
       1
       1
       1
       2
       1
       0
       1
       1
       1
       5
       3
       2
       2
       1
       1
       1
       0
       1
       1
       0
       0
       0
       0
       1
       0
       1
       0
       1
       1
       0
       1
       0
       0
       0
       0
       1
       0
       0
       1
       2
       1
       0
       0
       0
       0
       1
       2
       2
       0
       0
       0
       0
       3
       1
       0
       0
       4
       1
       0
       0
       0
       0
       1
       0
       1
       0
       0
       0
       1
       0
       0
       0
       1
       0
       0
       0
       0
       0
       1
       1
       0
       0
       1
       0
       0
       1
       1
       1
       0
       0
       1
       0
       0
       1
       1
       0
       1
       1
       0
       0
       0
       0
       1
       1
       2
       0
       0
       0
       0
       0
       0
       0
       0
       0
       0
       0
       0
       0
       0
       2
       4
       1
       0
       1
       2
       0
       0
       1
       0
       0
       2
       0
       0
       2
       1
       0
       1
       0
       0
       1
       0
       1
       0
       0
       0
       1
       1
       0
       1
       1
       0
       0
       0
       0
       0
       0
       1
       1
       0
       2
       0
       0
       2
       0
       0
       0
       1
       0
       0
       2
       0
       3
       2
       0
       2
       0
       1
       0
       0
       1
       1
       0
       0
       0
       1
       0
       0
       1
       1
       1
       2
       1
       2
       1
       1
       0
       0
       0
       0
       2
       0
       1
       0
       0
       1
       0
       0
       1
       0
       0
       1
       0
       1
       0
       0
       0
       1
       1
       0
       1
       0
       0
       0
       0
       0
       1
       0
       0
       0
       0
       1
       1
       0
       1
       0
       2
       0
       1
       1
       2
       0
       0
       0
       0
       0
       1
       0
       2
       0
       0
       0
       1
       1
       0
       1
       0
       2
       0
       1
       0
       0
       0
       2
       0
       0
       1
       1
       0
       1
       2
       0
       0
       0
       0
       0
       0
       0
       1
       0
       0
       0
       0
       0
       0
       0
       0
       0
       0
       0
       0
       0
       1
       1
       1
       1
       0
       2
       0
       1
       0
       1
       0
       0
       0
       1
       0
       0
       0
       0
       0
       0
       1
       0
       0
       1
       0
       0
       3
       0
       0
       1
       0
       1
       1
       0
       0
       0
       0
       0
       1
       0
       0
       0
       0
       0
       0
       0
       1
       0
       0
       0
       3
       0
       1
       0
       0
       1
       1
       0
       0
       1
       0
       0
       0
       0
       1
       0
       1
       1
       0
       1
       1
       0
       0
       0
       0
       1
       0
       1
       0
       1
       0
       0
       0
       1
       0
       0
       1
       0
       0
       0
       0
       1
       0
       0
       0
       0
       0
       0
       1
       0
       0
       0
       0
       0
       0
       0
       1
       1
       0
       0
       0
       0
       0
       0
       1
       0
       0
       0
       0
       1
       1
       0
       0
       0
       0
       1
       1
       0
       0
       1
       0
       0
       2
       1
       0
       0
       1
       0
       0
       0
       1
       1
       1
       1
       0
       0
       2
       1
       0
       3
       1
       1
       0
       0
       1
       1
       1
       2
       0
       1
       1
       0
       0
       1
       0
       1
       0
       3
       0
       0
       0
       0
       0
       0
       0
       0
       2
       1
       0
       2
       0
       0
       0
       0
       0
       1
       0
       1
       0
       0
       1
       2
       0
       1
       1
       0
       0
       1
       0
       0
       0
       0
       0
       2
       0
       1
       0
       0
       0
       0
       2
       1
       0
       0
       1
       1
       1
       0
       0
       0
       0
       0
       0
       0
       0
       0
       0
       0
       0
       0
       1
       0
       0
       1
       0
       0
       0
       0
       0
       0
       0
       1
       1
       0
       0
       0
       0
       0
       3
       0
       0
       0
       0
       1
       1
       0
       1
       0
       0
       1
       0
       0
       1
       0
       1
       1
       1
       0
       0
       0
       1
       0
       0
       0
       0
       0
       0
       1
       0
       0
       0
       1
       0
       0
       0
       0
       1
       1
       0
       1
       0
       0
       0
       0
       1
       0
       2
       3
       0
       1
       0
       2
       1
       0
       1
       0
       2
       0
       0
       1
       0
       0
       0
       1
       1
       1
       2
       0
       0
       2
       0
       1
       0
       2
       1
       0
       1
       0
       0
       0
       1
       0
       1
       2
       0
       0
       0
       1
       1
       1
       0
       1
       0
       0
       1
       0
       2
       0
       1
       2
       0
       1
       0
       0
       0
       1
       2
       1
       0
       0
       0
       1
       1
       1
       0
       0
       1
       3
       1
       0
       0
       1
       0
       0
       1
       0
       1
       1
       0
       0
       0
       0
       2
       0
       0
       0
       1
       0
       0
       0
       0
       0
       0
       0
       1
       0
       0
       0
       1
       0
       0
       1
       0
       0
       0
       0
       4
       1
       0
       0
       1
       1
       0
       1
       0
       1
       1
       0
       0
       0
       1
       0
       0
       0
       0
       0
       0
       0
       1
       0
       2
       0
       1
       0
       1
       1
       0
       3
       2
       2
       1
       0
       2
       1
       2
       2
       2
       0
       0
       1
       0
       0
       1
       0
       1
       0
       1
       3
       0
       0
       0
       0
       0
       0
       0
       1
       0
       0
       0
       0
       1
       2
       0
       1
       2
       1
       0
       2
       1
       1
       0
       1
       2
       0
       0
       1
       0
       2
       0
       1
       1
       2
       1
       1
       0
       0
       2
       2
       1
       0
       1
       0
       0
       0
       0
       0
       0
       0
       0
       0
       1
       0
       1
       0
       1
       0
       0
       1
       0
       0
       0
       0
       2
       1
       2
       1
       1
       1
       1
       1
       2
       0
       0
       0
       1
       1
       1
       0
       1
       2
       0
       0
       1
       1
       1
       2
       0
       0
       0
       1
       0
       0
       0
       0
       0
       0
       0
       1
       0
       0
       0
       1
       0
       0
       0
       0
       0
       0
       0
       0
       0
       0
       0
       3
       2
       0
       0
       0
       1
       0
       0
       0
       1
       0
       0
       0
       0
       2
       1
       1
       1
       0
       1
       1
       0
       0
       0
       0
       0
       1
       0
       1
       1
       0
       1
       0
       0
       1
       0
       1
       1
       0
       1
       1
       0
       0
       0
       2
       0
       2
       2
       0
       0
       1
       0
       0
       0
       1
       0
       0
       0
       0
       0
       2
       0
       0
       0
       0
       0
       0
       0
       0
       0
       2
       0
       0
       1
       2
       1
       1
       1
       0
       2
       0
       0
       0
       0
       0
       1
       1
       0
       1
       0
       1
       0
       0
       0
       0
       2
       1
       0
       1
       0
       1
       1
       0
       0
       2
       0
       1
       0
       2
       1
       0
       0
       2
       1
       0
       1
       1
       1
       2
       0
       0
       0
       1
       1
       2
       1
       0
       0
       1
       1
       0
       1
       0
       0
       0
       1
       0
       1
       2
       2
       0
       0
       0
       0
       0
       1
       2
       0
       0
       0
       0
       1
       1
       0
       1
       0
       1
       2
       0
       1
       0
       2
       0
       0
       0
       0
       2
       2
       0
       1
       1
       1
       0
       0
       0
       0
       0
       0
       0
       0
       2
       0
       0
       2
       0
       1
       0
       0
       1
       1
       2
       0
       1
       1
       0
       1
       1
       1
       1
       0
       1
       0
       1
       0
       1
       0
       0
       2
       0
       0
       0
       1
       0
       0
       0
       0
       0
       1
       0
       0
       1
       1
       0
       0
       0
       0
       0
       1
       0
       2
       1
       1
       0
       0
       0
       0
       0
       1
       0
       0
       1
       1
       1
       0
       0
       0
       0
       1
       0
       0
       0
       0
       0
       1
       0
       0
       0
       1
       2
       0
       1
       0
       0
       0
       0
       2
       0
       0
       1
       0
       0
       1
       0
       1
       0
       3
       2
       1
       0
       2
       0
       1
       0
       0
       0
       1
       1
       1
       0
       1
       0
       0
       0
       1
       0
       1
       0
       1
       0
       0
       0
       0
       1
       1
       0
       1
       0
       1
       2
       1
       0
       1
       0
       0
       1
       0
       1
       1
       1
       1
       0
       0
       0
       1
       0
       0
       0
       1
       1
       1
       1
       0
       0
       0
       1
       0
       1
       1
       1
       2
       1
       0
       1
       1
       0
       1
       1
       0
       0
       1
       0
       3
       0
       1
       0
       0
       0
       1
       0
       0
       0
       0
       0
       0
       2
       0
       1
       0
       2
       0
       1
       1
       0
       0
       2
       0
       1
       0
       0
       0
       2
       2
       1
       0
       1
       1
       0
       0
       0
       0
       2
       0
       0
       1
       1
       2
       0
       0
       0
       0
       0
       1
       0
       0
       0
       2
       0
       1
       1
       0
       0
       0
       2
       0
       0
       0
       0
       1
       0
       1
       1
       0
       0
       0
       1
       0
       1
       1
       0
       0
       1
       1
       1
       1
       1
       1
       1
       1
       0
       1
       1
       0
       0
       0
       5
       0
       1
       1
       0
       0
       1
       0
       0
       0
       0
       1
       1
       0
       0
       1
       4
       1
       0
       0
       1
       0
       0
       1
       0
       0
       1
       1
       0
       2
       1
       0
       0
       0
       0
       0
       1
       0
       0
       1
       0
       1
       2
       1
       0
       1
       0
       0
       0
       2
       1
       0
       0
       1
       0
       0
       2
       0
       0
       1
       2
       0
       1
       1
       1
       0
       1
       0
       1
       1
       0
       0
       0
       0
       0
       0
       0
       0
       0
       0
       0
       0
       0
       0
       0
       0
       0
       2
       0
       0
       0
       0
       0
       1
       0
       1
       0
       0
       1
       1
       0
       0
       0
       0
       1
       0
       0
       1
       2
       1
       0
       0
       1
       0
       1
       0
       2
       2
       0
       0
       1
       1
       0
       0
       0
       0
       0
       0
       0
       0
       0
       1
       2
       0
       1
       0
       1
       2
       0
       0
       0
       3
       0
       0
       0
       0
       0
       0
       0
       1
       0
       0
       1
       0
       0
       0
       3
       2
       0
       1
       0
       0
       0
       0
       0
       2
       2
       1
       0
       0
       1
       0
       0
       1
       0
       1
       1
       0
       0
       0
       0
       1
       2
       0
       0
       1
       0
       0
       2
       0
       1
       2
       0
       1
       1
       0
       0
       1
       2
       1
       3
       0
       0
       1
       0
       1
       0
       1
       1
       1
       0
       0
       2
       0
       0
       1
       0
       0
       0
       0
       1
       0
       0
       1
       0
       0
       1
       2
       1
       0
       0
       0
       0
       0
       0
       1
       0
       0
       0
       0
       0
       1
       0
       1
       1
       1
       0
       0
       0
       2
       0
       0
       0
       0
       0
       0
       2
       1
       1
       1
       1
       2
       0
       0
       1
       1
       0
       1
       1
       0
       1
       1
       1
       0
       0
       1
       1
       2
       1
       0
       0
       0
       1
       1
       0
       0
       1
       0
       0
       0
       1
       0
       0
       1
       0
       0
       1
       0
       1
       0
       1
       0
       0
       1
       0
       1
       0
       0
       0
       1
       0
       1
       0
       0
       0
       1
       0
       0
       1
       0
       0
       0
       1
       1
       0
       1
       1
       0
       0
       0
       0
       1
       1
       2
       0
       1
       1
       0
       0
       0
       0
       0
       0
       1
       0
       1
       0
       1
       0
       0
       0
       1
       0
       1
       0
       0
       0
       0
       1
       0
       0
       0
       0
       0
       0
       0
       0
       0
       0
       0
       2
       0
       0
       0
       0
       1
       0
       1
       0
       0
       0
       0
       0
       1
       0
       0
       0
       0
       1
       0
       0
       0
       0
       1
       0
       0
       2
       1
       1
       0
       2
       1
       0
       0
       0
       0
       1
       0
       1
       0
       0
       0
       0
       1
       2
       0
       1
       0
       0
       0
       0
       0
       1
       0
       0
       0
       0
       0
       0
       0
       0
       0
       1
       0
       0
       1
       1
       0
       0
       1
       0
       2
       2
       0
       0
       2
       1
       2
       1
       0
       0
       1
       0
       0
       1
       0
       0
       1
       0
       0
       1
       0
       0
       0
       0
       0
       0
       1
       0
       0
       2
       0
       0
       0
       0
       0
       0
       0
       0
       0
       0
       1
       0
       0
       0
       1
       1
       0
       0
       0
       1
       1
       1
       0
       1
       0
       1
       1
       0
       0
       0
       0
       0
       0
       0
       0
       0
       0
       1
       0
       1
       0
       0
       0
       0
       1
       0
       0
       0
       0
       0
       0
       1
       1
       0
       0
       0
       0
       0
       1
       0
       0
       0
       0
       0
       0
       0
       1
       0
       0
       1
       0
       1
       1
       1
       0
       0
       0
       0
       0
       0
       0
       0
       0
       1
       1
       0
       2
       1
       0
       0
       1
       0
       0
       0
       0
       0
       0
       0
       1
       1
       1
       0
       0
       0
       0
       1
       0
       1
       0
       1
       0
       0
       0
       0
       0
       0
       0
       0
       0
       1
       0
       0
       0
       2
       1
       0
       1
       0
       0
       1
       0
       0
       0
       2
       0
       0
       0
       0
       0
       0
       0
       0
       2
       0
       0
       1
       0
       0
       0
       0
       0
       0
       0
       0
       0
       0
       2
       0
       0
       0
       0
       0
       1
       0
       1
       0
       0
       1
       3
       1
       0
       0
       0
       0
       0
       0
       0
       0
       0
       0
       0
       0
       0
       0
       0
       0
       0
       0
       0
       0
       0
       0
       0
       0
       0
       0
       0
       0
       0
       0
       0
       1
       0
       0
       0
       0
       0
       0
       0
       0
       0
       0
       0
       0
       0
       1
       0
       0
       0
       0
       0
       0
       1
       0
       1
       0
       0
       0
       0
       0
       1
       0
       1
       0
       0
       1
       0
       0
       0
       0
       0
       0
       2
       0
       1
       0
       0
       0
       0
       0
       1
       0
       1
       2
       0
       0
       0
       0
       0
       0
       0
       0
       0
       0
       0
       1
       0
       0
       0
       0
       0
       0
       1
       0
       0
       1
       0
       0
       0
       0
       0
       0
       1
       0
       1
       0
       0
       0
       0
       0
       0
       0
       2
       1
       0
       0
       0
       0
       0
       0
       0
       1
       0
       0
       0
       1
       0
       0
       0
       0
       1
       1
       0
       0
       0
       0
       2
       0
       1
       0
       0
       0
       0
       2
       0
       0
       0
       0
       1
       0
       0
       0
       0
       1
       0
       0
       0
       0
       0
       0
       0
       1
       0
       0
       0
       0
       0
       1
       0
       0
       0
       0
       0
       1
       0
       0
       0
       0
       0
       0
       0
       0
       0
       0
       1
       1
       0
       0
       0
       0
       0
       0
       0
       1
       0
       1
       1
       0
       0
       0
       0
       0
       0
       0
       0
       0
       0
       0
       0
       0
       0
       0
       0
       0
       0
       0
       1
       0
       0
       0
       0
       1
       0
       0
       0
       1
       0
       1
       1
       0
       0
       0
       0
       0
       0
       0
       0
       0
       0
       0
       0
       0
       0
       0
       0
       0
       1
       0
       0
       0
       0
       0
       0
       0
       0
       0
       0
       0
       0
       0
       1
       0
       0
       1
       1
       0
       1
       0
       0
       1
       1
       0
       0
       0
       0
       1
       0
       0
       0
       0
       1
       0
       0
       0
       0
       0
       0
       0
       1
       1
       0
       0
       0
       0
       0
       1
       0
       0
       0
       0
       0
       0
       0
       0
       2
       0
       0
       0
       0
       0
       0
       0
       1
       0
       0
       0
       0
       0
       0
       0
       1
       0
       1
       0
       0
       0
       0
       0
       0
       0
       0
       1
       1
       0
       0
       0
       0
       1
       1
       0
       0
       0
       1
       0
       0
       0
       0
       0
       0
       0
       0
       0
       0
       0
       0
       0
       0
       0
       0
       1
       0
       1
       1
       0
       1
       0
       0
       0
       0
       0
       1
       0
       1
       0
       0
       0
       1
       1
       0
       0
       0
       0
       0
       0
       0
       0
       0
       0
       0
       0
       0
       0
       0
       0
       0
       0
       1
       0
       0
       0
       0
       0
       0
       0
       0
       0
       0
       0
       0
       0
       1
       0
       1
       1
       0
       1
       0
       1
       1
       0
       0
       0
       0
       0
       0
       0
       0
       1
       0
       0
       0
       0
       0
       0
       0
       1
       0
       0
       0
       1
       0
       0
       1
       0
       1
       0
       0
       0
       1
       0
       0
       0
       0
       0
       0
       0
       0
       0
       0
       0
       0
       0
       0
       1
       0
       0
       0
       0
       0
       0
       0
       1
       1
       0
       0
       0
       0
       0
       0
       0
       0
       1
       0
       0
       0
       0
       0
       0
       1
       0
       1
       0
       0
       0
       0
       0
       0
       0
       1
       0
       0
       0
       1
       0
       1
       0
       0
       0
       1
       1
       0
       0
       0
       0
       0
       0
       1
       0
       0
       1
       0
       0
       0
       1
       0
       0
       0
       0
       1
       0
       0
       0
       0
       0
       0
       0
       0
       0
       1
       0
       1
       0
       0
       1
       0
       0
       0
       0
       1
       0
       0
       0
       0
       0
       1
       0
       0
       1
       0
       0
       1
       0
       0
       1
       0
       0
       0
       0
       0
       0
       0
       1
       0
       1
       0
       0
       0
       2
       0
       0
       1
       0
       1
       0
       0
       0
       0
       1
       1
       2
       2
       1
       0
       4
       1
       4
       5
       6
       2
      11
       9
      13
      15
      16
      12
      19
      21
      10
      14
      19
      13
      12
      11
      10
       3
       5
       5
       0
       4
       5
       0
       0
       0
       0
       0
       0
       1
       0
       0
       0
       0
       0
       0
       0
       0
       1
       2
       0
       0
       0
       0
       0
       0
       0
       1
       0
       0
       0
       0
       0
       0
       0
       0
       0
       0
       0
       0
       0
       1
       0
       0
       0
       0
       0
       0
       0
       0
       0
       0
       0
       0
       0
       0
       0
       2
       1
       2
       1
       1
       4
       2
       3
       4
       5
       5
       3
       2
       4
       6
       1
       0
       1
       2
       4
       1
       2
       4
       1
       1
       0
       0
       0
       1
       1
       0
       0
       0
       1
       0
       0
       0
       0
       0
       1
       0
       0
       0
       0
       0
       0
       0
       0
       0
       1
       0
       0
       0
       0
       0
       0
       0
       0
       0
       0
       0
       0
       0
       1
       1
       0
       0
       0
       1
       0
       0
       0
       0
       0
       1
       0
       1
       0
       1
       0
       0
       0
       0
       1
       0
       0
       0
       1
       0
       1
       0
       0
       0
       0
       0
       0
       1
       0
       0
       0
       0
       0
       1
       0
       0
       0
       0
       0
       0
       0
       0
       0
       0
       0
       1
       0
       1
       0
       1
       0
       0
       1
       1
       0
       0
       0
       1
       0
       0
       0
       0
       0
       0
       1
       1
       0
       1
       0
       0
       1
       0
       0
       0
       0
       0
       0
       0
       0
       0
       0
       0
       0
       0
       0
       0
       0
       0
       0
       0
       0
       0
       0
       1
       0
       0
       0
       0
       1
       0
       0
       0
       1
       0
       0
       0
       0
       0
       1
       0
       0
       1
       0
       0
       0
       0
       0
       0
       0
       0
       0
       0
       0
       1
       0
       0
       0
       0
       0
       0
       1
       0
       0
       0
       0
       0
       0
       0
       1
       0
       0
       0
       0
       0
       0
       1
       0
       0
       0
       0
       1
       0
       0
       0
       1
       0
       2
       0
       0
       0
       1
       1
       0
       0
       0
       0
       1
       0
       0
       0
       0
       0
       0
       0
       0
       0
       0
       0
       0
       0
       0
       0
       0
       0
       0
       0
       0
       0
       0
       0
       0
       1
       0
       0
       0
       0
       0
       0
       0
       0
       0
       0
       0
       0
       0
       2
       1
       0
       0
       0
       0
       1
       0
       0
       0
       0
       0
       1
       0
       0
       0
       0
       0
       1
       0
       0
       0
       1
       0
       0
       1
       2
       1
       1
       0
       1
       0
       0
       0
       0
       0
       0
       0
       0
       0
       0
       0
       0
       1
       1
       0
       0
       0
       0
       0
       0
       0
       0
       0
       0
       0
       0
       1
       0
       0
       0
       0
       0
       1
       0
       1
       0
       0
       0
       0
       0
       0
       0
       0
       1
       0
       0
       1
       0
       0
       0
       0
       0
       0
       0
       0
       0
       1
       1
       0
       0
       1
       0
       0
       0
       0
       0
       0
       0
       0
       0
       1
       1
       0
       1
       0
       0
       1
       0
       0
       0
       0
       1
       1
       0
       1
       0
       0
       0
       0
       0
       0
       0
       2
       0
       0
       0
       2
       1
       0
       0
       0
       0
       0
       0
       0
       0
       0
       0
       2
       0
       0
       0
       0
       0
       0
       0
       0
       0
       1
       0
       0
       0
       0
       0
       0
       0
       0
       0
       0
       0
       0
       0
       0
       0
       0
       0
       0
       0
       0
       0
       0
       0
       1
       0
       0
       0
       0
       0
       0
       0
       0
       0
       0
       0
       0
       0
       0
       0
       0
       0
       0
       0
       0
       0
       1
       0
       0
       0
       0
       1
       1
       0
       0
       0
       0
       1
       0
       0
       0
       0
       1
       0
       0
       1
       0
       0
       0
       0
       0
       0
       0
       0
       0
       1
       0
       0
       1
       0
       0
       0
       1
       0
       0
       0
       0
       0
       0
       0
       0
       1
       0
       0
       0
       0
       0
       0
       0
       1
       0
       0
       0
       0
       0
       0
       1
       0
       0
       0
       0
       0
       0
       0
       1
       0
       0
       2
       0
       1
       0
       1
       0
       1
       0
       0
       0
       0
       0
       0
       0
       0
       1
       1
       0
       0
       0
       0
       0
       1
       0
       0
       1
       0
       0
       0
       0
       1
       1
       0
       1
       0
       0
       0
       0
       0
       0
       0
       0
       0
       0
       0
       0
       0
       0
       0
       0
       0
       0
       0
       0
       0
       0
       0
       0
       2
       0
       0
       0
       1
       1
       1
       0
       0
       0
       0
       0
       0
       0
       0
       1
       0
       1
       0
       0
       0
       1
       0
       0
       0
       0
       0
       2
       0
       0
       0
       0
       0
       0
       0
       0
       0
       1
       1
       0
       1
       3
       0
       1
       0
       0
       1
       0
       0
       0
       0
       0
       1
       1
       1
       0
       2
       1
       0
       0
       0
       2
       0
       0
       1
       2
       0
       0
       0
       1
       1
       1
       0
       0
       0
       1
       0
       0
       0
       0
       0
       0
       0
       0
       0
       0
       0
       0
       0
       0
       0
       0
       1
       0
       0
       0
       0
       0
       0
       1
       1
       0
       0
       1
       0
       0
       0
       0
       0
       0
       0
       0
       0
       0
       0
       0
       0
       0
       0
       1
       0
       0
       0
       0
       0
       1
       0
       0
       0
       0
       1
       0
       0
       0
       0
       0
       0
       0
       0
       2
       0
       0
       0
       0
       0
       0
       0
       0
       0
       0
       1
       0
       1
       1
       1
       0
       1
       1
       1
       0
       1
       0
       0
       0
       0
       0
       0
       0
       0
       0
       0
       0
       0
       0
       0
       1
       0
       0
       0
       0
       0
       0
       0
       0
       0
       0
       0
       0
       1
       0
       0
       0
       0
       0
       0
       1
       0
       1
       0
       0
       1
       0
       1
       0
       0
       0
       0
       0
       0
       0
       0
       0
       0
       0
       1
       0
       0
       0
       0
       0
       0
       0
       0
       0
       0
       0
       0
       0
       0
       0
       0
       0
       0
       0
       0
       0
       0
       0
       1
       0
       0
       0
       0
       0
       0
       0
       1
       0
       1
       0
       0
       0
       0
       0
       1
       0
       0
       0
       0
       0
       0
       0
       0
       0
       1
       0
       0
       0
       0
       0
       0
       0
       0
       0
       0
       0
       0
       0
       0
       0
       0
       0
       0
       0
       0
       0
       0
       1
       0
       0
       0
       0
       0
       0
       0
       0
       1
       0
       0
       0
       0
       0
       0
       0
       0
       0
       0
       0
       0
       0
       0
       2
       0
       1
       1
       0
       0
       0
       0
       0
       0
       0
       1
       0
       1
       0
       0
       1
       0
       1
       0
       0
       0
       0
       0
       0
       1
       0
       0
       0
       0
       0
       0
       0
       0
       0
       0
       0
       0
       0
       0
       0
       0
       0
       1
       1
       0
       0
       0
       0
       0
       0
       0
       1
       2
       0
       1
       0
       0
       0
       0
       0
       0
       0
       0
       0
       0
       0
       0
       1
       0
       0
       0
       0
       1
       0
       0
       0
       0
       0
       0
       0
       0
       0
       0
       1
       0
       0
       1
       0
       0
       0
       0
       2
       0
       0
       1
       0
       1
       0
       0
       0
       0
       0
       0
       0
       0
       0
       0
       0
       0
       0
       0
       0
       0
       0
       1
       0
       1
       0
       0
       0
       0
       0
       0
       0
       1
       1
       2
       0
       0
       0
       0
       0
       1
       0
       1
       0
       0
       0
       0
       1
       0
       0
       0
       0
       0
       1
       0
       0
       0
       0
       1
       1
       0
       1
       0
       1
       0
       0
       0
       1
       0
       2
       0
       1
       0
       0
       0
       0
       0
       1
       0
       0
       0
       0
       0
       0
       0
       2
       0
       0
       1
       1
       0
       0
       0
       1
       0
       0
       0
       0
       0
       0
       1
       0
       0
       0
       0
       0
       0
       0
       0
       0
       0
       1
       0
       0
       0
       0
       1
       0
       0
       1
       0
       0
       0
       0
       1
       0
       0
       0
       0
       0
       0
       0
       0
       1
       0
       0
       0
       0
       0
       0
       0
       0
       0
       0
       1
       0
       0
       0
       0
       0
       0
       0
       0
       0
       0
       0
       0
       0
       0
       1
       0
       0
       0
       0
       0
       0
       0
       0
       0
       0
       0
       0
       0
       0
       0
       0
       0
       0
       0
       0
       0
       0
       1
       0
       0
       0
       0
       1
       0
       0
       0
       1
       0
       0
       0
       0
       0
       0
       0
       0
       0
       1
       0
       0
       0
       0
       0
       1
       0
       0
       0
       0
       0
       0
       0
       0
       0
       0
       0
       0
       0
       0
       0
       0
       1
       0
       0
       0
       0
       0
       0
       0
       1
       0
       0
       0
       0
       0
       0
       0
       0
       0
       0
       1
       0
       0
       0
       0
       0
       0
       0
       0
       0
       1
       0
       1
       0
       0
       0
       0
       1
       1
       0
       0
       0
       0
       0
       1
       0
       1
       1
       0
       1
       0
       0
       1
       0
       0
       0
       0
       0
       0
       0
       0
       0
       0
       1
       0
       0
       3
       0
       0
       0
       0
       0
       1
       0
       1
       0
       0
       0
       1
       0
       0
       0
       0
       1
       0
       0
       0
       0
       0
       0
       0
       1
       0
       0
       0
       0
       0
       0
       0
       0
       0
       0
       0
       0
       0
       0
       0
       1
       0
       2
       1
       0
       0
       1
       0
       1
       1
       1
       2
       0
       0
       0
       1
       0
       0
       0
       0
       0
       0
       0
       0
       1
       0
       0
       0
       1
       0
       0
       0
       0
       0
       0
       0
       0
       0
       0
       0
       0
       0
       1
       0
       0
       1
       0
       0
       0
       0
       0
       0
       0
       0
       0
       0
       0
       0
       0
       0
       0
       0
       0
       0
       0
       0
       0
       0
       0
       0
       1
       0
       0
       0
       0
       0
       0
       1
       0
       1
       0
       0
       0
       0
       0
       0
       0
       0
       0
       0
       0
       0
       0
       0
       0
       0
       0
       0
       0
       1
       2
       0
       1
       0
       0
       0
       0
       1
       1
       0
       0
       0
       0
       0
       0
       0
       0
       0
       0
       0
       1
       0
       2
       0
       0
       0
       2
       0
       0
       0
       0
       0
       0
       0
       0
       0
       0
       0
       0
       0
       2
       0
       0
       0
       0
       0
       0
       0
       0
       0
       0
       0
       0
       0
       0
       0
       0
       0
       0
       0
       0
       0
       0
       0
       1
       0
       0
       0
       0
       0
       0
       0
       1
       0
       0
       0
       0
       2
       0
       0
       0
       0
       0
       0
       0
       1
       0
       0
       0
       0
       0
       0
       0
       1
       0
       1
       1
       0
       0
       0
       0
       0
       0
       1
       0
       0
       1
       0
       0
       0
       0
       0
       0
       1
       0
       0
       0
       0
       0
       0
       0
       0
       0
       0
       0
       0
       0
       0
       0
       0
       0
       1
       0
       0
       0
       0
       0
       0
       0
       0
       0
       0
       0
       0
       0
       0
       0
       0
       0
       0
       0
       0
       0
       0
       0
       0
       0
       0
       0
       0
       0
       0
       0
       0
       1
       0
       0
       0
       0
       0
       1
       0
       0
       0
       0
       0
       0
       0
       0
       0
       1
       0
       0
       0
       0
       0
       0
       0
       0
       1
       1
       0
       0
       0
       0
       0
       1
       0
       0
       0
       0
       0
       0
       0
       1
       0
       1
       0
       0
       0
       0
       1
       0
       0
       0
       1
       0
       0
       0
       0
       0
       0
       0
       0
       0
       0
       1
       0
       1
       0
       0
       0
       0
       0
       0
       0
       0
       0
       0
       1
       0
       0
       0
       0
       0
       0
       0
       0
       0
       0
       1
       0
       0
       1
       0
       0
       0
       0
       0
       0
       0
       0
       0
       0
       1
       0
       1
       0
       0
       0
       0
       0
       0
       0
       0
       0
       0
       0
       0
       0
       1
       1
       0
       1
       0
       0
       0
       0
       1
       0
       0
       0
       0
       0
       0
       0
       1
       0
       0
       0
       1
       0
       0
       1
       0
       0
       0
       2
       0
       0
       0
       0
       0
       1
       0
       0
       0
       0
       0
       0
       1
       0
       0
       0
       0
       0
       1
       0
       0
       0
       0
       0
       1
       0
       0
       0
       0
       0
       0
       2
       1
       0
       0
       0
       0
       0
       1
       0
       0
       1
       0
       0
       0
       1
       0
       0
       0
       0
       0
       0
       1
       0
       0
       0
       0
       0
       0
       0
       0
       0
       0
       0
       0
       0
       0
       0
       0
       0
       0
       0
       0
       1
       0
       0
       1
       0
       0
       0
       1
       0
       0
       0
       1
       1
       1
       0
       0
       1
       0
       0
       0
       0
       0
       0
       0
       0
       0
       0
       0
       1
       0
       0
       1
       0
       0
       0
       0
       0
       0
       0
       0
       0
       1
       0
       0
       0
       1
       0
       1
       0
       0
       0
       0
       0
       0
       0
       0
       0
       0
       0
       0
       0
       0
       1
       0
       1
       0
       0
       0
       1
       0
       0
       0
       0
       0
       0
       0
       1
       1
       0
       0
       1
       0
       0
       0
       0
       0
       0
       0
       0
       0
       0
       0
       0
       0
       1
       0
       0
       0
       0
       0
       0
       0
       2
       0
       0
       0
       0
       0
       0
       0
       0
       0
       1
       0
       0
       0
       0
       0
       1
       0
       0
       1
       0
       0
       0
       0
       0
       0
       0
       0
       0
       1
       0
       0
       0
       0
       1
       0
       0
       0
       0
       0
       0
       0
       1
       0
       1
       0
       0
       3
       0
       0
       1
       1
       0
       0
       1
       0
       0
       0
       0
       0
       0
       1
       0
       0
       0
       1
       0
       0
       1
       1
       0
       0
       0
       2
       0
       4
       0
       1
       2
       1
       2
       1
       0
       2
       0
       0
       1
       0
       0
       0
       2
       0
       0
       0
       0
       1
       1
       0
       1
       0
       1
       1
       0
       0
       0
       0
       0
       0
       0
       0
       0
       0
       0
       0
       0
       0
       2
       0
       0
       0
       0
       0
       0
       1
       0
       0
       0
       1
       1
       0
       0
       0
       0
       0
       0
       0
       1
       0
       0
       0
       0
       0
       0
       0
       2
       0
       1
       0
       0
       0
       0
       0
       0
       1
       0
       0
       0
       0
       0
       0
       0
       1
       2
       0
       0
       0
       0
       0
       0
       0
       0
       1
       0
       1
       0
       0
       0
       0
       0
       0
       1
       0
       0
       0
       0
       0
       0
       0
       0
       0
       0
       0
       0
       0
       0
       0
       0
       0
       0
       0
       0
       0
       0
       0
       0
       0
       0
       0
       0
       0
       0
       0
       1
       0
       0
       0
       0
       0
       0
       0
       0
       0
       0
       0
       1
       0
       0
       1
       0
       0
       0
       0
       0
       0
       0
       1
       0
       0
       0
       0
       0
       0
       0
       0
       0
       0
       2
       0
       0
       0
       0
       0
       0
       1
       0
       0
       0
       0
       1
       0
       0
       0
       0
       0
       0
       0
       0
       0
       0
       0
       0
       0
       0
       0
       0
       1
       0
       0
       0
       0
       0
       0
       0
       0
       1
       0
       0
       1
       1
       0
       0
       0
       0
       0
       0
       0
       0
       0
       0
       0
       0
       1
       0
       0
       0
       0
       0
       0
       0
       0
       0
       0
       0
       0
       0
       0
       0
       0
       0
       0
       0
       0
       1
       0
       0
       2
       0
       0
       1
       0
       0
       0
       0
       0
       0
       0
       0
       0
       0
       0
       0
       0
       0
       0
       0
       0
       1
       0
       1
       0
       0
       0
       0
       0
       0
       0
       1
       0
       2
       0
       0
       0
       0
       1
       0
       0
       0
       1
       0
       0
       0
       0
       0
       0
       0
       0
       0
       0
       1
       0
       0
       0
       0
       0
       0
       0
       0
       0
       0
       0
       0
       0
       0
       0
       0
       0
       0
       0
       0
       0
       0
       0
       0
       0
       0
       0
       0
       1
       0
       0
       0
       0
       0
       0
       0
       1
       0
       0
       0
       0
       1
       1
       0
       1
       0
       0
       0
       0
       2
       0
       0
       0
       0
       0
       0
       0
       0
       0
       1
       0
       0
       0
       0
       0
       1
       0
       1
       0
       0
       0
       0
       0
       0
       1
       0
       0
       0
       0
       0
       0
       1
       0
       2
       0
       0
       0
       0
       0
       0
       0
       0
       0
       0
       0
       0
       0
       0
       0
       0
       0
       0
       0
       0
       0
       0
       0
       0
       0
       0
       0
       0
       1
       0
       0
       0
       0
       0
       0
       0
       0
       0
       1
       0
       1
       0
       0
       1
       0
       1
       0
       0
       0
       0
       0
       0
       0
       0
       0
       1
       0
       0
       0
       0
       0
       0
       0
       0
       1
       0
       0
       0
       0
       0
       0
       1
       0
       0
       0
       0
       0
       0
       1
       0
       0
       0
       0
       0
       0
       0
       0
       0
       0
       0
       0
       0
       0
       1
       0
       0
       0
       0
       0
       0
       0
       1
       2
       0
       0
       0
       0
       0
       0
       0
       0
       0
       0
       0
       0
       0
       0
       0
       0
       0
       0
       0
       0
       0
       0
       0
       0
       0
       0
       0
       0
       0
       0
       0
       0
       0
       0
       0
       0
       0
       0
       0
       0
       0
       0
       0
       0
       0
       0
       0
       0
       0
       0
       0
       0
       0
       0
       0
       0
       0
       0
       0
       0
       0
       0
       0
       0
       0
       0
       0
       0
       1
       1
       0
       0
       0
       0
       0
       0
       0
       0
       0
       0
       0
       0
       0
       0
       0
       0
       0
       0
       0
       0
       0
       0
       0
       0
       0
       0
       0
       0
       0
       0
       0
       0
       0
       0
       0
       0
       0
       0
       0
       1
       0
       0
       0
       0
       0
       0
       0
       0
       0
       0
       0
       1
       0
       1
       0
       0
       1
       0
       0
       0
       0
       0
       0
       0
       0
       0
       1
       0
       1
       0
       0
       0
       1
       0
       0
       0
       0
       0
       0
       0
       0
       1
       0
       1
       0
       0
       0
       0
       0
       0
       0
       0
       0
       0
       0
       0
       0
       0
       0
       0
       0
       0
       0
       0
       0
       0
       0
       0
       0
       0
       0
       0
       0
       0
       0
       0
       0
       0
       1
       0
       0
       0
       0
       0
       0
       0
       0
       0
       0
       0
       0
       0
       0
       0
       0
       0
       0
       0
       0
       0
       0
       0
       0
       0
       0
       0
       0
       0
       0
       0
       1
       0
       0
       0
       0
       0
       0
       0
       0
       0
       0
       0
       0
       0
       0
       0
       0
       0
       0
       0
       0
       0
       0
       0
       0
       1
       0
       0
       0
       2
       0
       0
       0
       0
       0
       0
       1
       0
       0
       0
       0
       0
       0
       0
       0
       0
       0
       0
       0
       0
       0
       0
       1
       0
       1
       0
       0
       0
       0
       0
       0
       0
       0
       0
       0
       0
       0
       0
       0
       0
       0
       0
       0
       0
       0
       0
       0
       0
       0
       0
       0
       0
       0
       1
       0
       0
       0
       0
       0
       0
       0
       0
       0
       0
       0
       0
       0
       0
       0
       0
       1
       0
       0
       0
       0
       0
       0
       0
       0
       0
       0
       0
       0
       0
       0
       0
       0
       0
       0
       0
       0
       0
       0
       0
       0
       0
       0
       0
       0
       0
       0
       0
       0
       0
       0
       0
       0
       1
       0
       0
       0
       0
       0
       0
       0
       0
       0
       0
       0
       0
       0
       1
       0
       0
       0
       0
       0
       0
       0
       1
       0
       0
       0
       0
       0
       0
       0
       0
       0
       0
       0
       0
       0
       0
       0
       0
       0
       0
       0
       0
       0
       1
       0
       0
       0
       0
       0
       0
       0
       0
       0
       0
       0
       0
       0
       0
       0
       0
       0
       0
       0
       1
       0
       0
       0
       0
       0
       0
       0
       0
       0
       1
       0
       0
       0
       0
       1
       0
       0
       0
       0
       0
       0
       0
       0
       0
       0
       0
       0
       0
       0
       0
       1
       0
       0
       0
       0
       3
       0
       0
       1
       0
       0
       0
       0
       0
       3
       1
       2
       0
       2
       1
       0
       2
       7
       3
       1
       1
       0
       1
       1
       1
       1
       2
       1
       0
       0
       1
       1
       0
       1
       0
       0
       0
       0
       0
       1
       0
       0
       0
       0
       0
       0
       0
       0
       2
       0
       0
       0
       0
       0
       0
       0
       1
       0
       0
       0
       0
       0
       0
       0
       0
       0
       0
       0
       0
       0
       0
       0
       0
       0
       0
       0
       0
       0
       0
       0
       0
       0
       0
       0
       1
       0
       0
       0
       0
       0
       0
       0
       0
       0
       0
       0
       0
       0
       0
       0
       0
       0
       0
       0
       0
       0
       0
       0
       0
       0
       0
       0
       0
       0
       0
       0
       0
       0
       0
       0
       0
       0
       0
       0
       0
       0
       0
       0
       0
       0
       0
       0
       0
       0
       0
       0
       0
       0
       0
       0
       0
       0
       0
       0
       0
       0
       0
       0
       0
       0
       0
       0
       0
       0
       0
       0
       0
       0
       0
       0
       0
       0
       0
       0
       0
       0
       0
       0
       0
       0
       0
       0
       0
       0
       0
       0
       0
       0
       0
       0
       0
       0
       0
       0
       0
       0
       0
       0
       0
       0
       0
       0
       0
       0
       0
       0
       0
       0
       0
       0
       0
       0
       0
       0
       0
       0
       0
       0
       0
       0
       0
       0
       0
       0
       0
       0
       0
       0
       0
       0
       0
       0
       0
       0
       0
       0
       0
       0
       0
       0
       0
       0
       0
       0
       0
       0
       0
       0
       0
       0
       0
       0
       0
       0
       0
       0
       0
       0
       0
       0
       0
       0
       0
       0
       0
       0
       0
       0
       0
       0
       0
       0
       0
       0
       0
       0
       0
       0
       0
       0
       0
       0
       0
       0
       0
       0
       0
       0
       0
       0
       0
       0
       0
       0
       0
       0
       0
       0
       0
       0
       0
       0
       0
       0
       0
       0
       0
       0
       0
       0
       0
       0
       0
       0
       0
       0
       0
       0
       0
       0
       0
       0
       0
       0
       0
       0
       0
       0
       0
       0
       0
       0
       0
       0
       0
       0
       0
       0
       0
       0
       0
       0
       0
       0
       0
       0
       0
       0
       0
       0
       0
       0
       0
       0
       0
       0
       0
       0
       0
       0
       0
       0
       0
       0
       0
       0
       0
       0
       0
       0
       0
       0
       0
       0
       0
       0
$ROI:
11
583 647
961 1022
1579 1617
1945 1972
2543 2573
3149 3192
3710 3760
4621 4695
5562 5597
6799 6831
13202 13243
$PRESETS:
None
0
0
$ENER_FIT:
0.397847 0.199192
$MCA_CAL:
3
3.978472E-001 1.991916E-001 0.000000E+000 keV
$SHAPE_CAL:
3
5.030225E+000 9.745300E-004 0.000000E+000
