$SPEC_ID:
No sample description was entered.
$SPEC_REM:
DET# 1
DETDESC# DESKTOP-9VUPE7E Model 927 SN 7115241 Input 1
AP# Maestro Version 7.01
$DATE_MEA:
12/15/2025 06:57:55
$MEAS_TIM:
2290 2333
$DATA:
0 16383
       0
       0
       0
       0
       0
       0
       0
       0
       0
       0
       0
       0
       0
       0
       0
       0
       0
       0
       0
       0
       0
       0
       0
       0
       0
       0
       0
       0
       0
       0
       0
       0
       0
       0
       0
       0
       0
       0
       0
       0
       0
       0
       0
       0
       0
       0
       0
       0
       0
       0
       0
       0
       0
       0
       0
       0
       0
       0
       0
       0
       0
       0
       0
       0
       0
       0
       0
       0
       0
       0
       0
       0
       0
       0
       0
       0
       0
       0
       0
       0
       0
       0
       0
       0
       0
       0
       0
       0
       0
       0
       0
       0
       0
       0
       0
       0
       0
       0
       0
       0
       0
       0
       0
       0
       0
       0
       0
       0
       0
       0
       0
       0
       0
       0
       0
       0
       0
       0
       0
       0
       0
       0
       0
       0
       0
       0
       0
       0
       0
       0
       0
       0
       0
       0
       0
       0
       0
       0
       0
       0
       0
       0
       0
       0
       0
       0
       0
       0
       0
       0
       0
       0
       0
       0
       0
       0
       0
       0
       0
       0
       0
       0
       0
       0
       0
       0
       0
       0
       0
       0
       0
       0
       0
       0
       0
       0
       0
       0
       0
       0
       0
       0
       0
       0
       0
       0
       0
       0
       0
       0
       0
       0
       0
       0
       0
       0
       0
       0
       0
       0
       0
       0
       0
       0
       0
       0
       0
       0
       0
       0
       0
       0
       0
       0
       0
       0
       0
       0
       0
       0
       0
       0
       0
       0
       0
       0
       0
       0
       0
       0
       0
       0
       0
       0
       0
       0
       0
       0
       0
       0
       0
       0
       0
       0
       0
       0
       0
       0
       0
       0
       0
       0
       0
       0
       0
       0
       0
       0
       0
       0
       0
       0
       0
       0
       0
       0
       0
       0
       0
       0
       0
       0
       0
       0
       0
       0
       0
       0
       0
       0
       0
       0
       0
       0
       0
       0
       0
       0
       0
       0
       0
       0
       0
       0
       0
       0
       0
       0
       0
       0
       0
       0
       0
       0
       0
       0
       0
       0
       0
       0
       0
       0
       0
       0
       0
       0
       0
       0
       0
       0
       0
       0
       0
       0
       0
       0
       0
       0
       0
       0
       0
       0
       0
       0
       0
       0
       0
       0
       0
       0
       0
       0
       0
       0
       0
       0
       0
       0
       0
       0
       0
       0
       0
       0
       0
       0
       0
       0
       0
       0
       0
       0
       0
       0
       0
       0
       0
       0
       0
       0
       0
       0
       0
       0
       0
       0
       0
       0
       0
       0
       0
       0
       0
       0
       0
       0
       0
       0
       0
       0
       0
       0
       0
       0
       0
       0
       0
       0
       0
       6
      77
     170
     236
     237
     224
     229
     215
     243
     266
     280
     217
     252
     225
     247
     259
     223
     259
     267
     267
     232
     267
     238
     247
     250
     235
     256
     272
     265
     261
     269
     264
     268
     279
     279
     298
     277
     291
     297
     280
     289
     286
     304
     289
     287
     278
     283
     288
     297
     307
     329
     303
     295
     310
     264
     273
     280
     270
     276
     270
     295
     282
     304
     269
     273
     273
     281
     254
     277
     275
     249
     266
     268
     245
     262
     272
     231
     252
     279
     229
     248
     256
     249
     260
     269
     258
     249
     246
     253
     273
     245
     256
     240
     241
     265
     276
     235
     265
     245
     266
     235
     239
     251
     241
     257
     277
     268
     245
     250
     259
     254
     232
     260
     235
     234
     224
     257
     240
     218
     247
     235
     255
     266
     264
     237
     296
     273
     262
     253
     260
     235
     274
     273
     290
     246
     269
     295
     247
     265
     242
     289
     265
     247
     250
     310
     268
     299
     250
     253
     280
     280
     281
     291
     230
     256
     274
     295
     281
     289
     272
     285
     290
     292
     292
     268
     273
     328
     266
     280
     278
     283
     300
     295
     312
     323
     286
     261
     336
     321
     292
     314
     301
     357
     312
     315
     317
     353
     305
     340
     317
     295
     330
     334
     352
     328
     347
     316
     389
     324
     361
     396
     468
     669
     963
    1539
    2279
    3014
    3518
    3655
    3197
    2516
    1797
    1085
     640
     436
     325
     277
     252
     250
     274
     256
     244
     276
     270
     263
     243
     295
     277
     274
     292
     249
     281
     251
     272
     284
     278
     270
     268
     284
     261
     280
     280
     272
     279
     277
     264
     307
     307
     281
     297
     288
     285
     248
     295
     320
     299
     297
     304
     296
     270
     280
     284
     299
     301
     309
     304
     296
     302
     312
     324
     317
     299
     336
     276
     316
     337
     339
     311
     318
     299
     302
     305
     317
     327
     304
     317
     288
     309
     325
     324
     315
     345
     343
     306
     312
     324
     283
     322
     302
     327
     296
     294
     355
     300
     300
     319
     346
     340
     307
     296
     297
     325
     315
     324
     330
     320
     310
     324
     326
     308
     333
     335
     320
     305
     310
     340
     316
     306
     331
     300
     322
     343
     328
     318
     310
     312
     346
     326
     319
     337
     306
     352
     326
     318
     314
     320
     333
     305
     281
     317
     319
     312
     318
     307
     329
     305
     352
     368
     336
     332
     325
     295
     330
     336
     320
     302
     304
     292
     298
     315
     352
     298
     329
     298
     309
     292
     318
     317
     306
     313
     318
     315
     279
     310
     306
     286
     316
     312
     311
     328
     309
     326
     280
     311
     294
     287
     303
     315
     263
     301
     307
     299
     299
     302
     292
     286
     272
     290
     269
     321
     295
     313
     341
     304
     337
     293
     288
     284
     307
     264
     267
     283
     305
     307
     314
     320
     303
     297
     313
     328
     294
     312
     288
     267
     304
     319
     314
     301
     283
     338
     312
     299
     315
     312
     290
     298
     260
     289
     328
     319
     287
     296
     284
     296
     314
     271
     307
     287
     292
     291
     304
     293
     296
     331
     303
     333
     283
     320
     284
     310
     292
     295
     315
     282
     297
     288
     286
     328
     283
     279
     302
     286
     306
     305
     298
     303
     298
     305
     278
     310
     284
     313
     272
     307
     309
     326
     301
     327
     288
     318
     308
     323
     304
     310
     309
     296
     300
     342
     298
     265
     303
     293
     307
     300
     322
     287
     319
     308
     340
     291
     282
     328
     287
     318
     350
     337
     317
     267
     291
     319
     297
     307
     287
     326
     282
     316
     315
     327
     308
     288
     297
     277
     286
     296
     346
     332
     305
     288
     321
     309
     308
     322
     304
     311
     305
     294
     316
     294
     322
     302
     323
     288
     306
     316
     338
     309
     297
     304
     318
     282
     307
     344
     305
     307
     296
     310
     336
     320
     304
     350
     379
     437
     493
     807
    1310
    2059
    3209
    4430
    5256
    5429
    5130
    4002
    2926
    1846
    1074
     606
     391
     313
     277
     227
     236
     276
     240
     235
     255
     222
     246
     237
     264
     235
     237
     252
     258
     243
     255
     226
     244
     212
     241
     251
     215
     231
     233
     262
     230
     221
     235
     236
     235
     271
     265
     249
     231
     222
     218
     230
     211
     230
     267
     231
     253
     223
     237
     224
     229
     244
     234
     227
     226
     234
     243
     231
     236
     257
     226
     227
     257
     206
     266
     252
     210
     258
     217
     241
     229
     255
     215
     241
     211
     240
     209
     215
     246
     234
     214
     245
     230
     238
     249
     225
     232
     244
     234
     252
     244
     224
     221
     253
     248
     216
     219
     239
     239
     240
     223
     230
     222
     229
     224
     222
     235
     208
     207
     228
     230
     221
     220
     258
     221
     242
     247
     243
     224
     227
     224
     221
     238
     221
     237
     207
     219
     203
     234
     229
     227
     224
     252
     231
     209
     216
     223
     208
     218
     215
     198
     236
     217
     235
     213
     227
     227
     234
     242
     218
     229
     210
     229
     211
     255
     231
     229
     211
     257
     223
     198
     213
     230
     226
     232
     227
     196
     228
     225
     238
     243
     206
     215
     242
     207
     206
     204
     211
     201
     248
     218
     223
     241
     228
     225
     244
     254
     236
     213
     220
     231
     205
     216
     198
     223
     226
     215
     236
     223
     239
     223
     249
     229
     243
     263
     244
     252
     236
     244
     219
     249
     225
     235
     230
     235
     264
     259
     283
     257
     248
     221
     238
     227
     241
     190
     226
     230
     231
     246
     228
     208
     218
     251
     213
     222
     227
     216
     227
     227
     204
     222
     207
     227
     203
     208
     209
     251
     232
     227
     221
     243
     228
     205
     233
     245
     226
     200
     219
     241
     228
     237
     217
     226
     203
     199
     193
     235
     185
     199
     225
     205
     231
     216
     245
     212
     192
     220
     243
     231
     205
     199
     214
     228
     244
     223
     221
     231
     220
     201
     214
     202
     223
     209
     199
     224
     232
     191
     234
     214
     215
     190
     232
     220
     215
     213
     233
     199
     206
     202
     225
     199
     228
     209
     233
     188
     206
     225
     211
     221
     223
     201
     215
     204
     204
     228
     222
     234
     186
     185
     216
     188
     216
     209
     201
     188
     218
     203
     213
     208
     222
     241
     201
     190
     212
     198
     214
     190
     209
     214
     221
     196
     214
     213
     197
     202
     204
     211
     206
     215
     207
     211
     197
     190
     204
     211
     197
     237
     190
     221
     190
     226
     219
     201
     224
     186
     198
     182
     185
     201
     210
     203
     225
     198
     207
     198
     236
     228
     187
     201
     205
     202
     205
     193
     207
     220
     219
     228
     212
     209
     260
     206
     209
     197
     222
     206
     209
     225
     196
     186
     195
     204
     190
     202
     199
     192
     187
     217
     186
     187
     195
     202
     202
     213
     211
     198
     192
     209
     219
     204
     178
     194
     204
     187
     205
     188
     190
     177
     182
     188
     205
     219
     206
     180
     197
     219
     210
     210
     199
     220
     208
     204
     192
     185
     188
     193
     181
     192
     188
     188
     175
     183
     185
     205
     187
     166
     190
     185
     210
     205
     198
     240
     158
     178
     180
     177
     160
     177
     198
     187
     200
     193
     201
     176
     193
     214
     196
     208
     201
     183
     194
     191
     168
     167
     184
     188
     172
     187
     202
     217
     200
     168
     179
     184
     188
     171
     188
     185
     164
     170
     179
     188
     201
     178
     184
     199
     170
     166
     163
     208
     188
     194
     170
     180
     179
     167
     140
     181
     187
     184
     188
     185
     195
     181
     168
     185
     171
     180
     175
     206
     203
     201
     181
     170
     166
     196
     207
     188
     193
     204
     178
     157
     198
     184
     183
     159
     161
     200
     191
     189
     181
     180
     190
     194
     174
     193
     199
     183
     238
     195
     194
     194
     193
     188
     166
     179
     194
     187
     188
     171
     168
     175
     185
     201
     156
     190
     177
     167
     166
     173
     178
     175
     191
     174
     188
     175
     174
     169
     189
     160
     179
     159
     170
     170
     165
     173
     181
     194
     189
     186
     181
     195
     220
     210
     167
     174
     187
     165
     164
     187
     152
     182
     176
     154
     185
     187
     160
     145
     179
     172
     157
     172
     172
     135
     163
     181
     165
     173
     162
     171
     174
     156
     155
     160
     189
     173
     169
     178
     189
     202
     187
     190
     172
     181
     150
     178
     156
     165
     150
     168
     146
     176
     160
     180
     182
     159
     159
     143
     175
     183
     146
     153
     167
     164
     176
     138
     151
     162
     164
     150
     171
     164
     153
     153
     152
     134
     157
     168
     160
     164
     139
     138
     145
     163
     146
     149
     144
     161
     155
     156
     163
     136
     155
     164
     148
     147
     174
     128
     164
     150
     142
     161
     160
     172
     153
     145
     159
     125
     153
     141
     141
     138
     156
     148
     167
     139
     125
     155
     157
     165
     162
     148
     171
     139
     151
     159
     164
     145
     149
     147
     142
     145
     142
     148
     169
     159
     145
     134
     141
     146
     131
     158
     149
     152
     157
     136
     126
     142
     152
     132
     146
     157
     179
     160
     141
     141
     141
     139
     148
     163
     154
     149
     181
     176
     158
     156
     136
     130
     155
     153
     157
     141
     142
     156
     151
     130
     154
     142
     139
     135
     155
     150
     152
     134
     127
     163
     105
     139
     164
     141
     130
     135
     143
     112
     138
     148
     151
     143
     150
     134
     137
     140
     133
     144
     139
     136
     132
     141
     141
     141
     127
     124
     121
     133
     158
     155
     146
     149
     161
     133
     133
     134
     125
     132
     137
     130
     131
     142
     132
     134
     127
     119
     154
     153
     149
     153
     146
     146
     136
     138
     135
     141
     155
     137
     163
     134
     140
     161
     124
     163
     134
     119
     136
     153
     143
     148
     127
     128
     134
     120
     126
     140
     117
     115
     126
     140
     138
     137
     143
     147
     145
     127
     148
     129
     147
     129
     140
     129
     119
     132
     119
     134
     132
     124
     123
     121
     139
     120
     114
     132
     138
     139
     120
     129
     120
     144
     135
     133
     125
     123
     123
     125
     130
     130
     121
     104
     117
     120
     133
     121
     116
     136
     122
     136
     118
     151
     110
     118
     130
     145
     105
     120
     124
     120
     111
     114
     125
     105
     132
     108
     107
     127
     138
     108
     122
     104
     138
     111
     114
     120
     110
     126
     136
     123
     122
     117
     105
     124
     119
     126
     112
     129
     134
     140
     109
     123
     124
     119
     129
     103
     115
     138
     135
     117
     125
     109
     101
     134
     123
     123
     111
     112
     113
     110
     116
     110
     133
     114
     111
     133
     114
     118
     109
     116
     134
     117
     137
     125
     112
     108
     114
     106
     122
     118
     121
      91
     108
     125
      99
     101
     115
     118
     115
     120
     120
     109
     115
     120
     111
     105
      95
     114
     107
     116
     107
     125
     112
     111
     117
      98
     116
     109
     109
     114
      83
     107
     125
     112
      89
     116
     108
     117
     113
     103
     123
     100
     129
     108
     111
     106
     109
     102
      87
     112
     124
     112
     108
     119
     126
     113
     126
     112
     110
     104
     124
     105
     100
      94
     109
     121
     104
     124
     119
     104
     141
     140
     159
     200
     269
     354
     399
     438
     449
     448
     338
     286
     232
     164
     139
     113
     104
     105
     113
     125
     114
      99
     103
     110
     110
     128
     107
     134
      96
     103
     101
     102
      92
      96
     109
      99
      96
     102
     111
     102
      80
     110
     115
     105
     103
      97
     103
     108
     106
     124
     115
     112
     109
     108
      94
     112
     104
      93
      97
      85
     104
      95
     121
      87
      94
     108
     100
     107
      99
     113
     102
     102
      80
     114
     105
     122
     119
     125
      88
     108
      99
     103
     100
     110
      98
     102
     117
     120
     115
     110
     122
     116
     111
     115
     109
     113
     119
     108
     144
     130
     137
     155
     141
     164
     124
     140
     114
     109
      98
     106
      96
      92
     102
      84
     100
     102
     110
      85
      88
      99
     101
      84
      91
     111
     103
      86
     120
      95
      79
     116
      98
      79
      87
     110
      70
     117
     106
     100
     118
     108
      95
     101
     103
      82
     106
     101
     107
     114
     100
      85
      93
     104
     106
      79
     109
     100
      87
      76
      90
      79
      98
      96
     105
      84
      93
      94
     115
      89
     110
      98
      84
      87
     115
      94
      88
      95
      99
      86
      95
      90
      91
      85
      75
      92
      87
      87
      89
      82
      91
      85
      94
      80
      90
      90
     105
      88
      96
      99
      92
      87
      81
     100
      93
      92
      87
      99
     102
      99
      92
      88
     103
      81
      99
      83
      84
      82
     104
      93
      87
      86
      91
      89
     101
      94
      74
      73
     101
      97
      76
      84
      90
      83
      93
      83
      83
     103
      77
      99
      91
      91
      89
      91
     100
      77
     101
      89
     103
      74
      98
     105
      91
      67
      77
      80
      83
      79
      85
      81
      89
      83
      79
      82
      78
      93
      81
      95
      78
      92
      91
      92
      80
      97
      91
      81
      95
     102
      82
      71
      91
      97
     104
     108
      82
     100
      70
      81
      97
      87
      81
      73
      87
      86
     102
      96
      94
      83
      99
      70
      80
      85
      73
      78
     104
      78
      87
      89
      95
      92
      93
      70
      88
      97
      80
      84
      68
      95
      94
     103
     121
     143
     136
     183
     166
     168
     187
     139
     126
     123
     120
      91
     109
      88
      84
      72
     100
      88
      87
      84
      73
      73
      88
      74
      92
      96
      89
      84
      75
      81
      80
      84
      85
      75
      76
      87
      77
      73
      69
      82
      81
      67
      74
      75
      93
      61
      71
      70
      60
      77
      97
      74
      85
      74
      92
      63
      79
      87
      75
      77
      77
      67
      80
      97
      91
      98
      79
      84
      70
      72
      65
      92
      74
      68
      84
      94
      80
      63
      74
      69
      55
      89
      73
      76
      66
      79
      55
      70
      75
      76
      94
      80
      71
      86
      81
      72
      83
     103
      78
      87
      55
      73
      73
      85
      89
      69
      68
      86
      51
      74
      97
      76
      81
      72
      80
      65
      77
      90
      60
      81
      86
      90
      78
      84
      83
      74
     103
      85
      69
      89
      81
      76
      79
      77
      74
      68
      56
      51
      70
      82
      72
      76
      72
      87
      85
      77
      97
      89
      78
      86
      68
      70
      81
      82
      69
      74
      75
      93
     112
      84
      89
      90
     115
     140
     138
     162
     198
     214
     235
     239
     290
     342
     343
     391
     376
     391
     442
     409
     350
     341
     310
     282
     228
     202
     186
     166
     125
     140
     122
      99
     111
      89
      79
      95
      81
      89
      62
      60
      63
      82
      78
      83
      61
      87
      79
      61
      78
      80
      79
      69
      66
      86
      76
      69
      71
      67
      69
      66
      63
      58
      65
      66
      76
      77
      51
      65
      67
      72
      65
      71
      65
      67
      54
      71
      56
      66
      71
      67
      68
      65
      62
      73
      79
      60
      68
      58
      71
      75
      64
      66
      73
      70
      52
      82
      61
      71
      78
      73
      60
      67
      57
      64
      73
      76
      70
      71
      63
      92
      67
      66
      63
      63
      70
      51
      79
      64
      55
      81
      60
      53
      47
      64
      59
      77
      46
      66
      68
      56
      65
      88
      74
      54
      53
      71
      65
      68
      58
      65
      51
      46
      73
      60
      51
      63
      81
      50
      65
      63
      52
      80
      60
      61
      47
      59
      68
      50
      64
      73
      66
      62
      58
      80
      84
      74
      64
      65
      70
      60
      76
      64
      83
      80
      83
      85
      98
      77
      92
      92
      78
      74
      65
      54
      76
      68
      57
      69
      59
      70
      51
      55
      80
      63
      49
      70
      69
      72
      66
      59
      59
      59
      61
      71
      86
     116
     143
     233
     391
     484
     779
    1062
    1225
    1394
    1458
    1387
    1162
     944
     618
     420
     260
     170
     142
     135
     156
     195
     229
     265
     277
     295
     255
     202
     192
     159
     118
      81
      75
      64
      59
      52
      52
      58
      60
      55
      67
      57
      52
      61
      60
      48
      43
      59
      49
      64
      53
      50
      59
      62
      47
      59
      43
      57
      60
      59
      49
      48
      48
      67
      47
      51
      58
      80
      45
      66
      42
      57
      57
      58
      56
      54
      63
      57
      54
      50
      65
      49
      53
      44
      63
      56
      60
      51
      45
      43
      50
      58
      57
      47
      49
      50
      49
      54
      39
      64
      52
      50
      40
      47
      50
      56
      67
      67
      63
      60
      62
      68
      93
      87
      86
     141
     149
     156
     188
     162
     165
     147
     136
     108
      82
      80
      69
      58
      48
      39
      65
      45
      49
      55
      47
      72
      51
      66
      48
      45
      46
      51
      54
      56
      52
      58
      69
      50
      44
      45
      57
      49
      52
      52
      59
      60
      54
      55
      61
      56
      60
      57
      46
      42
      41
      62
      52
      66
      53
      47
      63
      53
      63
      63
      71
      64
      51
      69
      65
      65
      59
      43
      52
      55
      66
      49
      50
      39
      53
      50
      54
      57
      52
      52
      62
      65
      48
      55
      51
      57
      51
      56
      46
      51
      55
      69
      47
      50
      56
      44
      58
      49
      51
      42
      47
      45
      59
      53
      39
      54
      43
      47
      60
      50
      41
      54
      55
      38
      67
      60
      59
      57
      54
      52
      59
      52
      69
      50
      51
      68
      56
      48
      63
      53
      52
      46
      50
      56
      43
      54
      59
      57
      67
      49
      46
      68
      50
      65
     103
     113
     183
     253
     369
     476
     563
     656
     732
     730
     613
     447
     390
     252
     178
     110
      73
      75
      56
      50
      48
      57
      51
      55
      44
      54
      68
      62
      42
      37
      47
      47
      47
      44
      53
      43
      44
      56
      42
      37
      43
      46
      69
      58
      65
      46
      60
      79
      81
      85
      96
      88
     133
     187
     201
     283
     301
     341
     302
     293
     235
     173
     145
      97
      83
      54
      58
      38
      52
      47
      61
      56
      48
      58
      55
      44
      61
      37
      47
      44
      46
      40
      50
      47
      65
      68
      85
     118
     143
     150
     193
     171
     185
     172
     124
     116
      94
      76
      66
      71
      53
      71
      67
      56
      44
      44
      48
      52
      44
      51
      42
      56
      53
      53
      42
      37
      48
      52
      48
      44
      45
      37
      48
      47
      50
      40
      44
      37
      47
      46
      42
      49
      46
      52
      32
      40
      44
      59
      50
      53
      53
      82
      73
     106
     174
     265
     385
     530
     620
     807
     886
     939
     951
     825
     632
     467
     312
     218
     139
      90
      59
      66
      69
     112
     144
     156
     156
     216
     211
     208
     204
     226
     169
     210
     160
     147
      96
      81
      70
      49
      51
      45
      42
      36
      44
      48
      41
      46
      43
      44
      41
      46
      38
      44
      51
      44
      43
      41
      42
      41
      55
      39
      29
      43
      43
      49
      29
      45
      41
      46
      45
      39
      39
      50
      45
      38
      41
      45
      33
      28
      41
      46
      37
      37
      56
      35
      45
      31
      48
      44
      47
      57
      39
      48
      41
      43
      45
      42
      44
      42
      39
      41
      45
      29
      48
      49
      48
      43
      37
      42
      49
      46
      43
      47
      37
      47
      33
      31
      48
      44
      42
      50
      47
      68
      69
      84
     109
     116
     132
     124
     127
     116
     120
     111
      68
      77
      45
      50
      43
      50
      39
      37
      41
      46
      42
      36
      44
      42
      32
      42
      42
      36
      38
      30
      36
      38
      40
      35
      35
      53
      34
      48
      31
      30
      35
      32
      45
      45
      35
      36
      35
      41
      44
      37
      39
      35
      37
      48
      42
      42
      39
      28
      47
      28
      44
      58
      50
      55
      61
      53
      49
      67
      60
      50
      45
      59
      34
      39
      34
      36
      49
      40
      42
      39
      38
      42
      44
      41
      33
      39
      34
      34
      40
      39
      39
      33
      33
      29
      41
      34
      37
      44
      50
      30
      46
      21
      39
      37
      44
      40
      44
      44
      38
      43
      37
      40
      35
      45
      60
      53
      83
     114
     164
     276
     371
     512
     682
     863
    1010
    1029
    1016
     895
     699
     567
     368
     228
     138
      94
      56
      42
      41
      37
      36
      31
      28
      34
      37
      42
      35
      37
      39
      40
      49
      40
      42
      40
      51
      53
      42
      44
      39
      45
      42
      34
      35
      37
      31
      40
      34
      33
      30
      34
      33
      36
      36
      34
      34
      38
      37
      34
      46
      35
      46
      40
      35
      39
      44
      30
      36
      30
      35
      29
      29
      33
      35
      39
      35
      28
      37
      32
      38
      28
      30
      54
      33
      39
      28
      36
      32
      31
      49
      37
      32
      31
      27
      33
      47
      56
      50
      75
     104
     127
     147
     167
     152
     147
     158
     134
     112
      73
      56
      55
      35
      30
      37
      42
      24
      32
      28
      32
      36
      33
      33
      38
      29
      26
      28
      35
      32
      39
      34
      39
      40
      42
      43
      50
      34
      41
      42
      53
      33
      38
      57
      46
      42
      30
      33
      35
      36
      32
      41
      32
      31
      34
      32
      27
      29
      37
      28
      31
      29
      32
      29
      29
      35
      36
      23
      19
      39
      24
      32
      44
      36
      27
      34
      28
      30
      32
      29
      34
      29
      27
      35
      22
      27
      34
      36
      39
      24
      33
      49
      42
      43
      47
      59
      52
      51
      54
      37
      48
      42
      38
      32
      31
      36
      31
      36
      35
      27
      41
      34
      35
      27
      29
      31
      36
      34
      31
      30
      25
      36
      32
      27
      49
      30
      21
      40
      31
      22
      33
      29
      27
      22
      42
      31
      29
      33
      35
      21
      40
      28
      36
      48
      69
      63
      65
      88
     134
     132
     165
     184
     166
     155
     150
     122
      73
      61
      58
      50
      31
      30
      25
      38
      31
      30
      40
      32
      28
      31
      31
      26
      32
      36
      30
      28
      29
      42
      30
      32
      35
      28
      23
      32
      18
      31
      41
      31
      37
      24
      28
      36
      36
      35
      29
      32
      24
      44
      34
      23
      29
      32
      32
      26
      31
      23
      23
      22
      39
      29
      26
      19
      31
      31
      26
      29
      29
      27
      27
      31
      31
      32
      34
      26
      32
      46
      51
      50
      60
      88
      99
     141
     171
     195
     163
     168
     150
     111
      86
      84
      45
      32
      44
      45
      37
      20
      20
      36
      44
      41
      51
      54
      80
     101
     130
     174
     225
     233
     259
     278
     244
     222
     212
     153
     111
      77
      51
      50
      50
      33
      48
      58
      48
      56
      44
      51
      31
      31
      21
      24
      26
      34
      21
      31
      22
      22
      27
      18
      26
      26
      23
      32
      26
      24
      30
      36
      26
      28
      27
      18
      31
      28
      21
      27
      22
      32
      19
      26
      27
      32
      25
      20
      26
      28
      27
      27
      29
      20
      20
      29
      19
      20
      23
      35
      30
      20
      23
      29
      25
      28
      18
      29
      28
      25
      30
      27
      26
      22
      25
      33
      33
      23
      26
      29
      38
      26
      28
      30
      32
      29
      32
      29
      25
      26
      21
      31
      26
      24
      26
      25
      29
      24
      29
      29
      25
      26
      27
      35
      30
      19
      23
      24
      32
      35
      34
      29
      36
      30
      33
      20
      26
      21
      24
      23
      23
      32
      28
      20
      21
      25
      29
      24
      29
      17
      28
      22
      23
      30
      34
      30
      22
      16
      20
      27
      24
      19
      25
      29
      16
      20
      12
      20
      30
      33
      33
      28
      23
      33
      27
      29
      26
      23
      27
      23
      27
      27
      31
      27
      24
      21
      25
      18
      21
      29
      15
      32
      20
      35
      16
      26
      29
      18
      24
      22
      29
      27
      29
      16
      33
      21
      32
      27
      28
      27
      28
      29
      28
      32
      31
      23
      24
      27
      25
      19
      30
      22
      36
      30
      18
      21
      20
      27
      12
      32
      25
      30
      25
      29
      28
      29
      23
      30
      19
      25
      24
      26
      26
      22
      26
      27
      27
      38
      23
      25
      25
      20
      33
      20
      25
      26
      23
      16
      28
      32
      20
      20
      35
      30
      59
      80
      92
     126
     199
     257
     297
     360
     447
     451
     426
     401
     316
     249
     180
     122
      75
      50
      49
      33
      22
      18
      25
      24
      18
      19
      25
      21
      22
      14
      21
      29
      22
      23
      28
      15
      19
      29
      24
      17
      21
      16
      21
      33
      21
      27
      16
      21
      16
      21
      17
      25
      23
      23
      29
      17
      20
      17
      20
      19
      29
      21
      22
      31
      33
      21
      29
      29
      29
      23
      16
      29
      27
      25
      29
      26
      28
      11
      27
      29
      25
      21
      20
      32
      15
      20
      26
      29
      26
      22
      26
      21
      28
      24
      22
      18
      24
      17
      22
      28
      17
      20
      18
      33
      17
      17
      24
      16
      27
      34
      21
      17
      24
      17
      22
      20
      18
      17
      19
      25
      24
      18
      24
      23
      29
      23
      21
      19
      27
      27
      22
      21
      21
      21
      15
      17
      18
      20
      17
      22
      22
      25
      18
      18
      19
      21
      18
      19
      15
      21
      15
      26
      16
      21
      23
      21
      28
      28
      20
      26
       9
      27
      31
      16
      19
      27
      20
      21
      20
      21
      27
      18
      13
      23
      25
      19
      34
      23
      22
      20
      24
      22
      20
      33
      44
      41
      52
      47
      58
      68
      74
      70
      66
      72
      29
      38
      28
      32
      20
      25
      21
      24
      17
      27
      24
      24
      19
      12
      31
      21
      25
      21
      15
      19
      20
      34
      23
      21
      18
      11
      26
      26
      31
      27
      19
      20
      21
      18
      17
      22
      22
      16
      18
      22
      15
      15
      13
      34
      34
      42
      33
      59
      95
     156
     200
     274
     417
     477
     551
     605
     593
     525
     482
     405
     303
     203
     124
      69
      68
      43
      32
      28
      21
      17
      19
      18
      23
      22
      20
      23
      26
      14
      16
      15
      12
      13
      21
      14
      22
      19
      24
      22
      21
      19
      12
      25
      19
      27
      21
      22
      24
      22
      33
      43
      54
      97
     115
     135
     191
     220
     218
     230
     236
     201
     145
     131
     102
      57
      53
      32
      28
      23
      16
      23
      18
      14
      16
      18
      20
      20
      16
      26
      19
      11
      22
      17
      21
      22
      16
      18
      19
      15
      10
      24
      18
      12
      18
      23
      18
      16
      23
      17
      15
      10
      21
      19
      18
      22
      16
      16
      31
      17
      17
      16
      15
      24
      20
      16
      26
      28
      31
      49
      49
      63
      72
      58
      69
      60
      47
      49
      36
      38
      29
      17
      28
      14
      16
      20
      23
      14
      16
      15
      13
      21
      14
      19
       9
      19
       8
      12
      15
      21
      19
      23
      22
      17
      19
      16
      20
      10
      12
      16
      17
      25
      20
      20
      20
      20
      15
      21
      23
      35
      30
      25
      26
      34
      28
      28
      26
      35
      30
      32
      16
      20
      22
      22
      18
       9
      12
      18
      13
      12
      13
      17
      20
      17
      17
       8
      22
      11
      21
      20
      24
      20
      15
      14
      13
      14
      17
      12
      17
      16
      18
      14
      22
      15
      13
      12
      12
      22
      19
      21
      22
      31
      21
      21
      15
      21
      12
      18
      14
      16
      17
      16
      21
      35
      38
      46
      82
     103
     116
     152
     202
     253
     286
     272
     263
     220
     185
     153
     106
      82
      55
      46
      30
      24
      27
      25
      22
      17
      22
      15
      13
      25
      13
      13
      21
      21
      15
      12
      12
      15
      18
      14
      20
      14
      15
      20
      31
      16
      24
      17
      25
      19
      17
      20
      11
      22
      18
      14
      23
      21
      16
      19
      23
      16
      16
      18
      19
      19
      11
      14
      20
      23
       9
      19
      14
      18
      10
      15
      14
      18
      10
      14
      18
      16
      17
      16
       9
      17
      18
       7
      17
      20
      18
       8
      12
      17
      19
      21
      24
      22
      28
      25
      17
      26
      15
      18
      14
      15
      10
      15
      13
      14
      23
      19
      19
      18
      27
      27
      31
      33
      44
      39
      35
      36
      34
      35
      21
      18
      17
      16
      20
      12
      18
      14
      10
      14
      15
       6
      11
      14
      17
       8
       8
      15
      18
      14
      11
      13
      17
      18
      14
       9
      16
      18
      15
       7
       8
      15
      10
      16
      15
      10
      15
      14
      11
      17
      13
      17
      13
      18
      19
      15
      17
      22
      17
      13
      11
      12
      13
       9
      12
      15
      12
      17
      14
      16
      21
      22
      19
      24
      16
      23
      28
      19
      38
      39
      36
      48
      37
      46
      48
      52
      62
      82
     122
     131
     192
     223
     238
     282
     252
     260
     240
     174
     141
     101
      74
      42
      38
      16
      18
      13
      15
      13
      17
      14
      14
      15
      20
      22
      16
      13
      14
      11
      16
      19
      13
      13
      14
      11
      12
      12
      13
       7
      17
      18
      23
      13
       9
      12
      19
      24
      23
      17
      28
      27
      24
      30
      28
      18
      21
      17
      16
      13
      20
      12
       9
      18
      16
      17
      13
      13
       7
       9
      13
      14
      17
      11
      19
      12
       9
      12
      20
      18
      12
      12
      13
      10
      13
      10
      13
      16
      16
      18
      14
      18
      13
      11
      16
      12
       7
      12
      14
      11
      10
      15
       9
      12
      10
       9
      11
      13
      17
      15
      27
      46
      60
      68
      87
     146
     168
     204
     246
     275
     284
     288
     247
     189
     135
     100
      94
      66
      37
      23
      14
      16
      13
      12
       6
       6
      14
      14
      10
      13
       8
      14
       7
      10
      12
      12
       9
      10
      10
      12
      13
      16
      10
      13
      13
      18
      14
      11
      13
      18
      16
      18
      14
       8
      13
       9
      13
      12
      10
      19
      15
      20
      23
      22
      21
      27
      27
      37
      47
      38
      36
      38
      22
      19
      16
      13
      14
      21
      20
      20
       9
      14
      11
      14
      15
      18
      12
       9
       6
       7
      14
      11
       8
      13
      13
      10
      12
      13
       9
      16
      14
      12
      11
      15
      10
       8
      11
      13
      10
      16
       9
       8
      17
      17
      16
      23
      18
      16
      20
      11
      25
      19
      11
      12
      15
      15
      13
      17
      14
      15
       8
       9
      19
      16
      12
       9
      10
      15
      12
      13
      13
      10
      17
      27
      18
      20
      25
      38
      24
      30
      23
      24
      21
      23
      17
      10
      10
      13
      16
       9
      11
       9
      17
      12
      12
      19
      15
      16
      17
      18
      12
      12
      19
      12
      18
       9
      16
      12
      18
      20
      12
      19
      13
      16
       8
      15
      11
      11
       6
      11
      16
      11
       8
      13
      13
       7
       7
       8
       8
      15
      16
       9
      12
      12
      15
      13
      10
      13
       8
       8
      11
       9
      17
      17
      11
      13
      13
      11
      11
      10
       9
      13
      16
      18
      10
       5
      11
       7
       8
      13
       7
      11
       7
       8
      12
      12
      16
      11
      19
       7
       7
      15
      10
      17
      14
      17
       7
      11
       7
       7
      16
      14
       9
      17
      15
      12
      15
      11
      15
      12
       8
      11
      13
      11
       1
      16
       9
      12
       9
      19
      15
      12
      18
      16
       6
      16
      14
       7
      12
      13
      12
      11
       8
       9
       7
      11
      14
       9
      13
       9
      10
      11
      10
      18
      15
      14
      14
      12
      16
      12
      17
      13
      16
      16
      11
      10
      12
      12
      10
      10
      12
      15
      12
       6
       8
       5
       7
       8
       9
      10
      13
      10
      14
      10
      10
       9
      13
      14
      10
      11
      10
       9
      11
      14
      10
       8
      12
      10
      10
      17
      11
      10
      12
       3
      14
      13
      13
      14
      15
       7
      11
       9
       7
      13
      10
       7
      12
       7
       3
       6
      10
      13
      10
      10
      14
       6
      17
      13
       5
      14
      11
      15
      11
       6
      11
      11
       8
       7
      11
       7
      14
       9
       9
      11
       7
      10
       6
      14
      12
      14
       5
      17
      16
      15
      20
      24
      33
      46
      59
      48
      65
      77
      77
      55
      54
      38
      48
      32
      36
      28
      20
      21
      16
      25
      26
      35
      45
      56
      73
      75
      79
      75
      63
      45
      59
      49
      26
      25
      23
      16
      14
      15
      11
      12
       6
       8
      10
      12
       8
       9
      11
       6
      13
      11
      11
      12
      11
      10
      12
      16
      15
      17
       7
       5
      10
      13
       6
      10
       7
      11
       9
       8
      15
      11
      10
      10
       8
       6
      12
       6
      15
      11
      11
      10
       6
       8
      12
      12
       4
       6
       9
      12
       7
      12
       9
      14
      10
      11
       3
      13
       3
       7
       9
       9
      15
      10
      11
      13
       8
       9
       7
       5
      12
      11
       6
       4
      10
       9
       8
       4
       9
       7
       8
      12
       5
      14
      10
      21
      14
      15
      20
      19
      21
      13
      23
      23
      30
      22
      12
      19
      18
      12
      11
      11
       7
      10
       9
       9
       6
      11
      12
       7
      10
       9
      15
      22
       6
      12
      26
      18
      20
      17
      10
      16
      11
      12
       3
       5
      11
       4
       8
      19
      13
      10
      13
      11
      11
      14
       6
      11
       3
      11
       7
       8
       7
       8
      10
      10
       4
       8
       8
      10
      10
      14
       6
       5
      11
       5
       7
      10
       9
       6
      13
       9
      15
      10
       8
      10
      11
      10
      11
      14
      21
      12
      10
      20
      27
      47
      50
      69
     109
     164
     226
     245
     356
     359
     412
     361
     402
     357
     306
     228
     165
     116
      78
      53
      44
      28
      10
       9
       8
       8
       6
       5
       9
       6
       7
      12
      12
      13
      12
       5
      10
      10
      12
      11
      11
       9
       7
       4
       2
      10
      10
       6
       6
      12
       4
       5
      10
      16
      13
      10
       9
      13
       4
       8
      11
       2
       7
       6
      12
       5
      11
       4
       9
       5
       5
       7
      11
       9
       9
       5
       8
       3
       6
       5
       7
       8
       4
       5
      10
       7
      10
      11
       6
       6
       9
       7
       5
       4
      11
       9
       6
       8
       6
      10
       7
       5
      12
      10
      15
       5
       5
       8
      10
       7
       7
      10
      12
       7
       6
       8
       5
       8
       6
       5
       8
       8
       7
       8
       8
       7
       4
       4
       6
       6
       4
       4
       6
       4
       7
      15
      10
       6
       6
       8
       8
      12
      12
       8
      15
      11
      12
       9
      10
      10
       9
       5
       6
       9
       3
       2
       7
       9
      10
       8
      12
       6
       7
      11
       7
       7
       4
       6
       8
       6
       6
       6
       8
       5
       8
       4
       8
       9
       8
       5
      12
       8
       6
       3
       8
       6
       8
       8
       9
       7
       8
      11
       8
      12
      12
      12
      16
      15
      21
      34
      31
      34
      30
      43
      38
      33
      29
      29
      31
      17
       9
      18
      10
       6
       9
       9
       7
      10
       8
      10
       6
       7
      12
      16
      18
      29
      23
      27
      30
      21
      34
      22
      15
      15
      11
      14
      13
       7
       4
       8
       6
       8
       5
       7
       6
       5
       8
       5
       0
       4
       4
       9
       7
       7
       9
       6
       4
       7
       7
       9
       7
       4
      10
       7
      12
       5
       7
       6
       2
       8
       9
       4
       3
       8
       7
       2
       8
       6
       6
       8
       3
       4
      11
       6
       8
       9
      10
       6
       3
      10
       7
       6
       5
       6
       4
       6
       7
       5
       6
       5
       7
       1
       6
       2
       6
       4
       5
       6
       4
      11
       8
       4
       5
       4
      10
       7
       7
       7
       3
       9
       4
       6
      10
       8
       5
       3
       5
       3
       4
      10
       5
       7
       3
       4
      13
       3
       6
       9
       5
       6
       6
       6
       9
       3
       8
       7
       4
       7
       6
       8
       5
      11
       8
       8
       8
      15
      14
      17
      15
      26
      24
      17
      17
      19
      11
      14
       8
      13
       8
       8
       5
       7
      10
       8
       6
      10
       9
       9
       8
       6
       9
       7
      10
       8
       9
      10
       8
       5
       3
       6
       6
       2
       4
       7
       6
      11
       4
       7
       3
       4
       6
       4
       7
       9
       6
       9
       4
       7
       5
       8
       8
       9
       5
       6
      10
       6
       6
       5
       6
       8
       6
      11
       5
       6
       6
       4
       6
       9
      10
       7
       6
       8
       6
       7
       6
       3
       7
       5
       7
       8
      11
       4
       4
       2
       3
       5
       8
       4
       8
       4
      12
       8
       7
       9
       3
       8
       4
       9
       3
       7
       6
       3
       6
       7
       7
       9
       8
       9
       4
       7
       3
       7
       4
      13
       5
       4
      11
       6
       3
       4
       7
       6
       8
       7
       6
       6
       7
       7
       8
      10
       7
       3
       2
       6
       9
      10
       6
      13
      10
      13
      15
      11
      10
      17
      13
      12
      21
      19
      15
       7
      11
       5
      10
       8
      10
       7
       6
       6
       6
       5
      12
       7
      10
      14
      21
      19
      25
      20
      26
      13
      20
      10
      18
       9
       9
      11
      16
      10
      15
      12
      14
      15
      20
      22
      18
      16
      21
       5
      10
      11
       6
       7
      14
       3
       5
       4
       8
       4
       1
       8
       6
       5
       4
       6
       4
       4
       3
       7
       4
       6
       9
       4
       5
       9
      11
       8
       6
       3
       0
       5
       8
       6
       5
       4
       6
      10
       8
       3
       3
       0
       5
       5
       6
       5
       6
       0
       4
      14
       4
       8
       5
       8
       7
       7
       6
       6
      16
      13
      15
      20
      15
      17
      15
      15
      18
      14
      12
      11
       8
       8
       7
       8
       7
       6
       4
       7
       3
       6
       4
       7
       9
       4
       6
       6
       5
       4
       6
       8
       7
       3
       2
       8
       6
       8
       8
       1
       2
       4
       4
       6
       5
       3
       4
       8
       7
       5
       5
       5
       9
      14
      12
       5
       5
       7
      10
      14
      11
      12
       6
       9
      11
       5
       6
       7
       6
       9
       7
       6
       3
       2
       5
       1
       5
       2
       9
       7
      12
       7
       5
       6
       4
       4
       6
       4
       5
       6
       7
       3
       7
      10
       4
       4
       5
       2
       6
      12
       3
       6
       5
       7
       6
       7
       3
       5
       9
       3
       5
       6
       6
       6
       7
       7
       6
       5
       5
       5
       7
       4
       5
       7
       9
      11
       6
      10
       5
       2
       4
       5
       3
       6
       6
       5
       3
       5
       4
       4
       6
       6
       7
       3
       9
       4
       6
       6
       4
       3
       7
      10
       1
       3
       3
       1
       7
       4
       2
       2
       6
       5
      10
       7
       4
       2
       7
       5
       3
       2
       1
       5
       4
       8
       4
       3
       2
       2
       3
       5
       1
       7
       4
       8
       2
       7
       7
       5
       6
       3
       7
       8
       4
       6
       6
      10
       4
       6
      10
      14
      17
      27
      33
      29
      56
      74
     107
     136
     202
     197
     249
     258
     258
     247
     231
     228
     182
     150
      96
      88
      55
      26
      21
      14
       6
       7
       6
       1
       4
       3
       2
       4
       8
       5
       4
       5
       5
       4
       5
       5
       2
       1
       6
       4
       6
       7
       6
       2
       5
       6
       9
       3
       2
       3
       5
       4
       4
       3
       4
       4
       3
       5
       6
       2
       4
       6
       1
       4
       4
       6
       4
       4
      10
       6
       8
       5
       5
       9
       7
       9
      10
       6
      14
      10
       3
       6
      12
       7
       8
       9
      10
      10
      10
      20
      19
      24
      27
      60
      42
      50
      53
      47
      47
      45
      27
      21
      18
      11
      14
      11
       9
       7
       6
       4
       5
       6
       5
       1
       4
       4
       5
       7
       8
       6
       6
       7
       4
       2
       7
       5
       6
       1
       6
       4
       1
       7
       4
       5
       3
       3
       4
       3
       4
      10
       2
       1
       3
       4
       7
       2
       1
       7
       7
       6
       7
       8
       4
       8
       3
       5
       3
       3
       7
       4
       7
       7
       4
       3
       4
       1
       3
       4
       5
       4
       2
       7
       4
       5
       5
       5
      10
       3
       2
       2
       2
       8
       4
       8
      10
       7
      10
      10
      11
      19
      14
      12
      12
      14
       7
       9
       3
       7
       6
       5
       4
       5
       5
       7
       3
       4
       3
       4
       2
       4
       1
       4
       5
       2
       1
       6
       5
       8
       2
       1
       5
       6
       4
       6
       4
       9
       5
       6
       4
       3
       5
       5
       3
       1
       3
       6
       4
       4
       5
       1
       3
       3
       3
       8
       2
       3
       8
       4
       5
       6
       5
       5
       2
       6
       5
       7
       2
       3
       4
       4
       6
       6
       3
       4
       3
       7
       3
       5
       4
       2
       6
       4
       2
       1
       4
       4
       3
       6
       2
       4
       7
       4
       4
       8
       3
       5
       6
       8
       3
       3
       3
       6
       6
       2
       5
       9
      10
       7
       8
       5
       5
      13
       8
      12
      18
       5
      12
       7
       4
       6
       4
       8
       6
       5
       3
       6
       4
       4
       4
       6
       6
       5
       8
       6
       3
       4
       5
       1
       3
       3
      11
       2
       2
       4
       1
       5
       4
       7
       2
       5
       7
       7
       2
       5
       5
       3
       5
       0
       3
       1
       3
       6
       6
       5
       6
       4
       8
       7
       2
       4
       8
       3
       7
       7
       4
       9
       4
       8
       7
       5
       9
       8
      13
       9
       9
      12
      15
      15
      17
      14
      13
      16
       7
       6
      10
       4
       8
       3
       2
       5
       4
       2
       4
       3
       4
       3
       2
       5
       3
       9
       8
       7
      11
       8
      16
       8
       5
      10
       9
       9
       8
       6
       9
       5
       6
       4
       4
       4
       3
       2
       3
       6
       3
       4
       3
       3
       3
       4
       1
       8
       4
       1
       5
       5
       8
       5
       5
       2
       7
       8
       3
       0
       3
       3
       3
       2
       7
       4
       5
       3
       2
       5
      11
      10
       9
       8
       6
       5
       9
      11
      16
       9
      10
      11
       6
       8
      11
       8
       9
       3
       7
       6
      10
      13
      14
      16
      19
      15
      14
      19
      18
      16
      13
       4
       4
       6
       3
       5
       4
       5
       6
       3
       1
       5
       2
       5
       3
       2
       3
       2
       7
       2
       2
       3
       2
       4
       1
       4
       3
       4
       3
       4
       2
       4
       4
       2
       1
       1
       2
       5
       2
       2
       1
       8
       2
       0
       4
       2
       7
       5
      10
       4
       7
       7
      15
      15
      21
      23
      20
      25
      36
      20
      25
      14
      24
      15
      14
       5
       9
       8
       5
       5
       2
       6
       3
       1
       2
       7
       4
       5
       7
       6
       6
       9
       4
      11
       8
       9
       8
      11
      14
      11
       8
      10
       7
       6
       3
       7
       9
       6
       5
       8
       3
       6
       5
      11
       2
       4
       3
       7
       4
       7
       3
       6
       5
       2
       4
       4
       5
       4
       8
       1
       4
       1
       6
       5
       2
       3
       3
       8
       6
       5
       9
      11
       8
      11
      14
      13
      23
      23
      13
      21
      13
      15
      11
       9
       6
       4
       5
       5
       8
       5
      12
       9
       6
       7
       7
       5
       3
       1
       6
       5
       2
       1
       7
       5
       4
       2
       3
       4
       2
       6
       1
       3
       3
       3
       2
       6
       2
       3
       3
       3
       2
       1
       4
       3
       3
       6
       2
       2
       5
       4
       3
       3
       1
       2
       4
       3
       3
       4
       3
       4
       3
       2
       4
       4
       6
       5
       3
       2
       1
       1
       4
       1
       3
       1
       2
       2
       7
       6
       5
       6
       2
       2
       6
       8
       2
       5
       4
       3
       7
       5
       3
       2
       8
       4
       6
       3
       5
       2
       3
       3
       2
       4
       4
       4
       1
       1
       4
       5
       5
       7
       5
       1
       3
       2
       5
       3
       4
       5
       7
       4
       3
       2
       3
       1
       3
       6
       5
       3
       4
       1
       2
       4
       3
       2
       3
       2
       3
       8
       0
       3
       5
       0
       3
       7
       2
       2
       6
       6
       3
       4
       6
       6
       2
       4
       5
       7
       6
       1
       2
       3
       3
       1
       5
       1
       3
       6
       1
       3
       6
       5
       1
       3
       4
       5
       3
       4
       5
       7
       2
       2
       4
       2
       2
       3
       3
       1
       2
       5
       3
       1
       4
       3
       3
       2
       9
       3
       6
       5
       1
       3
       3
       4
       5
       1
       4
       2
       4
       4
       4
       3
       3
       3
       5
       3
       4
       2
       3
       4
       3
       7
       2
       5
       2
       3
       2
       6
       2
       8
       6
       4
       6
       3
       8
       6
       3
       6
       9
       7
       5
       9
      10
       7
       7
       6
       4
       5
       3
       4
       4
       2
       5
       2
       5
       2
       2
       6
       2
       3
       5
       7
       4
       3
       6
       2
       2
       0
       5
       4
       3
       4
       3
       5
       2
       2
       1
       4
       7
       4
       5
       2
       5
       1
       9
       4
       3
       1
       4
       5
       2
       1
       3
       5
       4
       4
       4
       2
       2
       4
       3
       4
       3
       4
       5
       4
       4
       3
       2
       2
       8
       1
       9
       1
       3
       7
       4
       6
       3
       3
       3
       3
       6
       7
       6
       3
       4
       2
       4
       9
       4
       5
      11
      10
      10
       4
       7
       8
      10
       7
       7
       1
       4
       3
       6
       2
       2
       2
       0
       1
       1
       2
       3
       3
       2
       2
       3
       7
       5
       1
       5
       3
       2
       1
       5
       4
       3
       1
       1
       1
       2
       6
       2
       3
       1
       3
       5
       0
       1
       5
       1
       1
       2
       3
       4
       3
       0
       4
       1
       3
       6
       3
       3
       6
       3
       5
       6
       3
       2
       2
       4
       1
       7
       4
       1
       2
       4
       4
       4
       3
       6
       2
       4
       3
       4
       3
       3
       1
       2
       3
       3
       6
       5
       1
       6
       3
       3
       3
       2
       4
       4
       1
       3
       2
       4
       2
       6
       9
       9
       4
       6
      12
       9
      14
      16
       9
      12
      11
       7
       9
       9
       6
       3
       1
       5
       8
       4
       3
       5
       5
       4
       4
       2
       5
       8
       4
       4
       1
       5
       3
       2
       5
       5
       6
       4
       6
       6
       5
       3
       0
       6
       1
       1
       5
       5
       1
       2
       3
       3
       3
       6
      17
      13
      13
      18
      38
      41
      43
      73
      60
      56
      87
      91
      96
      95
      69
      64
      53
      37
      24
      22
      15
       8
      13
       6
       1
       1
       4
       0
       5
       4
       3
       3
       1
       2
       1
       1
       1
       5
       2
       2
       3
       3
       2
       4
       4
       1
       3
       1
       8
       2
       4
       1
       2
       2
       1
       3
       0
       2
       1
       3
       2
       3
       5
       4
       1
       7
       2
       5
       3
       1
       1
       0
       2
       4
       2
       1
       0
       2
       1
       2
       3
       1
       2
       5
       1
       1
       2
       3
       2
       6
       2
       3
       3
       2
       3
       1
       2
       2
       2
       1
       2
       3
       1
       4
       1
       0
       2
       2
       2
       5
       3
       3
       2
       1
       3
       4
       3
       1
       2
       6
       8
       2
       2
       3
       2
       1
       2
       3
       3
       2
       2
       0
       3
       2
       3
       3
       3
       5
       1
       1
       1
       2
       3
       1
       2
       3
       2
       3
       2
       2
       1
       5
       5
       3
       4
       1
       1
       2
       2
       3
       2
       3
       3
       3
       4
       1
       0
       1
       1
       2
       0
       2
       2
       6
       2
       1
       3
       7
       2
       2
       2
       1
       1
       1
       5
       1
       3
       1
       2
       2
       3
       1
       4
       4
       2
       4
       1
       0
       3
       4
       3
       1
       2
       1
       2
       1
       2
       4
       4
       6
       2
       3
       2
       6
       1
       5
       4
       2
       3
       3
       6
       2
       7
       4
       5
       3
       0
       3
       2
       6
       6
       5
       2
       3
       1
       3
       3
       0
       2
       3
       2
       2
       4
       4
       2
       4
       4
       3
       2
       4
       1
       1
       4
       0
       2
       3
       0
       4
       1
       3
       1
       5
       2
       4
       1
       4
       4
       4
       4
       3
       3
       3
       2
       4
       1
       2
       4
       3
       2
       1
       3
       3
       1
       2
       0
       6
       3
       3
       4
       4
       4
       1
       7
       3
       6
       0
       2
       1
       6
       8
       0
       4
       4
       1
       3
       3
       3
       0
       4
       4
       4
       2
       5
       4
       2
       1
       7
       4
       3
       4
       4
       5
       3
       5
       7
       4
       2
       4
       0
       5
       2
       4
       1
       5
       0
       0
       1
       4
       1
       1
       5
       3
       6
       5
       6
       2
       2
       2
       1
       2
       2
       8
       1
       3
       2
       3
       1
       1
       0
       3
       1
       2
       6
       2
       9
       1
       3
       9
       5
       5
       7
       5
       5
       3
       9
      10
      10
      14
       8
       8
       9
       9
       3
       7
       5
       3
       3
       3
       5
       7
       1
       1
       1
       4
       2
       0
       1
       4
       1
       0
       4
       2
       2
       3
       3
       2
       0
       1
       1
       2
       1
       3
       3
       3
       0
       4
       5
       3
       2
       7
       6
       4
       4
       2
       4
       3
       8
       3
       3
       7
       4
       0
       3
       4
       2
       2
       0
       0
       5
       1
       0
       2
       1
       5
       4
       2
       5
       5
       1
       5
       5
       1
       0
       1
       6
       2
       3
       1
       5
       1
       3
       3
       4
       1
       3
       0
       3
       1
       1
       0
       3
       4
       3
       3
       0
       3
       3
       4
       4
       0
       3
       3
       3
       3
       1
       2
       2
       1
       1
       2
       2
       2
       3
       2
       1
       2
       3
       0
       1
       4
       1
       3
       3
       2
       2
       3
       7
       3
       4
       1
       9
       5
       7
       6
       9
       2
       4
       5
       3
       0
       6
       0
       1
       4
       3
       2
       3
       0
       3
       1
       7
       0
       2
       1
       0
       1
       6
       1
       3
       5
       3
       5
       2
       1
       2
       1
       2
       5
       2
       2
       2
       4
       1
       4
       4
       1
       1
       2
       1
       1
       0
       2
       1
       2
       0
       1
       2
       2
       3
       1
       2
       3
       1
       0
       0
       1
       2
       2
       2
       2
       2
       0
       2
       1
       3
       3
       2
       2
       3
       1
       2
       4
       2
       4
       2
       4
       2
       1
       1
       3
       1
       3
       1
       2
       0
       1
       2
       2
       2
       2
       2
       1
       2
       1
       1
       2
       3
       2
       0
       1
       0
       2
       2
       1
       3
       3
       1
       2
       1
       1
       0
       2
       1
       1
       3
       2
       2
       2
       3
       2
       3
       2
       1
       2
       1
       1
       2
       2
       2
       2
       3
       2
       1
       1
       3
       3
       0
       2
       2
       2
       2
       2
       2
       2
       3
       5
       0
       2
       1
       0
       1
       2
       3
       2
       3
       6
       1
       2
       2
       3
       2
       1
       1
       0
       3
       0
       0
       0
       1
       1
       4
       3
       1
       1
       2
       0
       0
       3
       1
       2
       4
       5
       3
       0
       0
       2
       3
       2
       1
       1
       1
       3
       0
       2
       2
       1
       1
       1
       2
       1
       4
       1
       4
       1
       4
       0
       1
       2
       0
       1
       2
       1
       1
       3
       2
       3
       2
       2
       2
       2
       2
       2
       1
       2
       2
       0
       2
       2
       3
       1
       0
       2
       0
       2
       3
       1
       3
       1
       0
       3
       2
       2
       1
       2
       0
       0
       2
       1
       1
       3
       3
       1
       2
       2
       0
       1
       2
       1
       2
       3
       2
       0
       1
       5
       3
       1
       1
       2
       1
       1
       3
       2
       3
       1
       5
       0
       2
       2
       5
       2
       4
       0
       3
       3
       6
       4
       4
       7
       5
       5
       6
      12
      19
      26
      27
      33
      21
      30
      20
      12
      21
      15
      11
       4
       7
       3
       6
       1
       0
       3
       2
       0
       0
       2
       1
       2
       0
       4
       2
       1
       3
       0
       0
       1
       0
       4
       0
       0
       1
       2
       0
       1
       2
       2
       1
       1
       2
       3
       2
       6
       1
       6
       2
       2
       5
       5
       6
       1
       1
       5
       1
       1
       5
       1
       3
       2
       3
       2
       1
       1
       3
       3
       1
       2
       0
       2
       2
       2
       3
       4
       2
       4
       3
       0
       1
       1
       5
       0
       1
       1
       2
       3
       1
       0
       6
       5
       3
       1
       3
       3
       1
       3
       1
       2
       2
       2
       1
       3
       2
       0
       2
       2
       3
       0
       2
       1
       0
       3
       1
       1
       2
       2
       1
       0
       1
       2
       0
       1
       2
       1
       2
       1
       1
       3
       3
       0
       4
       3
       5
       4
       6
       4
       5
       7
       5
      11
      10
      14
      16
      22
      22
      26
      14
      10
      15
       7
      13
       9
       8
       9
       4
       4
       6
       0
       4
       4
       1
       1
       1
       1
       1
       2
       3
       2
       1
       4
       2
       2
       1
       2
       4
       1
      11
       6
      10
      11
      14
      26
      29
      18
      27
      45
      39
      36
      30
      25
      18
      12
      12
      16
      13
       8
       4
       1
       0
       3
       1
       0
       1
       1
       1
       3
       1
       0
       2
       3
       0
       1
       5
       1
       5
       0
       3
       2
       1
       1
       2
       0
       5
       1
       0
       2
       1
       2
       1
       0
       0
       3
       1
       4
       2
       1
       0
       1
       1
       3
       1
       1
       5
       1
       1
       1
       3
       0
       1
       2
       1
       1
       2
       2
       2
       2
       0
       1
       3
       1
       1
       1
       2
       2
       2
       1
       4
       2
       0
       1
       1
       2
       0
       1
       2
       4
       3
       1
       3
       2
       3
       5
       5
       3
       2
       2
       4
       2
       2
       4
       5
       2
       1
       2
       3
       3
       3
       0
       0
       2
       5
       0
       4
       1
       1
       0
       1
       2
       0
       2
       1
       4
       0
       1
       1
       0
       1
       3
       1
       3
       1
       2
       2
       3
       3
       1
       1
       6
       0
       2
       1
       1
       1
       2
       1
       1
       0
       2
       1
       0
       1
       2
       0
       2
       0
       1
       1
       2
       3
       1
       0
       1
       1
       1
       0
       0
       3
       2
       1
       1
       3
       2
       1
       0
       1
       0
       0
       4
       5
       0
       1
       0
       0
       0
       2
       0
       0
       2
       1
       4
       1
       2
       3
       0
       1
       2
       3
       3
       1
       0
       3
       3
       1
       0
       0
       2
       2
       0
       2
       2
       2
       2
       1
       1
       1
       1
       2
       1
       3
       1
       0
       2
       3
       0
       0
       1
       3
       2
       2
       1
       2
       2
       1
       2
       2
       0
       2
       2
       0
       1
       1
       5
       2
       0
       2
       3
       4
       1
       1
       0
       0
       0
       1
       0
       1
       1
       0
       0
       2
       1
       2
       0
       1
       1
       2
       1
       2
       1
       0
       0
       0
       2
       1
       0
       3
       1
       2
       1
       2
       1
       3
       0
       0
       0
       0
       0
       2
       4
       1
       0
       2
       1
       1
       2
       1
       3
       0
       0
       0
       2
       4
       2
       1
       1
       1
       1
       3
       0
       1
       4
       0
       1
       1
       1
       3
       1
       2
       1
       0
       0
       0
       4
       0
       0
       6
       0
       4
       1
       2
       2
       1
       0
       1
       2
       1
       4
       1
       2
       1
       2
       1
       1
       0
       3
       0
       3
       1
       1
       2
       5
       3
       3
       0
       2
       2
       3
       3
       0
       2
       2
       2
       0
       1
       2
       2
       1
       0
       1
       1
       0
       1
       1
       2
       0
       3
       1
       0
       1
       0
       0
       1
       1
       1
       3
       1
       3
       1
       1
       1
       1
       0
       1
       1
       0
       0
       1
       2
       1
       1
       4
       0
       2
       4
       2
       2
       0
       2
       0
       2
       2
       1
       1
       0
       0
       2
       1
       0
       2
       3
       0
       2
       3
       3
       0
       1
       1
       2
       0
       0
       0
       0
       0
       1
       0
       3
       1
       1
       4
       1
       0
       1
       5
       4
       2
       2
       3
       0
       3
       1
       1
       6
       0
       2
       3
       1
       0
       3
       1
       1
       2
       2
       2
       3
       0
       0
       1
       1
       1
       1
       3
       5
       3
       1
       5
       6
       0
       3
       1
       4
       2
       2
       2
       2
       5
       0
       5
       2
       3
       1
       1
       2
       1
       0
       1
       1
       2
       2
       1
       1
       3
       3
       0
       1
       1
       0
       0
       1
       2
       3
       1
       3
       7
       2
       3
       4
       1
       3
       5
       3
       4
       2
       7
       6
       9
       2
       4
       8
       8
       4
       8
       6
       7
       4
       2
       5
       3
       2
       3
       1
       3
       3
       1
       2
       6
       1
       2
       3
       6
       5
       6
      10
      16
       6
      14
      16
      26
      23
      26
      32
      35
      45
      41
      27
      37
      32
      25
      22
      19
       7
       7
       6
       5
       2
       2
       1
       2
       1
       2
       1
       1
       1
       1
       5
       1
       3
       2
       1
       3
       1
       3
       1
       1
       1
       2
       2
       2
       1
       2
       3
       1
       1
       3
       1
       3
       2
       0
       3
       1
       2
       0
       0
       3
       1
       2
       2
       1
       1
       1
       1
       0
       3
       2
       0
       2
       3
       0
       1
       2
       2
       5
       1
       6
       2
       0
       0
       2
       2
       1
       2
       1
       1
       0
       0
       1
       2
       1
       0
       1
       1
       2
       3
       2
       0
       0
       1
       1
       2
       2
       0
       0
       2
       0
       2
       1
       3
       1
       0
       3
       1
       1
       1
       2
       0
       2
       0
       1
       1
       3
       0
       1
       1
       2
       4
       3
       1
       0
       0
       1
       2
       0
       3
       3
       1
       1
       0
       2
       0
       2
       0
       0
       1
       0
       0
       0
       2
       2
       2
       1
       2
       1
       1
       3
       2
       0
       1
       0
       5
       0
       0
       0
       5
       0
       4
       1
       7
       4
       1
       2
       1
       2
       3
       2
       0
       2
       1
       0
       2
       0
       3
       2
       1
       3
       2
       3
       0
       1
       2
       0
       2
       2
       2
       3
       2
       4
       5
       1
       1
       3
       6
       3
       0
       4
       3
       1
       2
       3
       2
       1
       2
       2
       1
       2
       1
       1
       1
       0
       1
       1
       1
       1
       0
       1
       1
       2
       0
       0
       0
       1
       2
       1
       1
       0
       0
       1
       1
       2
       0
       0
       0
       2
       1
       1
       2
       2
       0
       2
       3
       2
       0
       2
       3
       0
       0
       2
       1
       2
       0
       2
       1
       2
       1
       1
       3
       2
       0
       3
       1
       0
       1
       3
       1
       0
       0
       0
       1
       2
       2
       1
       0
       0
       2
       1
       0
       0
       0
       0
       1
       1
       3
       2
       3
       1
       1
       1
       1
       1
       0
       2
       1
       2
       0
       0
       1
       0
       2
       0
       3
       0
       0
       0
       0
       1
       2
       1
       2
       3
       3
       1
       1
       2
       0
       0
       3
       0
       0
       3
       1
       2
       1
       0
       2
       0
       2
       0
       1
       1
       1
       1
       1
       2
       2
       1
       0
       1
       0
       2
       1
       0
       1
       1
       2
       3
       0
       3
       0
       3
       1
       1
       0
       1
       0
       2
       1
       1
       0
       2
       1
       1
       0
       0
       0
       1
       0
       0
       2
       1
       3
       2
       5
       1
       1
       0
       1
       1
       1
       1
       1
       2
       2
       0
       0
       0
       1
       2
       1
       1
       2
       1
       1
       0
       1
       1
       2
       3
       4
       1
       0
       1
       0
       0
       2
       1
       0
       1
       2
       1
       2
       1
       1
       1
       0
       1
       1
       3
       0
       2
       0
       1
       0
       2
       1
       1
       2
       1
       1
       2
       2
       1
       6
       2
       2
       1
       1
       2
       0
       2
       1
       0
       6
       3
       2
       0
       1
       2
       1
       2
       1
       1
       2
       2
       0
       2
       0
       1
       0
       1
       1
       2
       0
       2
       1
       1
       1
       0
       0
       1
       2
       1
       0
       1
       2
       2
       2
       0
       2
       2
       0
       0
       2
       3
       0
       0
       1
       1
       0
       0
       1
       1
       1
       1
       1
       0
       2
       2
       1
       0
       1
       0
       0
       0
       1
       1
       2
       1
       1
       1
       0
       2
       1
       1
       3
       2
       3
       0
       1
       2
       2
       3
       3
       4
       1
       2
       1
       2
       3
       5
       3
       4
       2
       0
       1
       0
       0
       3
       2
       1
       0
       0
       0
       1
       4
       0
       0
       0
       0
       0
       0
       1
       1
       1
       0
       5
       1
       2
       2
       1
       1
       3
       2
       1
       0
       3
       0
       2
       1
       1
       1
       0
       1
       0
       0
       4
       1
       1
       1
       2
       1
       1
       1
       0
       1
       0
       0
       2
       0
       1
       2
       1
       1
       3
       1
       0
       0
       1
       0
       4
       1
       0
       2
       1
       1
       1
       2
       1
       2
       1
       2
       2
       1
       2
       1
       3
       0
       3
       2
       0
       2
       2
       1
       0
       1
       0
       0
       0
       0
       3
       1
       3
       0
       0
       3
       0
       1
       2
       2
       1
       1
       0
       1
       4
       1
       1
       2
       0
       0
       3
       1
       2
       2
       3
       0
       1
       2
       0
       1
       2
       2
       0
       0
       1
       0
       0
       2
       1
       1
       1
       1
       0
       0
       1
       2
       0
       0
       1
       0
       3
       0
       2
       2
       1
       2
       2
       1
       0
       0
       0
       1
       3
       0
       0
       0
       0
       0
       1
       2
       3
       0
       2
       0
       1
       0
       0
       2
       0
       0
       2
       1
       4
       0
       2
       1
       1
       0
       2
       1
       1
       0
       1
       2
       1
       2
       0
       1
       2
       0
       0
       0
       0
       2
       0
       1
       1
       3
       2
       0
       1
       1
       2
       0
       2
       1
       1
       2
       3
       0
       0
       0
       2
       1
       2
       0
       1
       0
       0
       1
       0
       4
       2
       2
       0
       0
       0
       1
       0
       1
       0
       1
       1
       0
       1
       0
       1
       0
       0
       0
       1
       1
       2
       0
       2
       0
       1
       1
       0
       1
       1
       1
       3
       2
       4
       3
       2
       1
       0
       1
       0
       0
       4
       2
       0
       2
       1
       0
       0
       0
       0
       1
       0
       1
       0
       0
       2
       2
       1
       0
       0
       2
       1
       0
       1
       0
       1
       0
       0
       1
       1
       0
       1
       2
       1
       0
       2
       2
       4
       1
       1
       1
       4
       1
       1
       0
       2
       2
       4
       0
       2
       0
       0
       1
       1
       0
       1
       1
       1
       1
       1
       2
       0
       0
       0
       0
       0
       0
       0
       2
       1
       2
       0
       1
       0
       0
       0
       2
       3
       2
       0
       1
       1
       1
       0
       0
       0
       1
       0
       0
       2
       1
       1
       0
       2
       0
       1
       1
       0
       0
       0
       1
       1
       2
       1
       1
       0
       2
       1
       0
       0
       0
       2
       3
       1
       2
       1
       1
       1
       0
       1
       1
       1
       2
       2
       1
       1
       1
       0
       1
       3
       0
       0
       3
       0
       4
       0
       1
       0
       0
       0
       1
       3
       2
       0
       1
       1
       0
       0
       1
       1
       3
       3
       0
       1
       1
       1
       4
       3
       3
       5
       5
       3
       3
       3
       3
       1
       1
       1
       2
       2
       1
       1
       1
       3
       2
       0
       1
       1
       1
       1
       1
       0
       0
       0
       1
       1
       0
       1
       5
       1
       0
       0
       0
       3
       1
       1
       1
       1
       1
       0
       1
       1
       1
       2
       0
       3
       0
       0
       1
       0
       1
       0
       2
       1
       1
       1
       0
       0
       0
       0
       2
       1
       0
       0
       0
       1
       1
       1
       2
       0
       0
       0
       0
       0
       0
       1
       0
       1
       2
       0
       1
       2
       0
       2
       1
       0
       0
       0
       1
       2
       2
       1
       0
       1
       1
       0
       4
       0
       0
       0
       2
       3
       2
       1
       1
       1
       1
       0
       0
       0
       0
       1
       2
       1
       0
       0
       0
       1
       0
       3
       1
       1
       2
       1
       1
       0
       1
       1
       0
       2
       0
       2
       1
       1
       0
       1
       1
       1
       1
       0
       1
       0
       1
       0
       0
       0
       0
       2
       1
       0
       0
       0
       2
       2
       3
       5
       8
       5
      11
       2
      12
      14
      15
       8
      15
      19
      10
      13
      11
       9
       1
       5
       4
       2
       2
       0
       2
       2
       1
       1
       0
       0
       0
       0
       0
       1
       1
       0
       0
       2
       0
       0
       1
       1
       2
       1
       2
       0
       1
       2
       3
       1
       0
       1
       1
       0
       0
       0
       1
       2
       1
       0
       0
       3
       0
       1
       1
       0
       0
       0
       0
       2
       2
       1
       0
       1
       1
       1
       2
       3
       0
       0
       0
       1
       1
       1
       0
       1
       1
       2
       0
       0
       1
       1
       0
       2
       5
       1
       3
       2
      11
       7
       4
       4
       6
       6
       9
       8
      11
       9
       4
       6
       8
       3
       0
       1
       1
       3
       0
       1
       0
       0
       1
       4
       0
       1
       0
       0
       2
       1
       2
       3
       2
       1
       0
       0
       1
       1
       0
       1
       0
       1
       0
       0
       0
       1
       1
       0
       1
       2
       2
       2
       1
       0
       1
       0
       0
       0
       0
       0
       1
       1
       2
       0
       0
       0
       1
       0
       0
       0
       1
       0
       1
       2
       2
       1
       1
       0
       0
       2
       0
       1
       0
       0
       0
       2
       1
       1
       3
       3
       4
       2
       5
       6
       5
       5
      10
      10
      10
      13
      18
      29
      18
      16
      18
      18
      11
      12
      13
      11
       9
       4
       5
       3
       2
       0
       0
       1
       0
       0
       3
       0
       0
       0
       0
       0
       0
       1
       1
       2
       0
       0
       0
       0
       1
       0
       0
       2
       2
       1
       1
       3
       0
       1
       2
       0
       1
       1
       0
       0
       1
       1
       0
       1
       0
       0
       1
       0
       1
       0
       1
       0
       0
       3
       0
       0
       1
       2
       1
       0
       0
       0
       3
       0
       2
       0
       1
       2
       2
       1
       1
       0
       1
       0
       1
       3
       1
       0
       1
       1
       1
       2
       1
       1
       0
       0
       0
       0
       1
       2
       1
       2
       2
       0
       0
       1
       0
       0
       1
       0
       0
       0
       2
       0
       1
       1
       0
       1
       0
       1
       2
       0
       1
       0
       0
       2
       1
       5
       2
       1
       0
       1
       0
       0
       0
       0
       2
       0
       1
       0
       0
       0
       0
       2
       0
       1
       0
       1
       0
       2
       0
       0
       1
       0
       0
       2
       0
       1
       1
       1
       1
       0
       0
       1
       2
       0
       0
       1
       0
       1
       2
       1
       0
       0
       1
       1
       1
       0
       1
       1
       1
       0
       0
       1
       1
       3
       0
       0
       1
       0
       1
       0
       0
       1
       1
       0
       0
       1
       0
       0
       1
       0
       0
       0
       0
       0
       1
       0
       0
       0
       0
       0
       2
       0
       0
       1
       0
       1
       0
       0
       4
       2
       1
       0
       1
       0
       0
       2
       0
       1
       3
       0
       3
       2
       2
       2
       1
       1
       3
       2
       2
       0
       0
       2
       1
       1
       1
       0
       2
       3
       1
       1
       0
       3
       3
       3
       1
       2
       3
       4
       3
       2
       1
       2
       2
       2
       1
       4
       2
       4
       3
       5
       2
       1
       3
       4
       3
       2
       0
       2
       0
       0
       0
       3
       0
       0
       0
       3
       1
       1
       0
       0
       0
       0
       1
       2
       0
       0
       2
       0
       1
       2
       1
       1
       0
       0
       1
       1
       0
       0
       0
       0
       0
       0
       0
       0
       0
       0
       1
       1
       0
       1
       2
       0
       1
       0
       0
       1
       0
       2
       1
       0
       0
       0
       0
       1
       0
       2
       1
       1
       1
       2
       0
       2
       2
       1
       0
       2
       0
       0
       2
       1
       0
       2
       0
       1
       1
       1
       1
       2
       0
       0
       0
       2
       0
       1
       0
       1
       0
       0
       0
       1
       0
       0
       2
       1
       1
       1
       2
       1
       0
       0
       0
       0
       0
       0
       0
       0
       1
       2
       2
       1
       1
       1
       2
       3
       2
       0
       1
       1
       2
       1
       0
       4
       0
       1
       2
       1
       1
       0
       0
       1
       1
       0
       0
       0
       1
       0
       3
       0
       1
       1
       1
       0
       0
       0
       0
       1
       1
       0
       0
       1
       0
       1
       1
       1
       1
       1
       1
       0
       2
       0
       0
       0
       1
       1
       0
       1
       0
       1
       1
       0
       0
       0
       1
       0
       0
       0
       0
       0
       0
       0
       0
       0
       0
       1
       1
       0
       1
       1
       0
       0
       0
       2
       1
       0
       1
       2
       0
       0
       1
       0
       1
       2
       1
       1
       0
       0
       0
       0
       1
       2
       0
       0
       1
       0
       0
       0
       1
       3
       1
       2
       1
       0
       1
       0
       0
       0
       0
       1
       0
       0
       1
       1
       2
       0
       0
       0
       0
       0
       2
       1
       0
       1
       0
       1
       1
       1
       1
       0
       0
       0
       0
       0
       1
       1
       0
       0
       0
       0
       0
       0
       0
       0
       1
       2
       0
       0
       1
       1
       0
       0
       0
       1
       0
       0
       2
       0
       1
       1
       0
       0
       1
       0
       0
       0
       2
       0
       2
       0
       0
       0
       0
       1
       1
       0
       0
       1
       1
       1
       1
       1
       0
       0
       0
       0
       1
       1
       2
       0
       1
       0
       0
       2
       0
       0
       2
       0
       0
       0
       0
       1
       0
       0
       0
       0
       0
       1
       2
       1
       0
       2
       1
       2
       1
       0
       1
       2
       0
       1
       0
       0
       0
       1
       0
       1
       0
       0
       1
       1
       1
       0
       0
       1
       1
       1
       0
       1
       1
       0
       1
       0
       0
       3
       1
       1
       0
       1
       1
       1
       0
       1
       0
       1
       0
       1
       2
       1
       0
       1
       0
       2
       1
       1
       0
       1
       0
       0
       0
       1
       1
       0
       0
       0
       1
       1
       0
       1
       1
       1
       0
       0
       0
       0
       1
       0
       1
       0
       2
       0
       2
       0
       1
       3
       3
       1
       0
       0
       1
       2
       2
       1
       0
       1
       0
       0
       0
       0
       2
       0
       1
       0
       0
       3
       0
       0
       0
       0
       0
       1
       2
       1
       2
       0
       2
       0
       1
       1
       1
       1
       1
       2
       0
       1
       0
       0
       1
       1
       0
       1
       0
       0
       0
       0
       0
       2
       2
       0
       1
       0
       1
       0
       0
       0
       2
       0
       0
       0
       0
       0
       1
       0
       1
       0
       0
       0
       2
       0
       2
       0
       1
       0
       0
       0
       1
       1
       0
       0
       0
       1
       0
       1
       1
       0
       1
       0
       0
       0
       1
       1
       0
       1
       1
       0
       0
       2
       1
       0
       1
       0
       0
       1
       0
       0
       0
       0
       0
       0
       0
       1
       1
       0
       0
       1
       0
       2
       1
       1
       1
       1
       0
       0
       0
       2
       0
       0
       1
       1
       1
       1
       1
       0
       2
       1
       3
       0
       0
       0
       0
       0
       1
       0
       2
       1
       2
       0
       0
       0
       3
       1
       2
       0
       2
       4
       2
       2
       0
       1
       0
       2
       1
       1
       0
       0
       2
       1
       0
       0
       0
       1
       1
       0
       0
       3
       1
       0
       0
       1
       0
       0
       1
       1
       2
       1
       1
       0
       1
       1
       3
       3
       1
       2
       2
       5
       1
       1
       1
       1
       2
       1
       1
       0
       2
       0
       2
       0
       1
       1
       0
       1
       1
       2
       2
       0
       0
       0
       1
       0
       2
       0
       0
       0
       1
       0
       1
       1
       1
       0
       0
       0
       1
       0
       1
       0
       0
       0
       2
       0
       1
       0
       1
       3
       2
       0
       0
       0
       1
       1
       0
       0
       1
       0
       2
       0
       1
       1
       0
       0
       0
       2
       0
       1
       0
       1
       2
       1
       0
       1
       1
       1
       1
       1
       1
       0
       0
       0
       0
       1
       1
       0
       0
       1
       1
       0
       1
       3
       2
       0
       3
       2
       3
       0
       2
       2
       4
       2
       0
       0
       5
       0
       2
       3
       0
       0
       0
       0
       2
       1
       0
       0
       1
       2
       1
       0
       1
       1
       0
       1
       0
       1
       1
       0
       0
       0
       1
       0
       2
       1
       0
       1
       0
       2
       1
       0
       1
       1
       1
       1
       0
       1
       1
       1
       0
       0
       1
       0
       0
       0
       0
       1
       2
       1
       0
       2
       0
       0
       1
       1
       1
       2
       0
       2
       1
       0
       0
       1
       0
       1
       0
       2
       2
       1
       1
       1
       1
       2
       0
       0
       1
       0
       0
       2
       1
       1
       0
       2
       0
       0
       2
       0
       0
       1
       1
       1
       2
       1
       0
       0
       0
       0
       0
       1
       0
       2
       0
       1
       0
       1
       1
       1
       1
       0
       2
       0
       1
       0
       0
       0
       1
       0
       1
       2
       0
       1
       1
       1
       3
       0
       0
       0
       0
       0
       2
       1
       1
       2
       0
       1
       0
       0
       2
       3
       0
       0
       0
       2
       0
       0
       1
       0
       0
       1
       1
       0
       1
       2
       0
       1
       1
       2
       1
       0
       1
       2
       0
       0
       0
       1
       1
       0
       0
       2
       2
       1
       1
       1
       0
       2
       0
       0
       1
       1
       1
       0
       1
       1
       1
       0
       1
       0
       0
       2
       0
       3
       0
       0
       0
       4
       0
       1
       1
       1
       1
       0
       0
       1
       4
       1
       0
       1
       2
       2
       1
       3
       1
       2
       2
       2
       3
       1
       0
       0
       1
       1
       1
       1
       0
       2
       0
       0
       1
       1
       0
       0
       1
       0
       0
       2
       0
       1
       0
       0
       0
       1
       0
       1
       1
       0
       1
       0
       1
       0
       0
       0
       0
       2
       0
       2
       0
       0
       0
       0
       0
       1
       0
       2
       2
       0
       0
       0
       1
       0
       1
       0
       1
       0
       0
       1
       0
       0
       1
       1
       0
       0
       1
       1
       2
       1
       0
       2
       1
       0
       3
       2
       0
       0
       0
       4
       1
       0
       0
       2
       0
       2
       1
       0
       2
       1
       0
       1
       1
       0
       1
       1
       0
       0
       2
       3
       1
       2
       0
       1
       0
       0
       0
       3
       2
       0
       0
       0
       2
       2
       2
       0
       0
       0
       0
       1
       0
       2
       3
       2
       1
       0
       1
       1
       0
       1
       1
       1
       0
       1
       1
       1
       0
       0
       1
       1
       2
       1
       1
       0
       1
       1
       0
       0
       1
       0
       1
       1
       1
       0
       2
       0
       1
       1
       0
       0
       1
       2
       2
       2
       1
       0
       0
       1
       0
       0
       3
       0
       0
       0
       3
       2
       0
       1
       1
       1
       1
       0
       0
       1
       0
       0
       2
       0
       3
       2
       1
       0
       0
       0
       0
       2
       0
       2
       1
       3
       0
       0
       1
       2
       4
       2
       1
       0
       2
       0
       0
       0
       3
       1
       0
       0
       1
       1
       1
       3
       1
       3
       0
       0
       0
       0
       1
       3
       2
       1
       1
       0
       0
       0
       0
       2
       0
       0
       1
       1
       2
       2
       1
       0
       0
       4
       2
       0
       2
       1
       1
       0
       0
       2
       2
       1
       2
       1
       0
       1
       0
       1
       3
       1
       1
       1
       0
       0
       0
       2
       2
       1
       0
       0
       0
       0
       0
       1
       0
       3
       0
       1
       4
       0
       0
       0
       0
       2
       1
       0
       0
       0
       1
       0
       0
       0
       1
       0
       0
       1
       1
       1
       0
       1
       3
       0
       0
       0
       1
       0
       1
       0
       0
       2
       0
       0
       0
       2
       0
       2
       2
       0
       1
       1
       2
       3
       0
       0
       1
       0
       1
       1
       0
       1
       4
       1
       1
       1
       1
       0
       1
       0
       1
       1
       3
       0
       0
       1
       1
       1
       0
       0
       1
       1
       0
       0
       1
       0
       2
       0
       1
       1
       0
       0
       1
       2
       1
       0
       0
       0
       1
       1
       1
       0
       0
       1
       2
       0
       0
       3
       1
       0
       0
       0
       0
       1
       1
       0
       1
       0
       3
       1
       0
       0
       0
       1
       1
       0
       1
       0
       0
       0
       1
       1
       1
       1
       1
       1
       0
       1
       0
       0
       1
       3
       1
       0
       4
       1
       1
       1
       1
       1
       1
       1
       1
       0
       1
       1
       0
       1
       0
       0
       2
       0
       1
       0
       0
       1
       1
       1
       0
       2
       0
       1
       0
       0
       1
       3
       1
       0
       1
       0
       1
       1
       0
       1
       1
       2
       2
       1
       0
       0
       0
       2
       0
       2
       2
       2
       1
       1
       0
       1
       0
       2
       1
       1
       2
       0
       1
       1
       0
       0
       1
       0
       1
       1
       1
       1
       0
       1
       1
       0
       0
       0
       1
       1
       1
       1
       1
       0
       0
       2
       0
       1
       1
       0
       3
       1
       1
       1
       0
       1
       2
       0
       0
       1
       0
       0
       0
       1
       0
       1
       0
       1
       0
       1
       0
       1
       1
       0
       0
       0
       0
       1
       1
       1
       1
       0
       1
       1
       0
       0
       1
       0
       1
       0
       1
       1
       1
       0
       0
       0
       0
       1
       1
       1
       0
       1
       2
       0
       1
       1
       0
       0
       0
       0
       0
       0
       0
       0
       1
       0
       1
       1
       0
       0
       0
       2
       1
       0
       0
       0
       0
       0
       0
       1
       1
       1
       0
       0
       0
       0
       0
       0
       0
       0
       2
       0
       1
       1
       1
       2
       0
       1
       1
       0
       2
       3
       0
       0
       0
       0
       0
       1
       0
       0
       0
       2
       1
       1
       1
       0
       2
       0
       2
       1
       4
       0
       0
       0
       1
       0
       2
       0
       1
       0
       1
       1
       0
       0
       0
       0
       0
       2
       0
       0
       1
       1
       0
       1
       1
       0
       0
       0
       0
       1
       2
       1
       0
       1
       1
       0
       0
       1
       1
       0
       0
       1
       0
       0
       0
       1
       1
       1
       1
       2
       0
       1
       0
       1
       1
       1
       0
       1
       2
       2
       1
       2
       0
       1
       0
       0
       1
       0
       0
       2
       0
       0
       0
       0
       0
       1
       1
       0
       1
       0
       0
       0
       1
       0
       1
       1
       0
       0
       0
       0
       1
       0
       0
       1
       0
       1
       1
       2
       0
       1
       0
       1
       1
       1
       1
       0
       1
       1
       2
       2
       1
       1
       2
       0
       1
       0
       2
       1
       0
       0
       0
       0
       0
       1
       0
       1
       0
       2
       0
       0
       2
       1
       0
       0
       3
       0
       3
       0
       0
       2
       1
       1
       0
       0
       0
       2
       0
       0
       0
       1
       1
       1
       0
       1
       1
       2
       0
       0
       2
       0
       0
       0
       0
       2
       2
       0
       1
       0
       4
       1
       1
       3
       1
       2
       1
       0
       1
       4
       3
       1
       1
       1
       0
       0
       0
       2
       0
       1
       0
       1
       0
       2
       0
       1
       0
       0
       0
       1
       4
       0
       0
       0
       1
       1
       1
       0
       1
       1
       1
       0
       0
       1
       1
       0
       1
       1
       1
       1
       0
       0
       0
       0
       2
       0
       3
       0
       1
       2
       1
       2
       1
       0
       1
       1
       0
       2
       3
       1
       0
       0
       1
       1
       0
       0
       0
       0
       2
       0
       0
       0
       0
       1
       0
       1
       0
       0
       0
       1
       0
       0
       0
       0
       1
       0
       0
       0
       2
       0
       1
       0
       1
       0
       0
       1
       0
       0
       0
       1
       0
       1
       1
       0
       0
       0
       1
       0
       0
       1
       0
       0
       0
       0
       0
       1
       0
       2
       0
       0
       0
       1
       0
       1
       0
       0
       0
       1
       0
       1
       0
       1
       0
       1
       1
       1
       0
       3
       3
       0
       0
       0
       0
       0
       0
       0
       0
       1
       1
       1
       0
       0
       0
       1
       0
       1
       0
       0
       0
       0
       0
       0
       0
       2
       0
       0
       1
       1
       0
       1
       0
       0
       2
       1
       0
       0
       1
       3
       0
       3
       0
       1
       0
       1
       0
       1
       1
       0
       0
       0
       1
       0
       0
       1
       0
       0
       2
       1
       1
       0
       0
       2
       1
       0
       0
       0
       0
       1
       0
       0
       0
       0
       0
       2
       0
       0
       0
       1
       1
       2
       0
       0
       0
       0
       0
       2
       0
       0
       1
       0
       0
       2
       0
       1
       0
       0
       0
       0
       0
       1
       0
       0
       0
       1
       0
       0
       0
       1
       0
       1
       1
       0
       2
       1
       2
       1
       0
       0
       0
       0
       0
       0
       0
       0
       0
       3
       2
       1
       0
       0
       0
       1
       1
       2
       2
       0
       1
       0
       1
       0
       0
       1
       0
       0
       0
       1
       0
       0
       1
       1
       0
       3
       0
       1
       2
       1
       2
       1
       1
       0
       1
       0
       0
       0
       0
       0
       0
       0
       0
       0
       1
       1
       0
       0
       1
       0
       0
       0
       0
       0
       1
       2
       1
       1
       0
       0
       0
       0
       0
       2
       0
       0
       0
       0
       0
       1
       0
       0
       0
       0
       0
       0
       1
       0
       0
       0
       0
       0
       0
       0
       0
       0
       1
       0
       0
       0
       0
       0
       1
       0
       0
       0
       0
       0
       1
       0
       0
       0
       0
       2
       0
       0
       1
       0
       1
       0
       0
       0
       2
       0
       2
       1
       0
       0
       0
       1
       0
       1
       0
       1
       2
       0
       0
       0
       0
       0
       0
       0
       0
       0
       2
       0
       3
       0
       0
       3
       0
       0
       2
       0
       0
       0
       0
       0
       2
       0
       0
       0
       1
       0
       0
       0
       1
       0
       0
       0
       2
       0
       0
       0
       1
       1
       1
       0
       0
       1
       1
       0
       0
       0
       1
       0
       0
       0
       1
       0
       1
       1
       0
       0
       1
       0
       0
       0
       0
       0
       0
       0
       0
       0
       0
       3
       0
       1
       0
       0
       0
       0
       0
       0
       1
       0
       0
       0
       0
       1
       0
       2
       0
       0
       0
       0
       0
       2
       3
       0
       0
       2
       0
       0
       0
       0
       0
       1
       1
       0
       0
       0
       0
       0
       0
       0
       0
       0
       0
       0
       0
       0
       1
       0
       1
       1
       0
       0
       1
       1
       0
       0
       0
       0
       1
       0
       1
       0
       2
       2
       0
       0
       0
       1
       1
       1
       0
       1
       1
       0
       0
       1
       2
       1
       1
       0
       0
       0
       0
       0
       0
       1
       1
       0
       0
       0
       0
       1
       2
       0
       0
       1
       0
       0
       0
       1
       1
       0
       0
       0
       0
       0
       1
       1
       0
       0
       0
       0
       0
       0
       0
       0
       0
       0
       1
       3
       0
       1
       0
       0
       1
       0
       0
       0
       0
       1
       2
       1
       0
       1
       1
       0
       0
       0
       1
       1
       0
       0
       0
       0
       0
       0
       1
       0
       0
       0
       0
       0
       1
       1
       0
       0
       0
       0
       1
       0
       0
       0
       0
       0
       0
       0
       1
       1
       0
       2
       1
       0
       0
       1
       0
       0
       0
       0
       1
       0
       0
       1
       0
       0
       1
       1
       0
       1
       0
       3
       0
       0
       0
       0
       1
       0
       1
       0
       0
       0
       0
       1
       0
       0
       1
       1
       1
       1
       0
       0
       0
       0
       1
       0
       0
       1
       0
       0
       1
       0
       0
       0
       0
       0
       1
       0
       0
       1
       2
       1
       1
       0
       0
       0
       0
       0
       0
       1
       0
       1
       1
       0
       0
       0
       0
       0
       0
       0
       0
       2
       1
       0
       0
       1
       0
       2
       1
       0
       1
       0
       1
       1
       0
       0
       1
       0
       0
       0
       0
       0
       1
       0
       1
       0
       0
       2
       1
       1
       1
       0
       1
       0
       0
       1
       0
       0
       1
       0
       0
       0
       2
       0
       0
       0
       0
       0
       0
       0
       1
       2
       0
       0
       1
       1
       0
       0
       0
       1
       0
       0
       0
       0
       0
       0
       0
       1
       0
       1
       2
       2
       0
       6
       2
       1
       0
       1
       3
       4
       3
       6
       6
       5
       8
       7
       6
      15
      12
      17
      19
      27
      19
      27
      29
      26
      31
      31
      18
      20
      25
      11
       7
      12
       4
       6
       4
       2
       1
       0
       2
       0
       1
       1
       0
       1
       0
       1
       1
       1
       1
       0
       0
       0
       0
       0
       1
       0
       2
       0
       0
       0
       0
       1
       0
       0
       2
       0
       0
       0
       0
       0
       0
       0
       0
       0
       0
       0
       0
       1
       1
       2
       0
       0
       1
       0
       0
       0
       0
       0
       1
       0
       3
       2
       3
       1
       3
       3
       5
      12
      12
      11
       9
       9
       5
       8
       4
       8
       5
       7
       2
       5
       4
       3
       3
       1
       1
       0
       1
       0
       0
       0
       0
       0
       0
       0
       0
       0
       0
       2
       0
       0
       1
       1
       0
       0
       1
       0
       0
       1
       0
       0
       0
       0
       0
       0
       0
       0
       0
       0
       0
       0
       0
       0
       0
       1
       0
       0
       0
       0
       1
       0
       0
       0
       0
       0
       0
       0
       1
       0
       0
       0
       0
       1
       1
       0
       0
       0
       1
       0
       0
       0
       0
       1
       1
       2
       0
       0
       0
       0
       0
       0
       0
       1
       0
       1
       0
       0
       1
       0
       2
       0
       0
       0
       2
       0
       1
       0
       0
       1
       0
       0
       0
       0
       0
       0
       0
       0
       1
       0
       0
       0
       0
       0
       1
       0
       0
       1
       1
       1
       0
       2
       0
       0
       0
       0
       0
       0
       0
       0
       0
       0
       0
       1
       0
       1
       0
       0
       1
       0
       0
       0
       0
       1
       1
       0
       1
       1
       0
       2
       0
       0
       0
       0
       0
       0
       0
       0
       0
       2
       0
       0
       2
       0
       0
       0
       0
       1
       1
       0
       1
       0
       1
       1
       0
       0
       2
       0
       1
       0
       0
       0
       0
       1
       0
       0
       0
       1
       0
       0
       1
       0
       0
       0
       0
       0
       1
       1
       0
       0
       0
       1
       0
       1
       0
       0
       1
       0
       1
       0
       1
       0
       1
       0
       0
       0
       0
       0
       0
       0
       0
       0
       0
       0
       1
       2
       0
       1
       0
       1
       0
       2
       1
       0
       0
       0
       0
       0
       1
       2
       0
       0
       0
       1
       0
       0
       1
       1
       0
       0
       0
       2
       0
       0
       0
       0
       0
       0
       0
       0
       1
       0
       0
       1
       0
       0
       0
       1
       0
       0
       1
       0
       0
       0
       0
       0
       0
       2
       0
       0
       0
       0
       0
       0
       0
       0
       0
       0
       1
       1
       1
       0
       0
       0
       0
       1
       1
       1
       0
       0
       1
       0
       0
       1
       0
       0
       0
       0
       0
       0
       1
       0
       0
       0
       0
       1
       0
       0
       0
       0
       1
       0
       0
       0
       0
       0
       0
       0
       0
       0
       0
       0
       0
       0
       0
       0
       0
       0
       0
       2
       2
       1
       0
       0
       1
       0
       0
       0
       0
       1
       0
       0
       0
       0
       0
       0
       0
       0
       1
       0
       0
       1
       0
       0
       1
       0
       0
       0
       1
       0
       0
       1
       1
       0
       0
       1
       0
       1
       1
       0
       0
       1
       0
       0
       2
       2
       0
       0
       0
       0
       1
       0
       2
       0
       1
       1
       0
       0
       0
       0
       0
       0
       1
       2
       1
       1
       0
       0
       0
       0
       0
       1
       0
       0
       0
       0
       0
       0
       0
       0
       0
       0
       0
       0
       0
       1
       1
       0
       1
       0
       1
       0
       0
       0
       0
       0
       0
       0
       0
       0
       0
       1
       2
       1
       0
       1
       0
       0
       1
       0
       0
       0
       0
       0
       0
       1
       0
       0
       0
       0
       0
       0
       0
       0
       2
       0
       0
       0
       0
       1
       0
       0
       0
       0
       0
       1
       0
       0
       0
       1
       0
       0
       0
       0
       0
       0
       0
       1
       0
       0
       0
       1
       0
       1
       1
       0
       0
       1
       1
       0
       0
       0
       0
       0
       0
       1
       0
       1
       0
       0
       0
       1
       0
       0
       0
       1
       1
       0
       0
       0
       1
       1
       1
       0
       0
       0
       0
       0
       0
       0
       1
       0
       0
       0
       1
       0
       0
       0
       0
       1
       0
       0
       0
       1
       0
       0
       0
       0
       1
       0
       0
       1
       0
       0
       1
       0
       0
       0
       0
       0
       0
       0
       0
       0
       0
       0
       0
       0
       0
       1
       1
       1
       0
       1
       0
       1
       0
       0
       0
       0
       0
       0
       0
       0
       1
       0
       0
       0
       0
       0
       1
       0
       0
       0
       0
       1
       0
       1
       0
       0
       0
       1
       0
       0
       1
       0
       2
       0
       0
       0
       1
       0
       0
       0
       1
       1
       0
       0
       0
       2
       0
       0
       0
       1
       1
       1
       0
       1
       3
       3
       4
       1
       2
       4
       1
       3
       0
       4
       2
       3
       1
       0
       0
       0
       2
       0
       2
       0
       0
       0
       0
       1
       3
       0
       0
       0
       0
       0
       0
       0
       1
       1
       1
       0
       0
       0
       0
       0
       0
       0
       0
       0
       2
       0
       0
       1
       0
       0
       1
       0
       0
       1
       1
       0
       0
       0
       0
       0
       0
       0
       0
       0
       0
       0
       0
       0
       0
       0
       1
       0
       0
       0
       1
       0
       1
       1
       1
       0
       0
       1
       0
       0
       0
       2
       0
       1
       0
       0
       0
       0
       0
       0
       0
       0
       1
       0
       0
       0
       2
       0
       0
       1
       1
       0
       1
       1
       0
       1
       0
       1
       0
       0
       0
       0
       0
       0
       0
       1
       1
       0
       0
       1
       0
       0
       0
       0
       0
       0
       0
       0
       1
       0
       0
       0
       0
       0
       0
       0
       0
       0
       0
       1
       0
       0
       0
       0
       0
       0
       0
       0
       0
       0
       1
       0
       2
       0
       1
       0
       0
       0
       0
       0
       0
       0
       0
       0
       0
       1
       0
       1
       0
       0
       0
       0
       0
       0
       0
       0
       0
       0
       0
       0
       1
       2
       0
       0
       0
       1
       0
       0
       1
       0
       0
       0
       1
       1
       0
       0
       0
       2
       0
       1
       0
       0
       1
       0
       1
       0
       0
       1
       0
       0
       0
       0
       1
       0
       1
       0
       1
       0
       0
       0
       1
       0
       1
       0
       0
       0
       0
       0
       0
       1
       1
       0
       0
       0
       0
       1
       0
       0
       0
       0
       0
       0
       0
       1
       0
       0
       0
       0
       0
       1
       0
       0
       0
       2
       0
       0
       0
       0
       0
       0
       0
       0
       0
       0
       0
       0
       1
       1
       1
       0
       0
       1
       1
       0
       0
       1
       0
       0
       1
       0
       3
       0
       0
       1
       2
       0
       0
       1
       0
       1
       0
       1
       0
       1
       2
       0
       1
       0
       0
       1
       1
       1
       0
       0
       0
       0
       0
       0
       0
       0
       1
       0
       0
       0
       0
       0
       0
       1
       0
       0
       0
       1
       0
       0
       0
       1
       1
       0
       1
       0
       0
       0
       0
       0
       1
       0
       0
       1
       0
       2
       0
       0
       0
       0
       2
       0
       0
       0
       0
       1
       0
       1
       0
       0
       0
       0
       0
       0
       0
       0
       0
       0
       0
       0
       0
       2
       0
       0
       0
       0
       0
       0
       0
       0
       0
       0
       0
       0
       0
       0
       0
       0
       0
       1
       0
       0
       0
       0
       0
       0
       0
       0
       0
       0
       0
       0
       0
       1
       0
       2
       0
       0
       0
       0
       0
       0
       0
       0
       2
       1
       1
       0
       0
       0
       1
       0
       1
       0
       0
       0
       0
       0
       0
       0
       0
       0
       0
       0
       0
       0
       1
       0
       0
       0
       0
       0
       1
       0
       0
       0
       0
       1
       1
       0
       0
       0
       0
       1
       1
       0
       1
       1
       0
       0
       1
       0
       0
       0
       0
       0
       0
       0
       0
       1
       0
       1
       0
       1
       0
       0
       1
       0
       0
       0
       1
       2
       0
       0
       1
       0
       1
       1
       0
       1
       0
       0
       0
       1
       0
       0
       1
       0
       0
       0
       0
       0
       0
       0
       0
       0
       0
       1
       0
       1
       1
       0
       0
       0
       1
       0
       0
       0
       1
       1
       0
       0
       0
       0
       1
       0
       2
       0
       0
       0
       0
       0
       1
       0
       0
       0
       0
       0
       1
       1
       0
       1
       0
       0
       0
       1
       1
       0
       1
       0
       0
       0
       0
       0
       0
       0
       0
       0
       0
       0
       1
       2
       1
       0
       1
       1
       1
       1
       1
       0
       0
       4
       0
       0
       0
       0
       1
       0
       1
       0
       4
       0
       0
       1
       1
       0
       0
       1
       0
       0
       0
       0
       0
       0
       1
       0
       0
       0
       2
       0
       0
       1
       1
       0
       0
       0
       0
       0
       0
       0
       0
       0
       0
       0
       1
       1
       0
       0
       0
       0
       0
       1
       0
       0
       1
       1
       0
       0
       0
       0
       0
       0
       0
       0
       0
       0
       1
       0
       0
       0
       1
       0
       1
       0
       0
       0
       1
       1
       0
       0
       0
       1
       0
       1
       0
       0
       0
       0
       0
       0
       0
       0
       0
       0
       0
       0
       1
       0
       1
       0
       0
       1
       0
       1
       0
       0
       1
       0
       0
       1
       0
       1
       0
       0
       0
       0
       1
       0
       0
       0
       1
       0
       1
       0
       0
       1
       0
       0
       0
       0
       1
       0
       0
       0
       2
       1
       1
       0
       0
       0
       1
       0
       0
       0
       0
       0
       0
       0
       1
       0
       1
       0
       1
       0
       0
       0
       0
       0
       0
       1
       0
       0
       0
       0
       0
       1
       0
       0
       1
       0
       0
       0
       0
       1
       0
       0
       0
       2
       0
       0
       0
       0
       0
       2
       1
       0
       0
       0
       0
       2
       0
       1
       0
       0
       1
       1
       0
       0
       0
       0
       1
       0
       0
       0
       0
       0
       0
       1
       0
       0
       0
       0
       0
       0
       0
       1
       0
       0
       0
       1
       0
       0
       0
       0
       0
       0
       0
       0
       0
       0
       0
       0
       0
       1
       0
       0
       0
       0
       0
       0
       1
       0
       0
       0
       0
       0
       0
       0
       1
       2
       0
       0
       0
       0
       1
       1
       0
       0
       0
       1
       1
       0
       0
       0
       0
       1
       0
       0
       0
       0
       0
       0
       0
       0
       0
       1
       2
       0
       0
       0
       0
       0
       1
       0
       0
       0
       1
       0
       1
       1
       0
       0
       0
       3
       0
       0
       1
       0
       0
       0
       0
       0
       0
       0
       0
       0
       1
       0
       0
       1
       0
       0
       0
       0
       1
       0
       0
       0
       0
       0
       0
       0
       0
       0
       0
       1
       1
       0
       0
       0
       0
       0
       1
       0
       0
       1
       0
       2
       0
       0
       0
       0
       0
       0
       0
       0
       1
       0
       0
       0
       1
       1
       1
       0
       1
       4
       0
       0
       1
       1
       1
       1
       0
       1
       1
       0
       0
       0
       0
       0
       0
       0
       0
       1
       1
       1
       2
       0
       0
       1
       1
       0
       0
       0
       0
       1
       0
       0
       1
       0
       1
       0
       0
       0
       0
       0
       2
       0
       0
       2
       0
       0
       0
       0
       1
       0
       0
       2
       0
       0
       0
       0
       0
       0
       0
       0
       1
       0
       1
       1
       0
       0
       0
       0
       1
       0
       1
       0
       1
       1
       0
       0
       0
       1
       0
       1
       1
       0
       0
       0
       1
       0
       3
       1
       2
       0
       1
       0
       0
       0
       0
       0
       1
       1
       0
       0
       1
       0
       0
       0
       0
       0
       0
       0
       0
       0
       0
       0
       0
       0
       0
       0
       0
       1
       2
       0
       0
       0
       0
       0
       0
       1
       0
       0
       0
       1
       0
       1
       0
       0
       0
       0
       0
       0
       0
       0
       0
       1
       1
       0
       1
       0
       0
       2
       0
       0
       0
       1
       0
       0
       2
       1
       0
       0
       0
       2
       0
       0
       0
       0
       0
       1
       0
       0
       0
       0
       1
       0
       1
       0
       0
       0
       0
       0
       1
       1
       1
       0
       0
       0
       0
       0
       0
       0
       1
       0
       0
       2
       0
       0
       0
       0
       0
       3
       2
       1
       0
       0
       0
       1
       0
       0
       1
       0
       0
       0
       0
       0
       1
       0
       1
       0
       0
       0
       0
       0
       1
       1
       0
       0
       0
       0
       0
       0
       2
       1
       1
       0
       0
       0
       0
       0
       1
       1
       2
       0
       1
       0
       0
       2
       0
       0
       0
       0
       0
       1
       0
       1
       0
       0
       0
       0
       1
       0
       1
       0
       1
       0
       0
       1
       1
       1
       0
       0
       0
       0
       1
       2
       0
       2
       1
       1
       0
       0
       2
       1
       0
       0
       0
       0
       0
       0
       0
       0
       0
       0
       0
       3
       0
       1
       0
       1
       1
       0
       0
       1
       2
       2
       0
       0
       1
       0
       0
       1
       0
       0
       1
       0
       0
       0
       1
       0
       2
       0
       0
       0
       1
       0
       0
       0
       0
       0
       1
       0
       0
       1
       0
       0
       0
       0
       0
       1
       0
       0
       1
       0
       0
       0
       0
       0
       0
       0
       0
       0
       0
       0
       0
       0
       1
       0
       0
       0
       0
       0
       0
       1
       0
       0
       0
       0
       0
       0
       0
       0
       0
       0
       0
       0
       1
       0
       1
       0
       0
       0
       0
       0
       0
       0
       0
       0
       0
       1
       1
       0
       0
       0
       0
       1
       0
       0
       0
       0
       0
       0
       1
       0
       1
       0
       1
       0
       0
       0
       0
       0
       1
       3
       0
       1
       2
       2
       1
       0
       0
       1
       1
       3
       1
       3
       3
       1
       1
       1
       1
       0
       0
       0
       0
       1
       1
       0
       2
       1
       0
       0
       0
       0
       1
       0
       0
       1
       1
       0
       1
       0
       1
       1
       1
       1
       0
       1
       0
       0
       0
       0
       1
       0
       0
       1
       0
       2
       0
       0
       0
       1
       0
       1
       0
       1
       0
       1
       0
       1
       0
       0
       1
       0
       0
       0
       2
       0
       0
       0
       0
       0
       0
       1
       0
       0
       0
       0
       0
       1
       0
       0
       1
       1
       0
       1
       0
       0
       0
       0
       2
       1
       0
       0
       1
       0
       0
       1
       1
       0
       0
       0
       0
       1
       1
       1
       0
       0
       0
       0
       0
       0
       1
       0
       1
       0
       1
       0
       0
       1
       1
       0
       0
       0
       1
       0
       0
       0
       0
       0
       0
       0
       0
       0
       1
       0
       1
       0
       0
       1
       2
       0
       1
       0
       0
       0
       0
       0
       0
       1
       0
       0
       1
       0
       0
       0
       0
       0
       0
       0
       0
       0
       0
       0
       0
       0
       0
       0
       0
       0
       0
       0
       0
       0
       0
       1
       0
       0
       0
       0
       0
       0
       1
       0
       0
       0
       0
       1
       0
       0
       0
       0
       0
       0
       0
       0
       0
       0
       1
       0
       0
       0
       0
       2
       0
       1
       2
       0
       0
       0
       0
       0
       0
       0
       1
       0
       1
       0
       0
       0
       1
       0
       0
       1
       0
       1
       0
       0
       0
       1
       0
       0
       1
       0
       0
       1
       0
       0
       0
       0
       0
       0
       0
       0
       1
       0
       0
       1
       0
       0
       1
       0
       0
       1
       0
       1
       0
       1
       1
       1
       0
       0
       0
       0
       0
       1
       0
       0
       0
       0
       1
       1
       0
       0
       0
       0
       0
       0
       2
       0
       2
       0
       0
       0
       0
       0
       2
       0
       0
       0
       0
       0
       0
       0
       0
       0
       0
       0
       0
       0
       0
       0
       0
       0
       1
       0
       0
       0
       0
       0
       0
       1
       0
       0
       1
       1
       0
       0
       1
       1
       1
       0
       0
       0
       0
       0
       0
       0
       0
       0
       1
       0
       0
       0
       1
       0
       0
       1
       0
       0
       0
       0
       0
       0
       0
       0
       0
       1
       1
       0
       0
       0
       0
       0
       0
       0
       0
       0
       0
       1
       0
       0
       0
       0
       0
       0
       0
       0
       0
       1
       0
       1
       1
       0
       0
       0
       0
       0
       1
       0
       1
       0
       0
       0
       0
       0
       0
       1
       0
       0
       0
       0
       0
       0
       0
       0
       0
       0
       0
       0
       0
       0
       0
       1
       0
       0
       0
       1
       0
       0
       0
       0
       0
       0
       1
       0
       0
       0
       0
       0
       0
       1
       0
       0
       0
       0
       0
       0
       0
       0
       0
       0
       0
       1
       0
       0
       0
       0
       0
       0
       0
       1
       0
       0
       0
       1
       0
       0
       0
       1
       0
       1
       0
       0
       0
       0
       0
       0
       0
       0
       0
       0
       0
       0
       0
       0
       0
       1
       0
       1
       0
       0
       0
       0
       0
       0
       1
       1
       1
       0
       0
       0
       0
       0
       1
       0
       0
       0
       1
       0
       0
       0
       0
       0
       0
       0
       1
       0
       0
       0
       1
       0
       0
       0
       0
       0
       1
       0
       0
       0
       0
       1
       1
       0
       0
       0
       0
       1
       1
       1
       1
       0
       0
       0
       0
       0
       0
       2
       0
       0
       0
       0
       0
       0
       0
       0
       0
       0
       0
       0
       0
       0
       0
       0
       0
       0
       0
       0
       0
       0
       0
       0
       0
       1
       0
       0
       0
       0
       0
       0
       0
       0
       0
       0
       0
       0
       0
       0
       0
       0
       1
       0
       0
       0
       0
       1
       0
       0
       1
       0
       0
       0
       0
       0
       1
       0
       0
       0
       0
       0
       0
       0
       0
       0
       0
       0
       2
       0
       0
       0
       0
       0
       1
       0
       0
       0
       0
       0
       0
       1
       0
       0
       0
       0
       0
       0
       0
       0
       0
       0
       0
       0
       0
       0
       0
       0
       0
       0
       0
       1
       0
       0
       0
       0
       1
       0
       0
       0
       0
       0
       0
       2
       0
       0
       0
       0
       0
       0
       0
       1
       0
       0
       0
       0
       0
       0
       0
       0
       0
       0
       0
       0
       0
       0
       0
       0
       0
       0
       1
       0
       0
       0
       1
       0
       0
       0
       0
       0
       0
       0
       0
       0
       0
       0
       0
       1
       1
       0
       0
       0
       1
       0
       0
       0
       0
       0
       0
       0
       0
       0
       1
       0
       0
       0
       0
       0
       0
       0
       0
       0
       1
       0
       0
       0
       0
       0
       0
       0
       0
       0
       0
       0
       0
       0
       0
       0
       0
       0
       1
       0
       0
       0
       0
       0
       0
       0
       0
       0
       0
       0
       1
       0
       0
       0
       0
       0
       1
       0
       0
       0
       0
       0
       0
       1
       0
       0
       0
       0
       0
       0
       0
       0
       0
       0
       0
       0
       0
       0
       0
       0
       0
       1
       0
       0
       1
       0
       0
       0
       0
       0
       0
       0
       0
       0
       0
       0
       0
       0
       0
       0
       0
       1
       0
       0
       0
       0
       0
       0
       0
       0
       0
       0
       0
       0
       0
       0
       0
       0
       0
       0
       0
       0
       0
       0
       1
       0
       0
       0
       0
       0
       0
       0
       0
       0
       0
       1
       0
       0
       0
       0
       1
       0
       0
       0
       0
       0
       0
       0
       0
       1
       0
       0
       0
       0
       0
       0
       0
       0
       0
       0
       0
       0
       0
       0
       0
       0
       0
       1
       0
       0
       0
       0
       0
       0
       1
       0
       0
       0
       0
       1
       0
       0
       0
       0
       1
       0
       0
       0
       0
       0
       0
       0
       1
       0
       0
       0
       1
       0
       0
       0
       0
       0
       0
       0
       0
       0
       0
       0
       0
       0
       0
       0
       0
       0
       0
       0
       0
       0
       1
       0
       0
       0
       0
       0
       0
       0
       0
       1
       0
       0
       0
       0
       0
       0
       0
       0
       0
       0
       0
       0
       0
       0
       0
       0
       0
       0
       0
       0
       1
       0
       0
       0
       0
       1
       1
       3
       0
       0
       0
       0
       0
       2
       0
       0
       0
       0
       1
       2
       1
       1
       8
       2
       2
       3
       4
       3
       8
       1
       6
       3
       2
       3
       3
       3
       0
       4
       1
       0
       2
       3
       0
       0
       1
       0
       0
       1
       0
       0
       0
       0
       0
       0
       0
       0
       0
       0
       0
       0
       0
       0
       0
       0
       0
       0
       0
       0
       0
       0
       0
       0
       0
       0
       0
       0
       0
       0
       0
       0
       1
       0
       1
       0
       1
       0
       0
       0
       0
       0
       0
       0
       0
       0
       0
       0
       0
       0
       0
       0
       0
       0
       0
       0
       0
       0
       0
       0
       0
       0
       0
       0
       0
       0
       0
       0
       0
       0
       0
       0
       1
       0
       1
       0
       0
       0
       0
       0
       0
       0
       0
       0
       0
       0
       0
       0
       0
       0
       0
       0
       0
       0
       0
       0
       0
       0
       0
       0
       0
       0
       0
       0
       0
       0
       0
       0
       0
       0
       0
       0
       0
       0
       0
       0
       0
       0
       0
       0
       0
       0
       0
       0
       0
       0
       0
       0
       0
       0
       0
       0
       0
       0
       0
       0
       0
       0
       0
       0
       0
       0
       0
       0
       0
       0
       0
       0
       0
       0
       0
       0
       0
       0
       0
       0
       0
       0
       0
       0
       0
       0
       0
       0
       0
       0
       0
       0
       0
       0
       0
       0
       0
       0
       0
       0
       0
       0
       0
       0
       0
       0
       0
       0
       0
       0
       0
       0
       0
       0
       0
       0
       0
       0
       0
       0
       0
       0
       0
       0
       0
       0
       0
       0
       0
       0
       0
       0
       0
       0
       0
       0
       0
       0
       0
       0
       0
       0
       0
       0
       0
       0
       0
       0
       0
       0
       0
       0
       0
       0
       0
       0
       0
       0
       0
       0
       0
       0
       0
       0
       0
       0
       0
       0
       0
       0
       0
       0
       0
       0
       0
       0
       0
       0
       0
       0
       0
       0
       0
       0
       0
       0
       0
       0
       0
       0
       0
       0
       0
       0
       0
       0
       0
       0
       0
       0
       0
       0
       0
       0
       0
       0
       0
       0
       0
       0
       0
       0
       0
       0
       0
       0
       0
       0
       0
       0
       0
       0
       0
       0
       0
       0
       0
       0
       0
       0
       0
       0
       0
       0
       0
       0
       0
       0
       0
       0
       0
       0
       0
       0
       0
       0
       0
       0
       0
       0
       0
       0
       0
       0
       0
       0
$ROI:
11
583 647
961 1022
1579 1617
1945 1972
2543 2573
3149 3192
3710 3760
4621 4695
5562 5597
6799 6831
13202 13243
$PRESETS:
None
0
0
$ENER_FIT:
0.397847 0.199192
$MCA_CAL:
3
3.978472E-001 1.991916E-001 0.000000E+000 keV
$SHAPE_CAL:
3
5.030225E+000 9.745300E-004 0.000000E+000
