$SPEC_ID:
No sample description was entered.
$SPEC_REM:
DET# 1
DETDESC# DESKTOP-9VUPE7E Model 927 SN 7115241 Input 1
AP# Maestro Version 7.01
$DATE_MEA:
12/13/2025 12:53:58
$MEAS_TIM:
1586 1617
$DATA:
0 16383
       0
       0
       0
       0
       0
       0
       0
       0
       0
       0
       0
       0
       0
       0
       0
       0
       0
       0
       0
       0
       0
       0
       0
       0
       0
       0
       0
       0
       0
       0
       0
       0
       0
       0
       0
       0
       0
       0
       0
       0
       0
       0
       0
       0
       0
       0
       0
       0
       0
       0
       0
       0
       0
       0
       0
       0
       0
       0
       0
       0
       0
       0
       0
       0
       0
       0
       0
       0
       0
       0
       0
       0
       0
       0
       0
       0
       0
       0
       0
       0
       0
       0
       0
       0
       0
       0
       0
       0
       0
       0
       0
       0
       0
       0
       0
       0
       0
       0
       0
       0
       0
       0
       0
       0
       0
       0
       0
       0
       0
       0
       0
       0
       0
       0
       0
       0
       0
       0
       0
       0
       0
       0
       0
       0
       0
       0
       0
       0
       0
       0
       0
       0
       0
       0
       0
       0
       0
       0
       0
       0
       0
       0
       0
       0
       0
       0
       0
       0
       0
       0
       0
       0
       0
       0
       0
       0
       0
       0
       0
       0
       0
       0
       0
       0
       0
       0
       0
       0
       0
       0
       0
       0
       0
       0
       0
       0
       0
       0
       0
       0
       0
       0
       0
       0
       0
       0
       0
       0
       0
       0
       0
       0
       0
       0
       0
       0
       0
       0
       0
       0
       0
       0
       0
       0
       0
       0
       0
       0
       0
       0
       0
       0
       0
       0
       0
       0
       0
       0
       0
       0
       0
       0
       0
       0
       0
       0
       0
       0
       0
       0
       0
       0
       0
       0
       0
       0
       0
       0
       0
       0
       0
       0
       0
       0
       0
       0
       0
       0
       0
       0
       0
       0
       0
       0
       0
       0
       0
       0
       0
       0
       0
       0
       0
       0
       0
       0
       0
       0
       0
       0
       0
       0
       0
       0
       0
       0
       0
       0
       0
       0
       0
       0
       0
       0
       0
       0
       0
       0
       0
       0
       0
       0
       0
       0
       0
       0
       0
       0
       0
       0
       0
       0
       0
       0
       0
       0
       0
       0
       0
       0
       0
       0
       0
       0
       0
       0
       0
       0
       0
       0
       0
       0
       0
       0
       0
       0
       0
       0
       0
       0
       0
       0
       0
       0
       0
       0
       0
       0
       0
       0
       0
       0
       0
       0
       0
       0
       0
       0
       0
       0
       0
       0
       0
       0
       0
       0
       0
       0
       0
       0
       0
       0
       0
       0
       0
       0
       0
       0
       0
       0
       0
       0
       0
       0
       0
       0
       0
       0
       0
       0
       0
       0
       0
       0
       0
       0
       0
       0
       0
       0
       0
       0
       0
       0
       0
       0
       0
       0
       0
       8
      56
     134
     158
     167
     187
     196
     172
     168
     154
     175
     173
     162
     157
     185
     188
     188
     185
     182
     158
     176
     191
     178
     189
     193
     191
     193
     190
     189
     204
     189
     208
     220
     180
     202
     225
     197
     220
     199
     202
     251
     231
     205
     208
     213
     233
     216
     248
     224
     212
     216
     220
     234
     204
     223
     213
     217
     240
     223
     242
     211
     198
     239
     218
     190
     187
     214
     200
     195
     167
     178
     169
     193
     193
     180
     221
     196
     184
     211
     202
     180
     161
     209
     175
     193
     203
     187
     192
     189
     188
     182
     169
     186
     198
     192
     173
     170
     157
     190
     199
     188
     183
     186
     185
     173
     190
     183
     163
     187
     196
     186
     174
     167
     182
     192
     186
     185
     175
     190
     190
     196
     199
     210
     184
     174
     179
     171
     178
     209
     194
     181
     208
     201
     204
     189
     180
     179
     192
     201
     166
     190
     212
     181
     152
     195
     200
     208
     190
     214
     208
     189
     185
     186
     183
     234
     230
     222
     231
     196
     239
     206
     219
     229
     233
     208
     200
     230
     227
     221
     202
     231
     223
     204
     225
     234
     205
     198
     204
     230
     233
     202
     246
     221
     213
     243
     212
     261
     240
     246
     236
     224
     212
     240
     265
     255
     234
     258
     250
     233
     285
     266
     372
     513
     759
    1183
    1675
    2234
    2676
    2740
    2323
    1786
    1239
     785
     487
     307
     230
     239
     191
     191
     197
     179
     205
     192
     205
     200
     210
     201
     216
     219
     213
     208
     181
     192
     185
     190
     237
     202
     191
     212
     208
     200
     226
     221
     241
     225
     203
     232
     198
     216
     224
     247
     238
     206
     202
     223
     203
     224
     209
     210
     222
     235
     245
     216
     218
     236
     224
     237
     235
     225
     210
     214
     227
     209
     246
     240
     248
     224
     227
     224
     242
     228
     223
     216
     235
     228
     228
     233
     258
     236
     220
     217
     229
     249
     238
     217
     243
     242
     249
     220
     219
     229
     245
     242
     225
     217
     224
     259
     236
     244
     250
     240
     236
     234
     214
     235
     208
     265
     255
     214
     258
     191
     232
     225
     222
     249
     252
     228
     219
     229
     245
     226
     225
     211
     230
     243
     224
     234
     237
     221
     226
     219
     243
     201
     236
     226
     216
     210
     237
     240
     217
     246
     220
     230
     266
     235
     193
     215
     246
     214
     252
     244
     229
     232
     256
     241
     241
     251
     243
     237
     203
     234
     235
     223
     227
     210
     224
     224
     248
     228
     208
     224
     215
     213
     217
     233
     221
     198
     212
     223
     216
     228
     241
     225
     215
     233
     212
     223
     223
     201
     194
     189
     207
     232
     246
     208
     242
     239
     208
     225
     196
     216
     202
     214
     200
     239
     207
     201
     218
     205
     201
     241
     215
     219
     200
     194
     220
     211
     202
     224
     210
     218
     246
     219
     222
     246
     203
     237
     228
     200
     197
     232
     225
     214
     251
     212
     215
     222
     245
     222
     242
     230
     213
     222
     195
     216
     241
     210
     219
     203
     229
     205
     225
     206
     227
     215
     231
     211
     220
     214
     201
     232
     222
     216
     217
     222
     231
     226
     200
     225
     222
     227
     231
     220
     211
     226
     223
     207
     209
     187
     208
     225
     240
     234
     212
     237
     222
     240
     231
     225
     252
     239
     224
     210
     215
     218
     235
     194
     207
     238
     217
     228
     229
     222
     206
     204
     194
     217
     211
     236
     253
     206
     229
     216
     221
     232
     195
     204
     201
     216
     230
     229
     221
     265
     224
     201
     217
     259
     242
     217
     220
     237
     217
     247
     212
     223
     228
     218
     235
     201
     204
     224
     252
     228
     210
     215
     235
     216
     213
     235
     210
     216
     222
     246
     218
     232
     245
     229
     216
     227
     245
     205
     237
     231
     203
     226
     261
     231
     218
     219
     238
     257
     315
     402
     580
     978
    1559
    2297
    3327
    3788
    4032
    3506
    2873
    2138
    1246
     789
     448
     267
     211
     197
     153
     189
     182
     158
     191
     166
     157
     165
     184
     179
     189
     201
     172
     176
     184
     170
     178
     175
     176
     154
     174
     178
     152
     152
     182
     145
     151
     184
     170
     178
     149
     167
     154
     172
     155
     176
     167
     166
     192
     164
     169
     154
     183
     177
     167
     173
     168
     187
     183
     157
     190
     179
     167
     174
     169
     160
     169
     172
     180
     178
     167
     171
     170
     172
     182
     180
     194
     152
     159
     179
     180
     159
     174
     172
     176
     178
     183
     202
     170
     165
     186
     173
     168
     184
     177
     161
     174
     181
     169
     160
     156
     163
     182
     157
     169
     140
     160
     171
     162
     121
     165
     140
     162
     190
     174
     156
     159
     190
     169
     164
     166
     171
     162
     139
     178
     201
     171
     173
     192
     191
     171
     174
     192
     190
     161
     166
     173
     147
     195
     158
     185
     144
     164
     169
     172
     169
     144
     157
     169
     142
     175
     147
     152
     150
     162
     174
     177
     164
     161
     161
     157
     141
     154
     172
     153
     163
     177
     153
     149
     160
     153
     164
     175
     160
     177
     150
     183
     145
     170
     177
     163
     184
     170
     188
     164
     171
     172
     137
     163
     163
     182
     160
     156
     201
     163
     158
     164
     165
     190
     169
     159
     156
     166
     164
     170
     164
     186
     181
     175
     154
     183
     181
     175
     153
     151
     157
     153
     204
     156
     154
     184
     183
     179
     184
     184
     177
     191
     164
     160
     168
     144
     169
     177
     153
     163
     158
     157
     179
     165
     191
     165
     160
     141
     170
     164
     157
     155
     147
     184
     128
     157
     144
     161
     166
     139
     147
     138
     152
     154
     147
     156
     155
     158
     149
     151
     151
     180
     157
     131
     164
     181
     164
     158
     150
     145
     155
     131
     148
     158
     136
     184
     159
     170
     147
     175
     161
     177
     162
     172
     166
     128
     190
     159
     134
     165
     141
     156
     146
     155
     154
     161
     154
     155
     145
     137
     166
     141
     162
     159
     174
     181
     144
     172
     169
     145
     164
     148
     125
     148
     147
     153
     155
     154
     127
     165
     140
     175
     164
     148
     159
     147
     173
     167
     150
     153
     154
     137
     148
     141
     150
     145
     144
     148
     158
     152
     152
     173
     153
     135
     177
     132
     165
     183
     158
     140
     166
     165
     132
     170
     140
     147
     146
     151
     147
     142
     148
     147
     166
     149
     143
     150
     131
     164
     146
     168
     152
     162
     155
     153
     154
     156
     133
     152
     160
     153
     121
     150
     147
     180
     178
     162
     150
     179
     166
     151
     134
     159
     161
     166
     168
     173
     172
     175
     156
     148
     156
     113
     149
     129
     157
     160
     131
     152
     160
     153
     137
     154
     138
     155
     122
     166
     134
     161
     148
     133
     135
     162
     139
     158
     140
     142
     140
     139
     140
     124
     157
     144
     123
     146
     128
     130
     139
     141
     130
     169
     164
     134
     159
     165
     118
     153
     151
     132
     151
     146
     117
     137
     145
     157
     136
     136
     155
     137
     145
     154
     121
     135
     151
     126
     126
     144
     157
     110
     140
     153
     128
     122
     134
     139
     123
     142
     139
     134
     139
     134
     118
     123
     125
     117
     156
     151
     124
     140
     128
     112
     129
     144
     154
     136
     130
     136
     137
     144
     120
     126
     147
     127
     130
     148
     142
     137
     129
     142
     129
     137
     143
     158
     133
     120
     136
     142
     108
     131
     114
     138
     125
     135
     151
     117
     126
     140
     136
     126
     130
     130
     129
     134
     142
     146
     146
     125
     152
     128
     123
     133
     132
     117
     148
     121
     125
     144
     114
     143
     128
     134
     144
     145
     117
     127
     128
     118
     134
     118
     150
     126
     146
     136
     134
     153
     147
     163
     168
     157
     168
     147
     136
     141
     118
     123
     129
     151
     106
     124
     120
     128
     134
     122
     151
      99
     128
     131
     121
     124
     118
     111
     114
     129
     137
     127
     107
     128
     130
     121
     112
     133
     113
     110
     112
     119
     129
     117
     129
     148
     114
     138
     129
     128
     113
     145
     122
     107
     136
     126
     116
     107
     124
     118
     122
     132
     136
     121
     131
     127
     110
     114
     108
     126
     117
     109
     107
     125
     116
     131
     109
     110
     127
     131
     124
     127
     137
     127
     148
     137
     130
     140
     112
     123
     119
     120
     117
     115
     129
     121
     119
     123
     106
     130
     117
     108
     125
      98
     119
     118
     109
     110
     112
     137
     126
     101
     130
     139
     120
     129
     121
     128
     142
     132
     115
     113
     108
     107
     105
      98
     111
     110
     111
     132
     109
     111
     109
     102
     110
     105
     114
     118
     110
     110
     134
     109
     104
     115
     124
     116
     114
     126
     107
     118
     109
      96
     114
     109
     112
     102
     118
     119
     101
      94
     114
     119
     103
     112
     117
      95
      84
     111
     115
     108
     118
     105
     120
     111
     110
      95
     111
     122
     108
      95
     100
     104
     110
     102
      98
     119
     121
     109
     106
      86
     119
     101
     100
     102
      97
     111
      96
     105
     102
     114
     111
     110
      98
     109
     102
     111
     114
     115
     108
      79
     111
     112
     122
     109
      92
      94
     105
     106
     113
      93
     114
      87
     101
      96
     101
     116
     101
      99
     108
     102
     100
      99
      94
     109
      93
     108
     129
      98
     108
     101
     115
      81
      94
     110
      98
     101
      91
     108
      95
     103
      94
      88
     105
     106
      99
     111
     102
     109
      99
      98
     101
      96
     103
     100
      88
     110
     100
      82
     112
      78
      86
      83
      94
      92
     114
      96
      96
      97
     119
      94
      92
     101
      85
     100
      90
     106
     101
      99
      97
     112
     110
     111
     111
      90
      95
     118
     106
      81
     107
      91
     101
     113
      85
      93
      93
     113
      81
      91
      87
     110
      84
     105
      97
      89
      97
      96
      93
      79
      89
     103
      98
      82
      85
      82
      86
      95
      90
     101
      86
      87
     105
      81
      90
      69
      90
     102
      86
      87
      85
     102
      98
     107
      94
      84
      85
      93
     107
      91
      82
      81
      82
      87
      90
      82
      92
      91
      87
      81
      95
      87
      97
      97
     101
      97
      89
      89
      84
     102
      90
      90
      97
      76
      83
      91
      86
     107
      97
      79
      83
      94
     100
      95
      96
      91
      88
      95
      84
      98
     103
     103
      90
      86
      99
      82
      87
      78
      76
      80
      93
      93
      83
      65
      94
      92
      96
      83
      89
      83
      89
      81
      88
      77
      87
      84
      75
      94
      82
      75
      88
      92
      94
      77
      93
      77
      98
      90
      66
      77
      84
      93
      89
     103
      83
      79
      70
      96
      73
      92
      84
      94
      88
      86
      79
      82
      76
      79
      96
      84
      84
      82
      87
      82
      73
      89
      73
      93
      88
      86
      82
      74
      86
      94
      99
      83
      80
      83
      65
      78
     101
      85
      71
      84
      91
      64
      83
      80
      68
      64
      91
      91
      87
      79
      77
      92
      85
      81
      83
      72
      81
      97
      76
      76
      79
      83
      85
     101
      88
      86
     100
      72
      88
      86
      89
      79
      75
      96
      75
      84
      81
      73
      83
      96
     115
     123
     158
     210
     215
     301
     342
     308
     309
     235
     214
     150
     122
      91
      90
      98
      99
      63
      79
      91
      74
      73
      88
      86
      88
      81
      65
      78
      87
      97
      76
      68
      79
      74
      67
      86
      74
      83
      66
      73
      94
      95
      71
     100
      81
      82
      68
      77
      71
      86
      98
      78
      79
      77
      69
      69
      75
      80
      72
      79
      77
      83
      76
      82
      73
      75
      73
      71
      77
      86
      61
      82
      54
      60
      77
      72
      69
      62
      75
      66
      78
      76
      78
      63
      77
      86
      78
      80
      84
      95
      99
      94
      83
      91
      88
      94
      95
      88
      98
     112
     121
     109
     100
      87
      90
      82
      79
      85
      68
      66
      79
      75
      75
      89
      74
      81
      75
      77
      65
      70
      70
      84
      84
      74
      68
      85
      57
      72
      68
      71
      80
      67
      71
      78
      59
      78
      81
      79
      71
      72
      75
      86
      81
     102
      72
      91
      73
      69
      63
      52
      69
      82
      80
      74
      76
      73
      49
      54
      56
      52
      62
      63
      69
      74
      67
      57
      80
      58
      67
      69
      73
      73
      59
      68
      73
      54
      52
      63
      75
      65
      60
      63
      49
      55
      72
      69
      48
      64
      61
      62
      70
      65
      49
      90
      78
      56
      85
      77
      47
      66
      69
      67
      59
      60
      52
      61
      77
      59
      70
      68
      69
      59
      60
      64
      71
      65
      71
      70
      66
      61
      71
      62
      64
      58
      64
      65
      70
      71
      68
      70
      62
      67
      60
      78
      65
      63
      54
      75
      61
      55
      66
      72
      72
      52
      64
      61
      60
      56
      74
      76
      56
      54
      71
      59
      65
      58
      74
      52
      62
      48
      55
      49
      65
      73
      58
      60
      59
      54
      68
      70
      66
      52
      72
      52
      72
      57
      64
      59
      61
      59
      50
      70
      84
      65
      62
      57
      57
      78
      61
      56
      53
      76
      69
      68
      72
      63
      62
      66
      75
      62
      60
      68
      63
      55
      67
      74
      68
      55
      58
      59
      54
      54
      89
      56
      69
      61
      75
      81
      91
     109
     104
     102
     123
      91
     102
      90
      78
      77
      68
      63
      50
      53
      62
      60
      51
      60
      64
      46
      62
      57
      81
      51
      68
      50
      64
      74
      46
      73
      76
      62
      61
      61
      50
      60
      53
      63
      59
      56
      58
      57
      73
      50
      58
      60
      65
      66
      58
      64
      62
      60
      63
      65
      66
      61
      50
      48
      58
      48
      48
      63
      48
      64
      60
      51
      61
      57
      66
      63
      55
      57
      52
      61
      55
      59
      62
      48
      55
      64
      50
      45
      57
      64
      44
      56
      53
      67
      53
      64
      63
      57
      57
      71
      48
      67
      51
      66
      58
      47
      55
      57
      51
      56
      50
      67
      61
      57
      55
      57
      52
      68
      44
      48
      52
      72
      68
      55
      64
      60
      61
      43
      74
      74
      62
      62
      67
      58
      58
      65
      70
      56
      60
      39
      60
      52
      49
      56
      55
      57
      61
      62
      59
      57
      52
      64
      64
      53
      56
      56
      56
      61
      57
      58
      61
      47
      61
      69
      75
      69
      70
      90
      91
     110
     105
     125
     143
     181
     200
     212
     242
     267
     290
     292
     269
     266
     263
     264
     251
     222
     185
     151
     132
     125
     100
      92
      94
      84
      78
      51
      62
      56
      66
      49
      56
      52
      60
      69
      56
      53
      52
      54
      64
      59
      54
      47
      56
      52
      42
      48
      48
      51
      50
      48
      44
      42
      63
      56
      33
      60
      54
      51
      43
      53
      54
      46
      57
      32
      54
      42
      54
      47
      56
      47
      56
      40
      60
      43
      43
      46
      51
      54
      37
      37
      38
      53
      50
      40
      37
      60
      56
      54
      40
      66
      52
      43
      36
      49
      48
      41
      54
      48
      54
      49
      47
      33
      48
      53
      46
      43
      49
      59
      47
      49
      54
      51
      43
      44
      55
      50
      45
      48
      46
      37
      58
      46
      41
      50
      29
      43
      42
      42
      46
      46
      44
      52
      56
      40
      53
      42
      52
      52
      43
      34
      34
      44
      52
      70
      36
      51
      61
      36
      47
      47
      48
      44
      50
      44
      35
      39
      51
      44
      51
      41
      57
      56
      42
      54
      60
      55
      65
      75
      71
      74
      66
      64
      57
      46
      42
      38
      48
      57
      41
      46
      43
      41
      50
      45
      52
      43
      38
      40
      47
      44
      54
      53
      50
      56
      46
      61
      47
      71
      82
     109
     171
     284
     380
     609
     807
     938
    1081
    1078
     951
     809
     632
     412
     286
     180
     140
     106
     111
     122
     129
     171
     186
     228
     190
     203
     169
     122
     122
      77
      53
      50
      48
      46
      39
      54
      41
      41
      47
      42
      45
      42
      33
      43
      51
      52
      40
      32
      38
      35
      49
      37
      37
      34
      62
      34
      36
      37
      44
      43
      39
      35
      38
      44
      37
      51
      51
      40
      46
      38
      36
      50
      40
      42
      45
      44
      37
      40
      39
      41
      44
      37
      43
      40
      33
      33
      32
      41
      38
      42
      41
      51
      38
      43
      30
      42
      45
      34
      37
      36
      39
      50
      40
      51
      38
      51
      44
      46
      42
      46
      40
      60
      74
      72
     100
     109
     121
     134
     137
     134
     102
      81
      75
      63
      50
      43
      37
      35
      40
      36
      34
      29
      41
      43
      46
      36
      30
      50
      36
      41
      34
      41
      40
      42
      27
      28
      37
      37
      33
      43
      29
      28
      41
      33
      31
      37
      32
      34
      33
      33
      34
      40
      46
      35
      38
      29
      53
      35
      32
      40
      48
      47
      53
      48
      57
      52
      41
      37
      46
      35
      33
      36
      36
      40
      41
      35
      34
      36
      51
      38
      31
      29
      39
      38
      49
      34
      50
      39
      38
      38
      42
      39
      44
      39
      51
      40
      38
      30
      26
      45
      41
      47
      40
      30
      35
      36
      33
      39
      31
      44
      41
      38
      38
      46
      27
      39
      35
      32
      39
      46
      29
      44
      48
      39
      38
      41
      44
      45
      28
      39
      29
      31
      38
      28
      35
      36
      50
      45
      31
      38
      36
      34
      50
      46
      37
      49
      48
      65
     113
     150
     194
     282
     339
     431
     473
     530
     470
     415
     331
     280
     191
     125
      87
      61
      47
      36
      31
      43
      37
      32
      39
      35
      36
      43
      44
      33
      42
      32
      29
      34
      35
      24
      32
      26
      30
      37
      29
      46
      33
      37
      32
      34
      35
      51
      44
      55
      50
      61
      92
     105
     124
     160
     192
     217
     178
     209
     213
     185
     133
     106
      74
      67
      53
      42
      31
      30
      41
      35
      33
      25
      33
      38
      29
      39
      32
      33
      33
      43
      38
      31
      29
      43
      46
      53
      82
      93
      97
     145
     109
     135
     113
      83
      74
      79
      51
      54
      43
      50
      48
      54
      46
      41
      42
      34
      28
      42
      32
      31
      35
      40
      33
      32
      34
      41
      28
      44
      38
      26
      29
      43
      36
      37
      39
      36
      34
      27
      35
      26
      28
      34
      36
      33
      31
      31
      31
      42
      40
      31
      51
      65
      90
     146
     163
     318
     381
     538
     627
     629
     660
     657
     546
     414
     363
     207
     169
      64
      64
      40
      75
      68
      87
     113
     136
     161
     168
     167
     191
     191
     183
     148
     151
     131
     110
      80
      72
      53
      46
      36
      27
      42
      39
      34
      29
      28
      28
      27
      27
      24
      27
      27
      31
      34
      21
      37
      32
      36
      43
      26
      28
      32
      24
      38
      34
      34
      28
      35
      31
      35
      38
      29
      36
      27
      39
      31
      33
      27
      33
      29
      32
      28
      25
      31
      30
      34
      24
      41
      37
      40
      33
      31
      26
      31
      32
      26
      23
      34
      38
      24
      27
      25
      24
      31
      40
      35
      22
      39
      29
      30
      26
      21
      33
      22
      25
      35
      28
      33
      32
      37
      39
      44
      41
      61
      69
      71
     100
      98
     137
     111
     102
      83
      92
      64
      57
      45
      36
      31
      37
      33
      24
      22
      34
      35
      37
      37
      28
      28
      28
      26
      36
      19
      24
      20
      44
      26
      22
      23
      30
      21
      28
      35
      22
      25
      20
      21
      30
      33
      32
      29
      27
      22
      22
      28
      31
      29
      25
      30
      26
      21
      29
      21
      32
      38
      34
      40
      54
      58
      44
      51
      49
      38
      26
      37
      30
      29
      27
      29
      35
      32
      26
      31
      37
      20
      17
      23
      30
      32
      34
      29
      29
      35
      31
      29
      27
      22
      35
      29
      17
      27
      30
      22
      32
      35
      26
      25
      30
      38
      30
      24
      32
      37
      28
      28
      33
      22
      29
      44
      49
      61
      80
     139
     224
     282
     384
     512
     658
     710
     832
     690
     640
     527
     355
     257
     183
     103
      57
      44
      22
      24
      21
      31
      28
      30
      33
      18
      13
      20
      21
      30
      26
      24
      27
      36
      48
      26
      39
      37
      32
      36
      35
      22
      27
      22
      25
      26
      34
      18
      23
      22
      18
      23
      36
      25
      23
      34
      20
      31
      18
      34
      20
      45
      22
      33
      19
      30
      33
      18
      20
      30
      23
      26
      32
      24
      19
      26
      26
      35
      35
      29
      21
      29
      31
      22
      19
      31
      21
      22
      28
      27
      19
      25
      32
      27
      26
      24
      45
      45
      55
      66
      78
      99
     101
      98
     114
      92
      76
      65
      58
      49
      43
      28
      24
      28
      21
      20
      29
      23
      19
      22
      16
      22
      21
      25
      20
      20
      25
      31
      22
      31
      43
      29
      37
      37
      40
      39
      40
      37
      34
      43
      30
      34
      45
      35
      26
      29
      32
      25
      29
      29
      18
      20
      34
      24
      26
      37
      27
      16
      23
      20
      19
      26
      19
      25
      19
      29
      14
      19
      26
      23
      26
      22
      27
      27
      35
      20
      24
      31
      16
      21
      20
      17
      24
      14
      35
      20
      21
      25
      23
      30
      27
      29
      32
      38
      37
      38
      44
      42
      30
      25
      17
      15
      30
      25
      27
      28
      31
      30
      25
      24
      28
      21
      26
      23
      15
      33
      15
      18
      23
      21
      27
      27
      37
      28
      29
      22
      21
      21
      31
      27
      21
      24
      19
      18
      22
      20
      35
      29
      35
      32
      28
      36
      49
      52
      54
      77
     104
     119
     113
     123
     107
     118
      89
      82
      32
      58
      46
      22
      26
      29
      31
      21
      13
      28
      33
      21
      18
      24
      19
      20
      18
      24
      19
      24
      17
      20
      24
      19
      23
      25
      20
      25
      17
      29
      17
      27
      37
      26
      33
      32
      18
      24
      23
      21
      22
      12
      24
      18
      22
      25
      25
      28
      19
      15
      18
      17
      28
      18
      24
      10
      20
      29
      19
      15
      21
      24
      19
      18
      20
      21
      23
      26
      26
      29
      26
      45
      48
      72
      82
     100
     111
     123
     114
     105
      80
      83
      70
      37
      27
      22
      25
      23
      21
      25
      30
      27
      28
      24
      32
      47
      69
      92
     116
     144
     198
     239
     244
     244
     210
     189
     139
     111
     107
      64
      57
      33
      28
      30
      32
      40
      41
      35
      38
      30
      31
      21
      17
      22
      22
      18
      14
      22
      13
      24
      21
      20
      18
      21
      19
      23
      16
      16
      12
      17
      21
      17
      15
      18
      23
      15
      19
      19
      18
      15
      12
      25
      20
      25
      18
      17
      23
      21
      20
      19
      17
      19
      24
      20
      26
      25
      20
      19
      17
      13
      21
      16
      16
      12
      17
      20
      16
      18
      25
       8
      15
      23
      22
      21
      23
      17
      30
      16
      26
      30
      23
      21
      22
      15
      24
      25
      16
      27
      20
      18
      19
      32
      19
      16
      18
      21
      16
      19
      26
      13
      22
      15
      23
      21
      28
      25
      24
      14
      24
      24
      37
      29
      17
      24
      19
      13
      20
      14
      17
      25
      17
      18
      15
      20
      15
      17
      15
      12
      20
      21
      18
      14
      16
      17
      16
      26
      22
      31
      13
      14
      21
      15
      14
      15
      18
      10
      20
      19
      17
      23
      20
      17
      22
      17
      14
      16
      18
      13
      17
      23
       9
      17
      16
      15
      14
      17
      14
      24
      19
      16
      15
      13
      15
      20
      23
      10
      18
      19
      17
      18
      20
      17
      18
      30
      21
      15
      15
      16
      19
      15
      14
      22
      23
      26
      14
      13
      19
      22
      14
      19
      17
      22
      13
      15
      13
      16
      15
      15
      17
      12
      15
      14
      19
      22
      20
      19
      17
      20
      10
      17
      24
      22
      22
      17
      18
      23
      16
      22
      15
      16
      13
      18
      19
      21
      16
      13
      18
      24
      13
      19
      29
      30
      40
      50
      85
     117
     135
     210
     260
     298
     311
     359
     280
     287
     213
     158
     119
      83
      58
      38
      23
      26
      21
      20
       7
      17
      11
      16
      23
      10
      14
      16
      21
      13
      21
      17
      20
      19
      11
      18
      10
      15
      22
      18
      16
      12
      10
      15
      13
      17
      16
      13
      15
      10
      14
      15
      20
      16
      19
      14
      17
      12
      18
      28
      14
      17
      14
      23
      15
      21
      27
      22
      21
      19
      15
      11
      14
      16
      15
      14
       9
      11
      12
      16
      20
      13
      19
      15
      17
      18
      18
      14
      19
      17
      14
      21
      19
      22
      11
      12
      24
       7
      18
      21
      14
      16
      28
      17
      19
      17
      17
      15
      22
      15
      13
      17
      14
      19
      14
       7
      14
      10
      13
      15
      16
      15
      12
      13
      14
      19
      11
      18
      17
      16
      16
      14
      10
      29
      21
      10
      16
      20
      13
      17
       7
      18
      22
      15
      11
       4
      16
      15
      23
      13
      13
      10
      17
      11
      17
      12
      11
      16
      17
      17
      20
      16
      16
       9
      12
      10
      20
      12
      14
      19
      19
      15
      15
      20
      22
      16
      11
      19
      22
      17
       9
      20
      25
      30
      30
      48
      32
      51
      55
      44
      41
      26
      30
      22
      19
      19
      11
      19
      12
      10
      20
      13
      15
      14
      15
      12
      22
      15
       9
      12
      16
      12
      13
      16
      12
      10
      12
      18
      16
      17
      13
      15
      17
      13
      17
      16
      17
      12
      17
      14
      18
      23
      18
      20
      14
      15
      29
      27
      35
      51
      67
     120
     137
     205
     260
     341
     370
     444
     426
     394
     339
     259
     176
     137
      96
      59
      43
      26
      16
      21
      17
      14
       9
      15
      10
      11
       7
      17
      13
      10
      19
      13
      13
      10
      20
      18
      16
      18
      10
      16
       9
      16
      21
      12
       9
      17
      12
      17
      16
      27
      27
      33
      56
      82
      77
     121
     138
     167
     146
     160
     146
     154
      98
      94
      49
      53
      32
      24
      13
      24
      15
      19
      17
      11
      11
      16
      14
      17
      15
      17
      15
      14
      17
      10
      14
       7
      14
       9
       8
      11
      12
       7
      15
      18
      20
       8
      17
      11
       9
      15
      18
       8
      13
      19
      17
       4
      15
      10
      13
      15
       5
      12
      18
      21
      19
      15
      22
      25
      34
      43
      50
      56
      51
      46
      45
      41
      36
      31
      30
      17
      16
      13
      17
      17
      11
      10
      15
      13
      12
      14
      12
      16
      17
      15
      16
       9
      13
      16
      10
       8
      12
      12
       8
      11
      10
      10
       9
      13
      11
      14
      11
      10
      14
       9
      10
      13
      18
       8
      20
      29
      23
      15
      19
      14
      25
      21
      30
      16
      18
      16
       9
      10
      16
      13
      12
      14
       9
      12
      15
       4
      15
       8
       9
      10
      12
      12
      13
       6
       7
       4
      13
      12
      10
      11
      15
      12
      12
      14
       5
      14
       9
      15
      16
      11
      13
      12
      18
      10
      16
      12
      20
      14
      19
      15
      14
      10
      17
      16
      13
       8
      20
      14
      19
      22
      31
      37
      65
      79
     131
     159
     187
     184
     208
     267
     218
     211
     168
     125
      76
      67
      42
      21
      26
      29
      19
      14
      13
      16
      10
      10
      10
      12
       8
       8
      10
       7
       6
      14
      16
      20
      11
       9
      19
      17
      17
      14
       8
      21
      21
      19
      19
      10
       9
      16
      20
      15
      15
      14
      15
      12
       9
      11
      17
      17
      14
      19
      21
       9
      12
      11
      19
      11
      11
       8
      11
      12
       5
       7
      16
      14
      14
      14
      11
       9
      13
      11
      12
      13
      11
      12
      12
       7
      13
      12
      15
      21
      23
      14
      11
      15
      12
      12
      15
      14
       8
       8
      11
      16
       8
      13
      11
      14
      13
      10
      14
      16
      25
      22
      28
      30
      28
      25
      29
      24
      24
      22
      13
      15
       9
       8
      13
       6
      12
      13
      10
       4
      10
      10
      12
      15
       9
       7
      10
      10
       4
       7
       9
      13
       9
       5
      14
       9
      12
      11
      19
       3
      10
       8
      13
      12
      11
       8
      11
      10
       7
      14
       6
      12
      19
      11
      13
       9
       6
       9
      13
      10
      17
      18
       8
      13
       8
       9
       7
       8
      13
      11
       8
      14
      11
      14
      23
      14
       9
      27
      21
      24
      30
      34
      36
      36
      45
      34
      49
      64
      98
     108
     122
     167
     210
     227
     186
     181
     169
     107
     101
      60
      43
      40
      26
      17
      15
      14
      10
      12
       9
       6
       7
      12
      13
      10
       9
       8
       6
       7
       7
       6
       7
       8
      13
      13
      11
      12
      16
      14
       8
       6
       4
      15
       7
      15
      12
      13
      16
      14
      19
      14
      21
      20
      15
      18
      21
      12
      11
       9
      11
      10
      10
      11
       9
      11
      11
      12
       6
       6
       8
       7
      11
      10
       6
       8
       5
       6
      12
      11
       5
      11
       9
      12
      11
       9
      14
      11
      16
       6
       9
      10
      15
      11
      10
       6
       8
       5
      10
      10
      13
       5
      14
       6
      12
      11
      12
       9
      15
      15
      22
      35
      29
      60
      91
      92
     160
     171
     198
     201
     221
     213
     196
     152
     105
      92
      54
      27
      35
      17
      13
       8
       9
       6
      11
       7
      11
      11
       7
      11
      12
       7
       4
       8
       5
      11
       8
       6
      10
      11
       3
      10
      10
       5
       8
      11
       9
       8
      14
      10
       9
      13
      12
      10
       9
      14
       7
       7
      16
      11
      10
      18
      15
      16
      19
      28
      26
      20
      23
      21
      17
      15
      18
      20
      11
      16
       9
       9
       3
      12
      13
       6
      11
       6
       7
       7
       9
      11
       8
       2
      12
      14
       8
      11
       8
       5
      14
      12
       7
      15
       6
      10
       7
      10
       7
       7
      10
       8
      10
      14
      13
      13
       5
      13
       9
      11
      15
       6
      11
      17
      24
       9
      11
      11
      13
      10
       5
      14
       6
       5
      12
      12
       9
       9
      10
       8
       5
       6
      10
       5
      15
       7
      15
      11
      15
      20
      16
      15
      32
      25
      18
      14
      14
      14
       7
      12
      17
       6
       7
      10
       9
      12
       3
      12
       6
       5
      12
       9
       8
       9
       8
       8
       9
       8
       5
       9
      15
       8
      11
       6
      13
      19
      11
       9
       8
       5
      10
      13
       7
       9
       4
       8
       6
      12
      12
       6
       9
       7
       8
       9
       7
      11
      13
      12
       7
       7
       8
      15
      11
      11
       8
       9
      10
       7
       7
       7
       9
       9
       6
       8
       4
       7
       7
       9
      11
       9
       8
       7
      14
       3
       4
       5
      13
      15
      12
       9
       5
      13
      10
       7
      11
       5
       6
      13
       6
       7
       5
      12
      10
       6
       3
       6
       9
       5
       8
       7
       7
       7
       6
       7
       9
       3
       5
       7
      10
       7
      10
      11
      11
       6
      10
       7
       8
      11
      10
       8
       4
       3
      12
       6
      11
       9
       8
       5
       6
       7
       7
      12
      10
      10
       8
      18
      12
       6
       9
      10
      11
      13
      10
      18
      11
      12
       8
       7
      11
       7
       7
      10
      10
       6
      10
      10
      11
       6
       5
       3
       7
       8
      15
       8
      12
       7
       6
       8
       8
      12
       3
      16
       9
       6
       8
      13
       9
      11
       7
      10
      13
       6
       8
       7
       7
       5
      12
      13
       8
      12
       4
      10
       6
       4
       7
       5
      10
       7
      10
       7
       9
       9
       5
       4
       8
      11
       6
       7
      10
       5
      13
      11
       7
       6
       5
       6
       6
       5
      10
       6
       9
      10
       7
      10
       9
       7
       6
       9
       4
       8
      11
      12
       9
       6
      14
       9
       7
      17
      15
      23
      27
      33
      44
      45
      43
      54
      54
      44
      35
      40
      23
      24
      13
      14
      14
      20
      11
      19
      19
      25
      36
      40
      43
      61
      48
      45
      45
      40
      51
      25
      18
      11
      14
       9
      17
       7
       7
      11
      10
       2
       9
      10
      11
      12
      11
      11
       4
       5
       6
       6
       3
       6
       6
      12
       3
      12
       6
       9
       9
      10
       3
       9
      10
       4
       6
       6
       9
       8
       6
       4
      12
       7
       7
       9
       8
      10
       8
       6
       9
       4
       8
       5
       3
       6
       3
      10
       5
       7
      10
       5
       5
       9
      10
       4
       4
       6
       7
       5
       7
       5
       4
      12
      10
      13
      12
       4
      15
       6
       8
       6
       8
       6
      10
       4
       4
       9
       6
       6
       5
       9
       8
      10
      10
      18
      19
      13
      19
      11
      11
      15
      16
       9
      18
      19
      18
      11
       5
      10
      10
       4
       7
       8
       5
       6
       7
       9
       5
      14
      14
      18
      18
      12
      12
      15
      10
       7
      12
       7
       8
      12
       4
       6
       0
       7
       4
      11
       6
      11
       7
       7
       6
       7
       4
       9
       7
       6
       8
      10
       9
      10
      12
      10
       5
       3
       5
       3
       6
       7
      10
       5
      11
       8
       7
       4
       9
      11
       9
       6
       8
       7
       8
       4
      13
       8
       6
       4
       5
       7
       6
      21
      13
      26
      54
      79
      94
     119
     168
     193
     241
     306
     302
     292
     279
     248
     216
     178
     103
      96
      44
      39
      25
       9
      12
       5
       5
      10
       9
       6
       3
       7
       6
       4
       2
       7
      11
       6
       6
      13
       4
       6
       4
       4
       7
       3
       2
       8
       7
       3
       7
       8
       5
       4
       2
       3
       6
       4
       6
       9
       2
       6
       8
      12
       5
       6
       5
       1
       9
       7
       3
      10
       5
      10
       6
       5
      10
       5
       2
       6
       8
       7
       7
       6
       2
       8
       1
       3
       7
       2
       4
       3
       6
       5
       4
       7
       8
       7
       3
       7
       6
       9
       2
       8
       1
       5
       4
       4
       4
       9
       2
       4
       5
       7
       6
       8
       5
       8
       6
       7
       8
       4
       3
       3
       8
       7
       6
       7
       7
       2
       3
       5
       7
       5
       1
       6
       6
       7
       9
       8
       3
       7
       5
       6
       6
       7
       9
       6
       8
       4
       1
       9
       4
       9
       8
       7
       5
       8
      10
       3
       4
       6
      10
       7
       4
       7
       4
       6
       8
       4
       3
       3
       5
       7
       5
       5
       3
       2
       4
       1
       2
       5
       7
       9
       5
       7
      10
       4
       8
       4
       3
       6
       6
       4
       9
      12
      13
       3
       9
      14
      15
      22
      16
      24
      21
      22
      21
      29
      24
      25
      14
      10
       9
       7
      11
      10
       5
       6
       8
       6
       6
       9
      10
       5
       6
      19
       9
      25
      20
      17
       9
      29
      12
      14
      10
      10
       9
      13
       6
       8
       6
      10
       5
       6
       3
       6
       6
       4
       2
       2
       4
       7
       3
       5
       2
       6
       5
       4
       4
       8
       1
       3
       6
       6
       5
       4
      11
       3
       6
       6
       5
       4
       3
       6
       8
       4
       9
       3
       5
       7
       6
       2
       4
       7
       5
       5
       6
       1
       8
       6
       8
       7
      10
       6
       8
       4
       8
       6
       3
       5
       9
       5
       5
       4
       5
       4
       2
       5
       3
       7
       7
       7
       4
       5
       4
       4
       6
       6
       7
       4
       6
       2
       5
       7
       4
       3
       5
       5
       6
       3
       5
       7
       5
       4
       4
       1
       1
       3
       6
       4
       2
       4
       4
       8
       3
       3
       2
       5
       8
       3
       2
       4
       5
       7
       5
       4
       4
      11
       9
      17
      11
      15
      16
      15
      10
      20
      10
       4
      10
       6
       8
       4
       4
       4
       4
       5
       7
      10
       6
       5
      10
       8
       8
       9
       2
      12
       5
       7
       5
       2
       4
       5
       4
       4
       5
       4
       4
       7
       8
       3
       4
       3
       4
       3
       3
       3
       4
       5
       7
       3
      10
       7
       3
       2
       9
       4
       7
       3
       2
       3
       3
       5
       3
       3
       3
       3
       8
       3
       3
       6
       7
       8
       4
       3
       5
       4
       3
       5
       3
       3
       3
       4
       5
       6
      11
       1
       7
       6
       3
       6
       6
       3
       6
       4
       5
       4
       7
       7
       5
       3
       1
       5
       3
       3
       6
       2
       2
       7
       5
       3
       4
       8
       4
       5
       3
      11
       3
       3
       6
       4
       4
       2
       1
       0
       4
       2
       8
       4
       4
       3
       3
       6
       2
       9
       6
       8
       8
      10
       4
       8
       5
       8
       8
      15
      17
      14
      11
      14
       5
       5
      16
      10
       4
       8
       4
       9
       4
       5
       5
       8
       7
       8
       8
       9
      10
      11
       8
      13
      16
       4
      18
      13
      16
      13
      10
       9
       6
       9
       5
      14
       8
      12
       6
      12
       8
      17
       7
      13
      12
       7
       9
       7
       4
       3
       4
       2
       7
       5
       4
       2
       3
       6
       2
       2
       5
       8
       4
       4
       9
       3
       2
       3
       1
       4
       4
       3
       4
       5
       3
       4
       4
       1
       4
       2
       3
       5
       3
       6
       8
       3
       6
       2
       2
       4
       3
       5
       2
       2
       5
       4
       4
       4
       5
       6
       4
       7
       9
       6
       8
      10
      20
      15
      15
      18
       9
      11
       9
       9
       5
      11
       9
       8
       2
       5
       3
       4
       2
       4
       5
       5
       2
       2
       2
       2
       8
       2
       7
       2
       5
       5
       7
       2
       1
       7
       3
       4
       3
       3
       3
       1
       7
       3
       3
       6
       3
       4
       2
       6
       4
      10
       7
       7
       7
       8
      10
       7
       6
       5
       5
       5
       8
       7
       7
       6
       3
       3
       4
       2
       4
       3
       5
       4
       3
       2
       4
       2
       5
       8
       2
       6
       5
       1
       3
       5
       4
       4
       2
       6
       1
       7
       1
       7
       3
       4
       6
       4
       4
       2
       5
       4
       4
       3
       1
       3
       1
       6
       3
       2
       0
       4
       2
       2
       5
       4
       9
       6
       6
       5
       6
       4
       3
      12
       2
       7
       9
       5
       6
       3
       7
       4
       5
       4
       3
       4
       1
       3
       6
       3
       3
       6
       3
       3
       2
       3
       3
       5
       5
       4
       4
       5
       3
       2
       2
       2
       2
       4
       4
       9
       3
       1
       5
       6
       5
       2
       6
       5
       3
       2
       2
       3
       6
       0
       3
       1
       6
       3
       3
       2
       1
       5
       3
       1
       3
       3
       6
       6
       1
       0
       4
       3
       5
       6
       1
       6
       4
       5
       7
      14
      10
      15
      13
      36
      39
      60
      80
      83
     135
     158
     155
     158
     184
     208
     175
     129
     126
      79
      63
      38
      20
      10
      17
       7
       9
       4
       4
       6
       8
       7
       7
       4
       5
       6
       1
       2
       4
       6
       2
       3
       4
       0
       3
       4
       1
       3
       3
       2
       4
       4
       5
       2
       4
       3
       5
       2
       2
       3
       3
       1
       3
       3
       1
       6
       5
       2
       2
       5
       1
       5
       1
       4
       4
       3
       6
       4
       3
       8
       7
       5
      15
      10
       7
       7
       5
       9
       2
       7
       2
       9
       5
       5
       9
      18
      14
      19
      34
      37
      26
      30
      34
      41
      41
      37
      29
      23
      15
      11
      11
       6
       3
       6
       4
       2
       1
       2
       3
       6
       4
       0
       4
       3
       3
       5
       6
       6
       4
       3
       3
       1
       4
       1
       3
       4
       4
       2
       2
       0
       4
       5
       5
       3
       5
       1
       2
       1
       4
       5
       1
       3
       5
       4
       3
       5
       1
       2
       2
       5
       2
       2
       2
       1
       5
       1
       0
       4
       1
       2
       1
       0
       0
       4
       3
       2
       3
       1
       2
       0
       4
       3
       4
       3
       1
       3
       0
       1
       3
       3
       5
       9
       4
       4
      11
       6
      11
      10
       9
       5
       4
       6
       3
       5
       5
       6
       5
       4
       2
       2
       4
       3
       1
       5
       4
       3
       2
       1
       0
       2
       3
       4
       3
       4
       4
       3
       3
       2
       6
       2
       1
       4
       2
       4
       2
       7
       1
       4
       4
       6
       6
       3
       0
       2
       0
       0
       3
       1
       3
       1
       3
       3
       3
       4
       3
       1
       5
       3
       2
       0
       3
       5
       3
       6
       4
       4
       8
       4
       2
       2
       1
       2
       2
       3
       3
       5
       1
       4
       1
       7
       3
       3
       3
       5
       3
       2
       2
       2
       2
       1
       3
       1
       2
       3
       1
       2
       1
       4
       0
       6
       3
       6
       7
       6
       6
       6
       8
       4
       8
       7
       6
      13
       3
      10
       6
       7
       7
       6
       3
       2
       4
       4
       3
       3
       2
       3
       0
       2
       2
       5
       2
       2
       3
       0
       4
       6
       3
       2
       4
       2
       2
       6
       4
       1
       1
       4
       2
       1
       2
       7
       1
       1
       4
       4
       1
       3
       2
       4
       0
       2
       1
       5
       2
       5
       5
       5
       1
       1
       9
       2
       7
       4
       7
       3
      10
       6
       3
       7
       7
       5
       6
      11
      12
       8
      15
      14
      11
       9
      10
       9
       2
       3
       7
       1
       2
       2
       1
       0
       3
       2
       3
       3
       6
       4
       8
       7
       5
       7
      11
       5
       5
       6
       2
       5
       8
       9
       4
       9
       4
      10
       1
       2
       3
       5
       1
       4
       4
       0
       1
       4
       5
       2
       2
       2
       1
       2
       6
       4
       6
       4
       4
       2
       0
       1
       2
       3
       2
       2
       5
       0
       5
       1
       1
       3
       3
       7
       6
       7
       3
       3
       6
       7
       7
       6
      11
       4
       9
       7
       8
       5
       6
       3
       5
       8
       7
       5
       3
       7
      10
      10
      10
      20
      13
      14
      12
      15
      17
      12
       9
       3
       7
       6
       1
       3
       4
       1
       4
       1
       1
       3
       6
       4
       4
       4
       5
       3
       7
       2
       2
       1
       3
       2
       4
       4
       2
       2
       3
       5
       1
       6
       3
       2
       2
       2
       3
       2
       2
       2
       1
       1
       3
       2
       3
       1
       6
       1
       5
       6
      11
       7
       4
       9
      16
      16
       5
      10
      19
      11
       7
      12
      15
      17
      12
       6
       4
       6
       4
       0
       3
       1
       5
       6
       5
       3
       0
       2
       2
       5
       4
       6
       4
       6
       8
       7
       5
       6
       7
       4
       1
       1
       3
       6
       2
       5
       4
       4
       5
       0
       5
       6
       4
       5
       5
       9
       4
       0
       6
       6
       8
       4
       2
       3
       3
       3
       1
       5
       0
       0
       2
       5
       2
       2
       5
       8
       4
       7
       7
       6
       6
      15
       9
       8
      14
      21
       9
      10
      16
       8
       9
       8
       6
       6
       9
       3
       5
       4
       7
       1
       5
       4
       5
       2
       0
       3
       2
       4
       2
       4
       1
       3
       2
       2
       3
       5
       2
       5
       2
       2
       4
       2
       0
       3
       1
       0
       4
       4
       3
       0
       1
       1
       1
       1
       4
       1
       2
       1
       0
       2
       0
       3
       4
       3
       1
       2
       5
       5
       3
       2
       3
       2
       5
       1
       3
       2
       1
       3
       3
       3
       1
       0
       4
       2
       1
       1
       2
       4
       3
       5
       4
       2
       1
       3
       3
       4
       2
       1
       4
       6
       5
       1
       2
       5
       6
       0
       4
       5
       2
       7
       1
       3
       2
       5
       3
       0
       2
       2
       4
       2
       2
       4
       4
       2
       1
       0
       3
       4
       5
       3
       1
       4
       0
       2
       4
       1
       8
       1
       2
       3
       3
       3
       3
       2
       1
       0
       3
       3
       0
       4
       4
       2
       1
       1
       3
       1
       3
       1
       0
       5
       5
       4
       1
       2
       0
       5
       4
       4
       3
       2
       2
       1
       0
       5
       1
       3
       1
       0
       2
       1
       2
       2
       2
       2
       0
       3
       5
       1
       7
       3
       2
       1
       1
       4
       1
       2
       3
       4
       1
       3
       5
       3
       6
       4
       1
       4
       3
       2
       3
       1
       6
       2
       3
       2
       1
       1
       1
       2
       3
       5
       2
       0
       2
       0
       4
       2
       1
       1
       2
       2
       3
       5
       1
       7
       2
       4
       3
       6
       6
       5
       4
       2
       7
       5
       2
      11
       6
       4
       6
       4
       8
       6
       2
       5
       4
       1
       2
       2
       6
       4
       3
       0
       3
       3
       6
       3
       2
       4
       3
       2
       0
       3
       1
       3
       1
       3
       2
       3
       0
       3
       1
       4
       1
       5
       3
       4
       2
       6
       4
       2
       1
       1
       1
       3
       7
       2
       2
       0
       3
       0
       0
       4
       3
       3
       5
       3
       3
       2
       3
       5
       0
       2
       1
       3
       1
       3
       2
       4
       4
       2
       1
       5
       3
       7
       3
       3
       1
       3
       2
       3
       3
       4
       1
       2
       3
       0
       5
       4
       2
       5
       5
       4
       9
       4
       7
       3
       5
       7
       5
       1
       5
       3
       4
       2
       3
       1
       1
       1
       4
       0
       2
       3
       3
       3
       2
       1
       1
       3
       1
       0
       3
       4
       3
       4
       0
       4
       1
       3
       5
       2
       5
       2
       3
       2
       2
       5
       4
       0
       5
       1
       2
       3
       3
       1
       3
       2
       0
       1
       2
       3
       0
       1
       3
       1
       3
       4
       2
       2
       1
       1
       3
       1
       1
       2
       1
       6
       3
       3
       0
       2
       4
       2
       1
       4
       2
       4
       3
       4
       3
       5
       1
       2
       2
       3
       0
       3
       1
       3
       1
       4
       1
       1
       0
       2
       1
       6
       5
       8
      10
       8
       9
      10
      14
       9
       7
      10
       9
       3
       4
       4
       4
       0
       2
       3
       2
       4
       3
       4
       1
       3
       4
       1
       7
       3
       4
       5
       3
       5
       6
       3
       5
       1
       5
       4
       4
       2
       2
       4
       0
       0
       2
       3
       2
       3
       1
       3
       1
       3
       4
      11
       8
      11
      14
      22
      34
      36
      42
      50
      60
      61
      65
      49
      56
      41
      32
      34
      24
      16
      13
       8
       8
       5
       1
       3
       3
       2
       0
       3
       2
       1
       3
       1
       0
       2
       1
       5
       5
       5
       1
       4
       3
       5
       1
       2
       3
       0
       2
       2
       1
       1
       2
       2
       2
       2
       3
       3
       1
       1
       1
       1
       2
       4
       4
       2
       5
       1
       4
       3
       1
       0
       2
       0
       3
       2
       0
       1
       2
       1
       5
       1
       0
       2
       0
       0
       3
       1
       2
       0
       3
       2
       1
       4
       1
       3
       3
       2
       2
       0
       2
       0
       0
       1
       2
       2
       1
       0
       2
       2
       2
       3
       1
       2
       2
       2
       7
       3
       4
       3
       0
       0
       1
       3
       3
       2
       2
       3
       4
       1
       1
       1
       1
       5
       2
       3
       2
       3
       2
       3
       3
       1
       1
       0
       0
       3
       3
       1
       0
       0
       2
       0
       2
       1
       3
       3
       1
       3
       0
       2
       3
       3
       1
       1
       0
       5
       3
       2
       1
       4
       1
       2
       2
       3
       5
       3
       1
       1
       1
       2
       1
       8
       2
       1
       0
       1
       3
       1
       3
       2
       0
       3
       3
       2
       1
       2
       2
       1
       3
       1
       3
       2
       4
       4
       0
       0
       3
       0
       4
       1
       3
       0
       2
       5
       1
       2
       2
       0
       0
       3
       2
       3
       4
       1
       2
       1
       2
       0
       3
       3
       3
       4
       3
       1
       2
       2
       2
       3
       5
       2
       1
       1
       0
       1
       4
       2
       0
       0
       0
       2
       3
       1
       1
       5
       2
       0
       5
       1
       2
       1
       4
       1
       2
       3
       2
       2
       0
       2
       4
       3
       2
       1
       2
       1
       1
       2
       5
       2
       2
       0
       3
       2
       0
       5
       2
       1
       5
       4
       5
       2
       4
       1
       0
       7
       2
       4
       0
       3
       1
       3
       1
       3
       4
       1
       2
       4
       0
       3
       2
       5
       2
       1
       1
       3
       3
       3
       3
       2
       3
       3
       2
       0
       6
       0
       2
       3
       2
       3
       0
       8
       1
       4
       5
       0
       1
       1
       0
       3
       4
       2
       5
       1
       2
       1
       2
       2
       1
       5
       2
       1
       3
       1
       0
       2
       3
       1
       0
       4
       2
       2
       5
       0
       1
       1
       3
       5
       2
       2
       4
       1
       3
      10
       5
       3
       8
       9
       8
       9
       3
      10
       4
       3
       7
       7
       3
       1
       1
       5
       1
       2
       0
       2
       0
       0
       2
       1
       0
       2
       1
       0
       2
       2
       2
       1
       3
       0
       1
       3
       2
       4
       3
       3
       2
       2
       3
       1
       1
       0
       6
       0
       5
       4
       0
       6
       2
       3
       5
       4
       4
      12
       5
       2
       2
       4
       1
       0
       1
       1
       2
       2
       5
       1
       1
       1
       3
       1
       1
       3
       3
       1
       5
       0
       2
       3
       2
       1
       2
       3
       0
       1
       1
       1
       4
       1
       3
       0
       1
       1
       2
       2
       3
       0
       1
       1
       0
       2
       2
       2
       1
       1
       0
       2
       2
       2
       3
       1
       1
       5
       0
       0
       0
       3
       3
       0
       3
       2
       0
       3
       3
       0
       1
       3
       0
       3
       3
       4
       2
       2
       4
       2
       4
       3
       4
       6
       5
       3
       3
       6
       3
       3
       1
       2
       3
       4
       2
       4
       1
       1
       3
       3
       3
       1
       0
       1
       0
       0
       1
       2
       1
       0
       2
       3
       1
       2
       1
       0
       2
       1
       2
       3
       0
       1
       0
       3
       3
       0
       0
       3
       1
       0
       0
       0
       2
       1
       0
       0
       1
       1
       1
       2
       1
       2
       1
       1
       1
       2
       0
       0
       1
       1
       2
       1
       0
       5
       3
       4
       5
       2
       1
       3
       2
       4
       3
       5
       2
       1
       1
       1
       2
       4
       0
       0
       2
       5
       2
       3
       1
       0
       1
       0
       1
       1
       0
       1
       2
       0
       0
       1
       0
       0
       1
       1
       1
       2
       2
       2
       2
       2
       2
       2
       1
       3
       0
       2
       2
       0
       2
       1
       2
       0
       0
       0
       3
       1
       0
       2
       0
       2
       3
       0
       2
       4
       1
       1
       1
       0
       4
       1
       2
       1
       0
       1
       1
       1
       1
       1
       0
       2
       0
       3
       2
       1
       1
       2
       2
       2
       1
       1
       4
       2
       2
       1
       0
       1
       1
       3
       0
       0
       1
       1
       0
       1
       2
       0
       3
       1
       1
       2
       2
       2
       3
       1
       2
       3
       1
       2
       1
       0
       1
       1
       1
       1
       2
       0
       2
       3
       0
       0
       3
       1
       0
       0
       2
       1
       1
       1
       1
       3
       2
       0
       0
       1
       2
       0
       0
       1
       0
       1
       0
       2
       1
       3
       2
       1
       0
       2
       1
       0
       2
       0
       2
       1
       2
       1
       1
       1
       3
       1
       1
       0
       2
       0
       2
       0
       4
       0
       3
       3
       2
       0
       1
       2
       7
       1
       1
       2
       2
       1
       1
       3
       2
       0
       2
       1
       0
       3
       1
       1
       0
       1
       0
       1
       2
       1
       0
       0
       4
       1
       1
       1
       4
       4
       1
       1
       1
       2
       1
       6
      12
       5
       0
       5
       9
      13
      10
      10
      12
      17
      16
      15
      11
      12
      12
       5
       4
       4
       3
       3
       2
       0
       1
       0
       0
       2
       2
       2
       0
       3
       1
       2
       0
       0
       1
       1
       2
       0
       2
       0
       2
       1
       4
       2
       2
       2
       0
       0
       3
       1
       2
       0
       0
       0
       0
       2
       1
       1
       0
       1
       2
       1
       1
       2
       4
       1
       1
       0
       3
       1
       1
       2
       1
       2
       2
       4
       3
       1
       1
       2
       1
       3
       2
       1
       0
       2
       0
       1
       1
       0
       4
       1
       2
       5
       3
       0
       0
       0
       1
       0
       1
       2
       3
       2
       1
       5
       6
       2
       0
       1
       2
       0
       2
       0
       1
       0
       0
       1
       0
       0
       2
       3
       0
       0
       1
       2
       3
       2
       1
       1
       1
       2
       1
       4
       2
       2
       2
       1
       4
       3
       2
       3
       3
       9
       2
       3
       4
       8
       8
       7
      13
      16
      17
      15
      10
      15
      13
      14
      12
       6
      11
       3
       2
       4
       1
       2
       1
       0
       1
       4
       1
       2
       1
       0
       1
       2
       0
       0
       1
       2
       3
       3
       1
       6
       7
       4
      13
      11
      15
      16
      28
      24
      26
      27
      28
      29
      22
      15
      15
      15
      12
      10
       8
       4
       6
       1
       2
       2
       1
       0
       0
       2
       0
       0
       2
       4
       2
       4
       3
       0
       0
       2
       3
       1
       3
       2
       0
       1
       1
       1
       1
       2
       5
       1
       3
       2
       0
       0
       0
       0
       1
       0
       1
       1
       0
       0
       1
       0
       1
       1
       0
       2
       1
       1
       1
       1
       1
       1
       2
       2
       1
       0
       0
       1
       1
       3
       1
       2
       0
       1
       1
       1
       2
       1
       2
       4
       1
       2
       0
       1
       0
       2
       0
       1
       3
       0
       3
       2
       2
       4
       1
       3
       3
       2
       1
       1
       2
       2
       4
       3
       1
       2
       0
       2
       2
       1
       0
       3
       0
       0
       0
       1
       0
       2
       1
       1
       0
       3
       1
       0
       0
       1
       1
       0
       0
       2
       2
       0
       1
       2
       3
       0
       2
       0
       3
       1
       0
       0
       1
       2
       0
       1
       1
       1
       1
       1
       0
       3
       1
       2
       0
       0
       1
       2
       2
       2
       2
       0
       3
       1
       1
       2
       1
       1
       1
       3
       3
       1
       3
       0
       0
       0
       3
       0
       2
       1
       1
       2
       1
       1
       1
       0
       0
       2
       0
       1
       1
       0
       1
       2
       1
       0
       0
       1
       1
       0
       1
       0
       1
       1
       1
       3
       0
       2
       1
       1
       0
       0
       0
       1
       1
       0
       1
       1
       1
       1
       2
       0
       2
       1
       1
       0
       2
       2
       0
       1
       2
       1
       2
       1
       0
       1
       0
       1
       3
       1
       0
       3
       0
       1
       0
       2
       1
       0
       1
       0
       2
       0
       0
       0
       1
       0
       2
       1
       4
       0
       2
       1
       0
       3
       0
       4
       1
       1
       1
       1
       2
       0
       0
       1
       0
       1
       2
       1
       2
       2
       1
       1
       0
       0
       1
       2
       2
       1
       1
       2
       2
       2
       1
       1
       1
       0
       0
       2
       1
       1
       0
       1
       1
       0
       0
       0
       1
       2
       0
       1
       0
       2
       3
       1
       0
       1
       0
       1
       0
       2
       2
       0
       1
       0
       2
       1
       1
       1
       1
       1
       0
       0
       2
       3
       0
       2
       1
       1
       0
       0
       0
       2
       1
       2
       1
       1
       1
       1
       2
       2
       1
       0
       0
       1
       2
       0
       1
       2
       1
       0
       0
       1
       3
       0
       0
       1
       2
       1
       0
       4
       0
       0
       1
       1
       0
       0
       0
       1
       1
       1
       0
       3
       0
       1
       0
       2
       5
       0
       0
       2
       1
       1
       0
       2
       2
       0
       2
       1
       0
       2
       0
       2
       1
       0
       3
       2
       1
       1
       0
       4
       0
       1
       1
       1
       0
       0
       2
       0
       0
       2
       3
       1
       1
       2
       1
       0
       1
       1
       0
       1
       0
       0
       0
       2
       2
       0
       2
       1
       3
       0
       2
       0
       2
       1
       2
       1
       1
       2
       1
       1
       1
       1
       1
       2
       1
       0
       0
       1
       2
       1
       1
       2
       1
       0
       1
       2
       0
       1
       0
       0
       0
       2
       0
       0
       1
       0
       1
       0
       3
       1
       1
       1
       0
       1
       4
       0
       3
       2
       2
       2
       3
       4
       3
       1
       2
       1
       0
       2
       0
       2
       1
       2
       0
       0
       1
       2
       0
       0
       3
       0
       0
       1
       1
       1
       2
       0
       2
       1
       2
       2
       0
       2
       3
       0
       3
       5
       4
       4
       5
       2
       4
       1
       1
       3
       1
       3
       2
       1
       6
       1
       1
       1
       2
       1
       2
       2
       0
       3
       3
       2
       2
       4
       6
       7
       4
       9
       8
      14
      18
      18
      29
      19
      28
      27
      34
      31
      26
      18
      18
      15
      15
       6
       9
       3
       2
       1
       3
       0
       3
       0
       2
       0
       0
       0
       2
       0
       3
       0
       0
       1
       1
       2
       1
       1
       1
       0
       1
       1
       2
       1
       2
       1
       2
       0
       3
       3
       2
       2
       1
       2
       1
       0
       1
       1
       0
       1
       0
       0
       1
       0
       1
       3
       2
       3
       2
       1
       2
       0
       1
       1
       0
       1
       3
       2
       2
       1
       2
       1
       0
       0
       1
       2
       0
       2
       0
       1
       1
       1
       1
       0
       3
       0
       0
       1
       1
       0
       1
       0
       0
       1
       1
       0
       0
       1
       0
       2
       1
       1
       2
       3
       0
       3
       1
       1
       0
       1
       0
       1
       1
       0
       2
       2
       1
       1
       1
       0
       0
       0
       0
       0
       0
       4
       0
       0
       1
       2
       0
       0
       2
       3
       1
       2
       1
       0
       0
       2
       1
       1
       0
       1
       1
       0
       4
       1
       0
       2
       0
       2
       4
       1
       1
       0
       4
       3
       1
       2
       3
       1
       2
       1
       7
       4
       1
       3
       1
       1
       1
       4
       2
       1
       2
       1
       1
       1
       1
       0
       3
       1
       0
       3
       0
       1
       2
       1
       0
       2
       2
       2
       1
       3
       2
       0
       0
       2
       2
       2
       0
       2
       1
       3
       1
       0
       0
       0
       0
       1
       2
       1
       1
       0
       1
       3
       1
       0
       0
       2
       0
       2
       0
       1
       0
       1
       0
       1
       2
       1
       2
       2
       1
       1
       2
       0
       2
       2
       3
       0
       0
       1
       1
       0
       1
       0
       1
       1
       0
       1
       1
       0
       1
       0
       0
       1
       0
       0
       1
       2
       1
       0
       2
       0
       0
       0
       3
       1
       1
       2
       1
       1
       1
       0
       1
       1
       3
       1
       0
       0
       1
       1
       1
       0
       0
       1
       0
       3
       4
       0
       2
       0
       1
       1
       1
       1
       1
       2
       1
       0
       0
       1
       0
       1
       0
       1
       1
       3
       1
       0
       4
       2
       0
       1
       0
       0
       2
       0
       2
       0
       0
       0
       1
       1
       0
       0
       1
       1
       1
       0
       1
       1
       1
       0
       1
       0
       2
       0
       1
       0
       0
       0
       1
       0
       0
       0
       1
       0
       1
       1
       0
       0
       1
       0
       1
       1
       0
       0
       0
       0
       2
       0
       2
       0
       0
       1
       1
       1
       2
       1
       1
       3
       0
       0
       2
       1
       0
       0
       0
       2
       1
       1
       1
       2
       0
       0
       1
       1
       0
       0
       1
       2
       1
       1
       1
       0
       0
       1
       1
       0
       0
       0
       0
       1
       1
       0
       1
       2
       0
       2
       0
       1
       3
       1
       0
       0
       2
       0
       1
       0
       3
       4
       1
       0
       0
       1
       2
       3
       1
       1
       1
       2
       0
       1
       2
       1
       4
       1
       0
       1
       0
       0
       1
       4
       0
       0
       0
       3
       0
       1
       0
       0
       2
       0
       2
       1
       3
       2
       0
       0
       2
       1
       0
       0
       1
       1
       1
       0
       0
       1
       1
       1
       0
       0
       2
       1
       0
       1
       1
       1
       0
       0
       1
       1
       2
       1
       1
       1
       2
       1
       2
       0
       0
       0
       2
       0
       1
       1
       0
       1
       0
       0
       0
       1
       1
       0
       1
       1
       1
       1
       2
       2
       2
       0
       1
       2
       3
       1
       2
       2
       0
       3
       4
       5
       0
       2
       0
       1
       0
       5
       5
       0
       3
       0
       2
       1
       1
       1
       1
       1
       0
       0
       1
       0
       1
       0
       1
       1
       0
       0
       1
       1
       1
       0
       1
       0
       0
       1
       2
       5
       1
       0
       1
       2
       0
       1
       0
       1
       0
       1
       0
       0
       1
       0
       0
       0
       0
       1
       0
       0
       0
       1
       0
       0
       2
       0
       0
       0
       2
       0
       0
       0
       2
       1
       1
       0
       0
       0
       2
       0
       0
       1
       2
       0
       1
       0
       0
       0
       0
       0
       1
       1
       0
       2
       1
       0
       2
       1
       1
       1
       1
       0
       0
       2
       1
       1
       1
       1
       0
       0
       1
       0
       1
       0
       2
       0
       0
       1
       2
       2
       0
       0
       1
       0
       1
       1
       2
       1
       1
       1
       2
       0
       0
       0
       1
       1
       1
       0
       0
       2
       2
       0
       2
       2
       0
       1
       1
       3
       0
       0
       2
       1
       0
       0
       0
       1
       1
       0
       2
       0
       0
       2
       1
       0
       2
       0
       1
       1
       0
       0
       1
       2
       1
       0
       0
       1
       1
       0
       0
       1
       1
       0
       0
       1
       0
       1
       2
       0
       1
       0
       1
       1
       0
       0
       1
       1
       1
       0
       0
       0
       0
       0
       0
       0
       1
       0
       2
       1
       0
       0
       1
       3
       0
       0
       0
       0
       1
       1
       1
       1
       0
       0
       1
       0
       1
       0
       0
       1
       0
       0
       0
       0
       1
       0
       0
       4
       0
       0
       1
       3
       1
       0
       1
       1
       0
       0
       0
       0
       2
       0
       0
       0
       1
       0
       0
       0
       0
       0
       0
       1
       0
       1
       1
       0
       0
       0
       1
       1
       1
       1
       4
       1
       0
       1
       1
       1
       2
       5
       0
       1
       1
       2
       0
       1
       0
       0
       0
       0
       0
       1
       0
       0
       1
       1
       2
       1
       0
       1
       1
       0
       0
       0
       0
       0
       1
       0
       1
       0
       1
       2
       0
       1
       1
       1
       0
       1
       1
       1
       0
       0
       0
       3
       0
       0
       0
       0
       2
       1
       0
       0
       1
       1
       1
       1
       1
       0
       0
       1
       0
       0
       0
       0
       1
       0
       1
       0
       0
       1
       0
       0
       1
       1
       2
       1
       0
       2
       0
       0
       0
       0
       0
       0
       0
       2
       0
       1
       0
       1
       0
       0
       1
       0
       1
       0
       0
       1
       1
       2
       0
       0
       0
       0
       0
       1
       1
       2
       1
       1
       1
       1
       0
       2
       1
       1
       0
       1
       1
       0
       0
       1
       1
       2
       0
       0
       0
       2
       0
       0
       0
       0
       0
       1
       1
       0
       0
       0
       1
       0
       0
       2
       2
       0
       1
       0
       2
       1
       1
       1
       1
       1
       1
       0
       2
       1
       2
       3
       1
       3
       4
       1
       2
       0
       3
       2
       2
       1
       1
       0
       0
       0
       0
       0
       1
       1
       1
       1
       0
       1
       0
       1
       0
       3
       0
       0
       0
       0
       0
       0
       0
       1
       1
       2
       0
       1
       0
       0
       1
       1
       1
       0
       1
       0
       0
       1
       0
       0
       3
       0
       0
       2
       0
       1
       0
       1
       0
       2
       1
       2
       1
       0
       2
       0
       0
       1
       1
       0
       0
       1
       1
       0
       0
       1
       0
       0
       0
       0
       0
       0
       0
       1
       1
       1
       3
       0
       4
       1
       1
       0
       0
       0
       1
       0
       4
       0
       0
       0
       0
       1
       0
       0
       2
       1
       1
       0
       0
       0
       0
       0
       1
       1
       1
       2
       0
       2
       3
       0
       1
       1
       0
       0
       0
       0
       2
       1
       0
       0
       0
       0
       0
       0
       0
       0
       1
       1
       0
       0
       0
       0
       0
       1
       1
       3
       0
       0
       2
       0
       1
       0
       0
       2
       1
       0
       5
       2
       0
       1
       3
       4
       1
       3
      10
      11
       6
       8
       6
      10
      12
      11
       9
       6
       5
      14
       7
       3
       6
       5
       2
       1
       2
       0
       0
       1
       0
       1
       0
       0
       0
       1
       0
       0
       1
       0
       1
       0
       0
       0
       0
       1
       0
       0
       2
       0
       0
       0
       0
       0
       0
       0
       1
       0
       1
       1
       0
       0
       0
       2
       2
       0
       0
       1
       0
       2
       0
       1
       0
       1
       0
       0
       0
       1
       0
       1
       0
       1
       0
       0
       0
       1
       2
       2
       1
       1
       2
       1
       1
       2
       3
       1
       2
       1
       6
       0
       3
       5
       7
       3
       4
       2
      13
       8
       8
       4
       4
       3
       2
       2
       1
       1
       1
       2
       2
       0
       0
       4
       0
       1
       1
       0
       1
       1
       1
       0
       0
       1
       0
       0
       0
       0
       1
       1
       1
       1
       1
       1
       0
       0
       1
       0
       0
       1
       1
       0
       0
       1
       1
       0
       1
       0
       0
       0
       0
       0
       1
       0
       0
       0
       1
       0
       1
       0
       1
       0
       0
       0
       1
       0
       0
       0
       0
       1
       1
       1
       0
       1
       1
       2
       0
       0
       0
       0
       0
       1
       3
       2
       3
       3
      11
       3
       4
       4
      10
       6
      12
      12
      16
       8
       7
      17
      16
       8
      13
       7
       6
       7
       4
       1
       2
       1
       0
       1
       0
       0
       0
       2
       0
       0
       1
       0
       0
       0
       1
       0
       0
       0
       0
       1
       0
       2
       0
       0
       1
       0
       0
       0
       1
       0
       0
       1
       0
       0
       0
       0
       0
       0
       0
       1
       0
       1
       0
       1
       1
       0
       1
       0
       0
       0
       0
       0
       1
       0
       1
       0
       0
       1
       1
       0
       0
       0
       1
       1
       1
       2
       0
       0
       0
       1
       1
       1
       0
       1
       0
       0
       2
       0
       0
       1
       4
       1
       2
       1
       1
       1
       1
       0
       1
       1
       0
       2
       0
       0
       0
       0
       0
       0
       0
       0
       2
       0
       0
       0
       0
       1
       0
       0
       0
       0
       1
       1
       2
       2
       0
       2
       0
       1
       0
       0
       0
       2
       0
       2
       2
       0
       1
       0
       1
       0
       0
       1
       0
       0
       0
       0
       1
       1
       1
       0
       0
       0
       0
       0
       0
       1
       1
       0
       0
       0
       0
       1
       0
       2
       1
       0
       1
       1
       0
       1
       0
       0
       0
       1
       1
       0
       1
       0
       0
       0
       0
       0
       1
       0
       1
       0
       0
       0
       1
       2
       0
       0
       0
       0
       0
       1
       0
       0
       0
       0
       0
       0
       0
       2
       0
       0
       1
       1
       0
       1
       0
       1
       0
       1
       0
       0
       0
       1
       1
       1
       0
       0
       1
       0
       2
       4
       2
       3
       3
       1
       1
       2
       3
       0
       0
       0
       2
       2
       0
       1
       3
       0
       0
       2
       1
       0
       2
       0
       0
       4
       1
       2
       0
       1
       2
       1
       4
       4
       0
       1
       3
       1
       2
       2
       1
       2
       3
       2
       0
       1
       8
       1
       0
       1
       1
       0
       0
       0
       0
       1
       0
       0
       0
       1
       0
       0
       0
       0
       1
       1
       0
       0
       3
       0
       0
       1
       0
       1
       1
       0
       2
       0
       0
       1
       0
       0
       0
       2
       1
       0
       0
       1
       0
       2
       1
       1
       1
       0
       0
       0
       0
       0
       0
       0
       1
       1
       1
       0
       1
       1
       1
       1
       2
       1
       1
       0
       3
       3
       3
       1
       0
       1
       1
       0
       1
       2
       1
       0
       1
       1
       1
       0
       1
       0
       0
       1
       0
       0
       0
       1
       0
       0
       1
       1
       1
       0
       0
       0
       2
       2
       1
       1
       1
       0
       0
       0
       1
       0
       0
       1
       0
       0
       2
       0
       1
       1
       1
       1
       1
       1
       1
       1
       1
       1
       1
       1
       0
       1
       0
       1
       3
       0
       1
       1
       0
       1
       0
       0
       0
       0
       0
       0
       0
       0
       1
       2
       1
       1
       1
       0
       0
       1
       0
       1
       1
       0
       2
       0
       1
       0
       0
       0
       0
       0
       0
       2
       2
       0
       2
       2
       0
       0
       0
       0
       0
       0
       1
       0
       0
       0
       0
       1
       1
       0
       0
       0
       1
       1
       0
       0
       0
       0
       0
       1
       0
       0
       0
       1
       1
       1
       0
       0
       0
       0
       1
       1
       0
       0
       0
       0
       1
       1
       2
       1
       1
       0
       3
       0
       1
       0
       3
       1
       0
       0
       1
       0
       0
       0
       0
       0
       1
       1
       0
       0
       0
       0
       0
       2
       0
       1
       1
       0
       0
       0
       0
       0
       0
       1
       1
       0
       0
       0
       1
       2
       0
       0
       2
       1
       1
       0
       0
       0
       0
       0
       0
       0
       0
       1
       0
       0
       0
       0
       0
       1
       0
       2
       0
       0
       2
       0
       0
       0
       0
       1
       0
       0
       1
       0
       0
       1
       0
       0
       0
       0
       1
       0
       0
       2
       0
       0
       1
       0
       1
       0
       0
       1
       0
       0
       0
       0
       2
       0
       0
       1
       0
       0
       0
       0
       0
       0
       0
       0
       0
       0
       0
       1
       1
       1
       0
       2
       0
       0
       0
       1
       1
       1
       1
       2
       1
       0
       1
       0
       1
       0
       0
       0
       1
       0
       1
       0
       1
       0
       1
       1
       0
       1
       0
       0
       0
       0
       0
       0
       0
       0
       1
       1
       1
       0
       0
       2
       0
       1
       0
       0
       1
       0
       0
       1
       0
       1
       0
       1
       2
       0
       1
       0
       0
       1
       0
       0
       0
       0
       1
       0
       0
       0
       0
       0
       1
       0
       1
       0
       0
       1
       0
       0
       0
       1
       2
       0
       0
       1
       1
       1
       2
       3
       1
       0
       0
       0
       3
       2
       3
       0
       0
       1
       1
       0
       0
       1
       0
       0
       0
       1
       2
       0
       0
       0
       1
       1
       0
       0
       0
       0
       1
       2
       0
       0
       0
       0
       0
       0
       0
       0
       0
       0
       1
       1
       2
       2
       1
       0
       1
       1
       1
       0
       0
       1
       2
       1
       1
       0
       1
       0
       0
       0
       1
       1
       0
       2
       0
       0
       2
       1
       0
       0
       1
       0
       0
       0
       0
       0
       0
       3
       1
       0
       1
       0
       1
       0
       1
       1
       0
       0
       2
       1
       0
       0
       0
       1
       1
       2
       2
       0
       1
       0
       0
       0
       0
       0
       1
       0
       0
       2
       1
       0
       0
       0
       0
       1
       1
       0
       1
       0
       0
       0
       0
       1
       0
       0
       2
       0
       1
       0
       0
       1
       0
       1
       1
       2
       0
       1
       1
       0
       0
       1
       2
       0
       0
       1
       2
       2
       0
       2
       0
       1
       0
       2
       0
       1
       2
       2
       1
       1
       0
       0
       0
       2
       0
       0
       0
       1
       0
       0
       0
       1
       0
       2
       0
       0
       0
       0
       0
       1
       1
       1
       0
       0
       0
       0
       1
       0
       2
       0
       2
       1
       1
       1
       1
       2
       1
       0
       1
       1
       0
       2
       0
       1
       3
       2
       0
       0
       0
       2
       3
       1
       1
       0
       1
       1
       2
       0
       1
       0
       1
       1
       1
       1
       0
       1
       0
       0
       1
       1
       1
       0
       1
       0
       0
       0
       2
       0
       1
       0
       2
       0
       1
       1
       0
       0
       2
       1
       2
       0
       0
       1
       2
       0
       0
       0
       0
       0
       0
       1
       0
       0
       0
       0
       2
       2
       0
       1
       0
       0
       1
       0
       0
       1
       0
       1
       1
       1
       0
       1
       1
       1
       1
       0
       1
       0
       1
       1
       0
       1
       0
       0
       1
       1
       3
       1
       0
       0
       4
       1
       0
       3
       4
       1
       2
       0
       0
       0
       1
       1
       0
       2
       0
       1
       0
       2
       0
       0
       0
       1
       2
       2
       2
       0
       2
       0
       1
       2
       0
       0
       0
       0
       0
       0
       0
       1
       4
       1
       0
       0
       0
       0
       0
       0
       0
       0
       0
       1
       3
       0
       0
       0
       0
       0
       0
       2
       0
       0
       2
       0
       0
       1
       0
       0
       0
       2
       0
       1
       0
       0
       1
       1
       1
       0
       3
       2
       1
       1
       0
       0
       1
       0
       0
       0
       1
       1
       0
       0
       0
       0
       0
       2
       0
       1
       1
       1
       1
       1
       2
       1
       0
       1
       0
       0
       1
       0
       1
       0
       0
       1
       3
       2
       1
       0
       1
       0
       2
       0
       1
       0
       1
       0
       2
       0
       0
       0
       0
       0
       2
       0
       0
       1
       1
       1
       0
       0
       0
       1
       0
       1
       0
       0
       0
       1
       1
       0
       1
       0
       0
       1
       0
       0
       0
       2
       1
       0
       1
       0
       0
       0
       0
       0
       1
       0
       0
       1
       1
       1
       0
       0
       2
       2
       1
       1
       2
       0
       0
       1
       1
       1
       1
       0
       2
       1
       2
       0
       0
       2
       0
       0
       1
       0
       0
       0
       0
       0
       1
       1
       0
       0
       0
       0
       0
       0
       0
       1
       0
       1
       0
       1
       0
       0
       0
       0
       0
       0
       1
       0
       0
       1
       0
       2
       0
       1
       1
       1
       2
       1
       0
       0
       0
       2
       1
       0
       1
       0
       1
       2
       0
       0
       0
       1
       1
       0
       1
       1
       0
       1
       0
       1
       0
       0
       4
       0
       0
       1
       0
       0
       0
       0
       0
       0
       0
       0
       2
       0
       0
       0
       1
       0
       0
       0
       0
       1
       0
       0
       1
       0
       0
       0
       1
       0
       1
       0
       0
       0
       0
       0
       1
       1
       1
       0
       0
       1
       0
       0
       0
       0
       0
       0
       0
       1
       2
       0
       1
       1
       0
       1
       0
       1
       1
       2
       2
       0
       0
       0
       0
       0
       1
       0
       0
       0
       1
       1
       0
       1
       0
       1
       0
       0
       1
       1
       1
       1
       0
       0
       0
       0
       0
       0
       0
       0
       1
       0
       0
       1
       1
       0
       0
       0
       0
       0
       1
       2
       0
       0
       0
       0
       0
       1
       0
       0
       0
       1
       2
       2
       0
       3
       0
       1
       0
       1
       0
       0
       1
       0
       1
       1
       1
       1
       1
       0
       0
       1
       0
       0
       1
       0
       2
       0
       0
       0
       0
       0
       1
       0
       0
       0
       0
       1
       0
       0
       1
       0
       0
       1
       0
       2
       0
       1
       1
       2
       0
       2
       0
       1
       0
       0
       1
       1
       1
       0
       1
       2
       2
       0
       0
       1
       0
       1
       0
       1
       0
       1
       3
       1
       2
       1
       1
       0
       0
       1
       0
       0
       1
       1
       0
       0
       0
       1
       1
       0
       0
       0
       2
       1
       0
       2
       1
       0
       2
       1
       1
       1
       0
       0
       1
       1
       1
       1
       0
       1
       0
       0
       1
       1
       0
       3
       0
       0
       0
       0
       1
       2
       0
       1
       0
       1
       1
       1
       1
       1
       0
       0
       3
       1
       3
       0
       0
       1
       0
       0
       0
       0
       0
       0
       1
       1
       0
       0
       1
       2
       1
       1
       0
       1
       0
       1
       3
       1
       1
       1
       1
       2
       0
       0
       0
       2
       1
       0
       0
       1
       0
       1
       1
       1
       0
       1
       0
       1
       0
       1
       0
       3
       0
       0
       0
       0
       1
       0
       1
       2
       0
       0
       2
       3
       1
       0
       0
       3
       0
       0
       1
       0
       1
       1
       0
       0
       0
       1
       1
       0
       1
       1
       2
       3
       1
       1
       0
       1
       0
       1
       0
       0
       0
       1
       2
       2
       0
       0
       0
       2
       0
       1
       0
       0
       0
       0
       0
       2
       0
       1
       3
       1
       0
       0
       1
       0
       1
       0
       0
       1
       0
       0
       0
       1
       0
       2
       0
       0
       2
       2
       0
       2
       0
       0
       0
       1
       3
       2
       1
       1
       3
       0
       1
       2
       1
       0
       0
       0
       0
       2
       0
       1
       1
       2
       2
       0
       0
       2
       1
       0
       0
       2
       0
       1
       0
       0
       0
       3
       0
       1
       2
       0
       0
       1
       0
       0
       0
       0
       0
       0
       1
       1
       0
       0
       0
       0
       0
       0
       1
       1
       0
       0
       0
       2
       0
       1
       0
       0
       0
       0
       0
       4
       0
       1
       2
       1
       1
       0
       1
       0
       1
       0
       0
       2
       1
       0
       1
       0
       0
       2
       0
       0
       1
       0
       3
       0
       0
       3
       0
       2
       0
       0
       1
       0
       2
       0
       1
       2
       0
       1
       2
       0
       0
       0
       0
       0
       1
       1
       3
       1
       0
       2
       1
       1
       0
       0
       2
       1
       0
       0
       2
       1
       1
       0
       0
       0
       0
       1
       0
       0
       1
       0
       0
       1
       0
       0
       0
       0
       3
       2
       1
       1
       0
       0
       0
       0
       0
       0
       0
       0
       1
       0
       1
       0
       1
       2
       1
       1
       0
       0
       1
       0
       0
       2
       0
       2
       2
       0
       1
       1
       0
       0
       0
       0
       0
       0
       0
       2
       0
       1
       1
       0
       0
       0
       0
       0
       0
       0
       0
       0
       0
       0
       0
       2
       1
       0
       0
       0
       0
       0
       0
       0
       0
       1
       0
       2
       0
       0
       0
       2
       0
       1
       0
       0
       2
       0
       1
       0
       0
       0
       1
       0
       0
       0
       0
       0
       0
       0
       1
       0
       1
       0
       0
       0
       0
       1
       0
       1
       0
       1
       0
       1
       0
       0
       1
       0
       0
       0
       0
       1
       0
       0
       1
       1
       0
       1
       0
       0
       0
       1
       0
       1
       0
       0
       0
       1
       0
       0
       0
       0
       2
       1
       1
       0
       0
       1
       0
       0
       0
       1
       1
       0
       0
       0
       0
       2
       1
       0
       1
       1
       1
       0
       0
       1
       0
       0
       0
       0
       0
       0
       0
       0
       0
       0
       1
       0
       0
       0
       2
       1
       1
       0
       0
       0
       0
       0
       1
       0
       0
       0
       0
       0
       2
       0
       0
       1
       2
       0
       0
       2
       0
       2
       1
       0
       0
       1
       0
       1
       0
       0
       0
       0
       0
       0
       0
       1
       1
       0
       2
       0
       1
       0
       1
       0
       1
       1
       2
       0
       1
       3
       0
       0
       0
       0
       0
       0
       1
       0
       0
       0
       0
       1
       0
       1
       1
       1
       1
       0
       0
       0
       1
       0
       2
       1
       3
       2
       0
       0
       0
       0
       2
       1
       0
       0
       3
       0
       0
       0
       3
       2
       2
       2
       0
       0
       1
       0
       1
       0
       1
       0
       1
       1
       1
       0
       0
       1
       0
       1
       0
       0
       1
       1
       0
       0
       0
       0
       1
       0
       0
       1
       0
       0
       1
       0
       1
       1
       0
       1
       0
       0
       0
       0
       0
       0
       1
       0
       1
       0
       1
       1
       1
       0
       1
       0
       1
       0
       0
       0
       0
       1
       0
       0
       0
       1
       1
       0
       0
       1
       1
       0
       0
       0
       1
       1
       0
       0
       0
       0
       0
       0
       0
       0
       0
       0
       1
       0
       1
       0
       0
       1
       1
       0
       1
       0
       1
       1
       0
       0
       0
       1
       0
       0
       0
       1
       0
       0
       0
       0
       0
       0
       1
       0
       0
       0
       0
       1
       0
       0
       0
       1
       0
       1
       1
       0
       0
       2
       0
       0
       0
       0
       0
       0
       1
       0
       0
       1
       0
       0
       0
       0
       1
       2
       2
       0
       0
       0
       0
       2
       0
       0
       2
       0
       0
       0
       0
       0
       0
       0
       0
       1
       1
       1
       0
       0
       0
       2
       0
       0
       0
       0
       0
       0
       1
       0
       0
       0
       0
       0
       0
       1
       0
       0
       1
       0
       0
       0
       1
       1
       0
       0
       1
       0
       1
       0
       0
       0
       0
       0
       1
       1
       0
       1
       1
       0
       0
       0
       2
       1
       0
       1
       1
       0
       0
       1
       1
       0
       0
       0
       0
       1
       0
       0
       1
       1
       0
       0
       0
       1
       0
       0
       0
       1
       0
       0
       0
       1
       1
       0
       1
       0
       0
       0
       0
       0
       0
       1
       0
       0
       0
       1
       1
       0
       0
       1
       1
       0
       0
       1
       0
       0
       0
       0
       0
       0
       0
       0
       1
       0
       0
       1
       1
       0
       0
       1
       0
       0
       0
       0
       1
       0
       1
       0
       0
       0
       0
       0
       1
       0
       0
       0
       1
       0
       0
       0
       0
       1
       0
       0
       0
       1
       0
       2
       0
       0
       2
       0
       0
       1
       0
       0
       1
       1
       0
       0
       0
       1
       0
       2
       0
       0
       1
       0
       0
       1
       0
       0
       0
       0
       0
       1
       0
       0
       0
       0
       0
       0
       0
       1
       1
       0
       1
       0
       1
       0
       0
       1
       0
       0
       2
       0
       1
       0
       0
       0
       0
       1
       1
       0
       1
       0
       0
       1
       0
       0
       0
       0
       0
       0
       0
       1
       0
       0
       1
       0
       0
       0
       0
       1
       0
       1
       0
       1
       0
       0
       0
       0
       0
       0
       1
       0
       0
       1
       0
       0
       1
       1
       0
       1
       1
       0
       0
       0
       1
       0
       2
       0
       0
       0
       0
       0
       0
       1
       0
       0
       1
       0
       1
       0
       0
       0
       0
       0
       0
       0
       0
       0
       0
       0
       0
       0
       0
       1
       0
       1
       0
       2
       0
       0
       0
       0
       0
       0
       0
       1
       0
       0
       0
       0
       0
       1
       1
       1
       0
       0
       0
       1
       0
       1
       0
       0
       0
       0
       0
       1
       1
       0
       0
       0
       1
       0
       0
       2
       1
       0
       1
       0
       0
       0
       2
       0
       0
       1
       0
       0
       0
       1
       0
       1
       0
       0
       0
       1
       0
       0
       0
       0
       0
       0
       0
       0
       0
       1
       0
       1
       0
       0
       0
       0
       1
       0
       0
       0
       0
       0
       0
       0
       0
       0
       0
       0
       0
       0
       0
       1
       1
       2
       0
       1
       0
       1
       2
       0
       0
       0
       0
       0
       0
       0
       0
       0
       1
       0
       1
       0
       0
       0
       0
       0
       0
       0
       0
       1
       1
       0
       0
       0
       0
       0
       0
       0
       0
       0
       1
       0
       2
       0
       0
       0
       0
       0
       0
       1
       0
       1
       1
       0
       0
       0
       0
       0
       0
       0
       0
       0
       1
       2
       0
       1
       0
       0
       0
       0
       0
       0
       0
       0
       0
       0
       1
       0
       1
       0
       0
       0
       0
       0
       0
       0
       0
       1
       0
       0
       0
       0
       0
       0
       0
       0
       1
       0
       0
       0
       0
       1
       0
       0
       0
       0
       0
       0
       0
       0
       0
       0
       0
       0
       2
       1
       0
       0
       0
       0
       0
       1
       0
       0
       0
       0
       0
       0
       0
       0
       0
       0
       0
       0
       0
       0
       1
       0
       1
       0
       0
       0
       1
       0
       0
       0
       0
       0
       0
       1
       0
       0
       0
       0
       0
       0
       0
       0
       0
       0
       1
       0
       0
       0
       0
       0
       0
       2
       0
       0
       0
       0
       1
       1
       2
       0
       0
       0
       1
       0
       0
       0
       0
       0
       0
       0
       0
       0
       1
       0
       0
       0
       1
       1
       0
       0
       0
       1
       0
       0
       0
       0
       1
       0
       0
       0
       1
       0
       0
       1
       0
       0
       0
       0
       0
       0
       0
       0
       0
       0
       0
       0
       0
       0
       0
       1
       2
       0
       0
       1
       0
       0
       1
       0
       0
       0
       2
       0
       0
       0
       0
       0
       0
       0
       1
       0
       0
       2
       0
       1
       0
       0
       1
       0
       1
       0
       0
       1
       0
       0
       1
       0
       1
       0
       1
       2
       0
       4
       2
       3
       2
       3
       5
       4
       8
       9
       8
      13
      14
      17
      12
      20
      24
      19
      14
      22
      24
      23
       7
      18
       8
       9
      17
       5
       5
       6
       3
       3
       2
       0
       0
       1
       0
       1
       1
       0
       0
       0
       1
       0
       0
       1
       1
       0
       0
       1
       0
       0
       0
       0
       0
       0
       0
       0
       0
       0
       0
       0
       0
       2
       1
       0
       0
       0
       0
       0
       0
       0
       0
       1
       0
       0
       1
       1
       0
       0
       0
       0
       0
       0
       0
       3
       2
       3
       2
       1
       1
       3
       3
       5
       4
       2
       4
      10
       2
       2
       8
       2
       3
       2
       1
       2
       0
       4
       0
       0
       0
       0
       1
       0
       0
       0
       0
       0
       1
       0
       0
       0
       0
       0
       0
       0
       0
       0
       0
       0
       0
       0
       1
       0
       1
       0
       0
       0
       0
       0
       0
       0
       0
       0
       0
       0
       0
       0
       0
       0
       1
       0
       0
       1
       0
       0
       2
       0
       0
       0
       1
       0
       0
       0
       0
       0
       0
       0
       0
       0
       0
       0
       0
       0
       0
       0
       1
       0
       0
       0
       0
       1
       0
       0
       0
       0
       1
       0
       0
       1
       0
       0
       1
       0
       0
       0
       0
       0
       0
       0
       0
       0
       0
       1
       1
       0
       1
       0
       0
       0
       0
       0
       0
       0
       0
       0
       0
       0
       0
       2
       0
       0
       2
       0
       0
       0
       0
       0
       0
       0
       0
       0
       0
       0
       0
       0
       0
       0
       0
       0
       0
       1
       1
       0
       1
       0
       0
       0
       0
       0
       1
       0
       1
       0
       0
       1
       0
       0
       0
       0
       0
       0
       0
       0
       0
       0
       0
       0
       0
       0
       0
       0
       0
       0
       1
       0
       0
       0
       0
       1
       0
       0
       0
       0
       0
       1
       0
       0
       0
       0
       0
       1
       0
       0
       0
       0
       0
       0
       0
       1
       0
       0
       0
       0
       0
       0
       0
       0
       0
       0
       0
       1
       0
       0
       2
       0
       0
       1
       1
       0
       0
       0
       1
       0
       0
       0
       0
       0
       0
       1
       0
       0
       0
       0
       0
       0
       0
       0
       0
       0
       0
       0
       0
       0
       0
       0
       1
       0
       0
       0
       0
       0
       0
       0
       0
       1
       0
       0
       0
       0
       0
       1
       0
       0
       0
       0
       0
       0
       0
       0
       0
       0
       0
       1
       0
       0
       0
       0
       0
       0
       0
       0
       0
       0
       0
       0
       0
       1
       0
       0
       0
       0
       1
       0
       0
       0
       0
       0
       0
       1
       1
       0
       0
       0
       0
       0
       0
       0
       0
       0
       0
       0
       0
       0
       0
       0
       0
       0
       0
       1
       0
       0
       0
       0
       0
       0
       0
       0
       1
       0
       1
       0
       0
       0
       0
       0
       1
       0
       0
       0
       1
       0
       0
       0
       0
       0
       0
       0
       0
       0
       0
       0
       0
       0
       0
       0
       0
       0
       0
       0
       0
       0
       1
       0
       0
       1
       0
       0
       0
       2
       1
       0
       1
       0
       0
       0
       1
       1
       1
       0
       0
       3
       0
       0
       0
       2
       0
       0
       2
       2
       0
       0
       0
       1
       0
       0
       1
       0
       0
       0
       1
       0
       0
       0
       0
       1
       0
       0
       0
       0
       0
       0
       0
       0
       0
       0
       0
       0
       0
       0
       0
       0
       0
       0
       1
       1
       0
       0
       2
       0
       0
       0
       1
       0
       1
       0
       1
       0
       0
       0
       0
       0
       1
       0
       0
       0
       0
       0
       0
       0
       0
       0
       1
       0
       0
       0
       0
       1
       0
       0
       0
       0
       0
       1
       0
       0
       0
       0
       0
       0
       0
       0
       0
       0
       0
       0
       0
       0
       0
       0
       0
       0
       0
       1
       0
       1
       0
       0
       0
       0
       0
       1
       0
       0
       0
       0
       0
       0
       0
       0
       1
       0
       0
       0
       0
       0
       1
       0
       0
       0
       0
       0
       0
       0
       2
       0
       0
       0
       1
       0
       0
       0
       2
       0
       0
       0
       0
       1
       0
       0
       1
       0
       0
       0
       0
       0
       1
       0
       0
       0
       1
       0
       0
       0
       2
       0
       0
       0
       0
       0
       0
       0
       0
       0
       0
       0
       0
       0
       0
       0
       0
       0
       0
       0
       0
       0
       0
       0
       0
       0
       0
       0
       0
       0
       0
       0
       0
       1
       1
       0
       1
       4
       0
       1
       0
       0
       1
       0
       0
       0
       0
       0
       0
       0
       1
       0
       0
       0
       0
       0
       0
       0
       0
       0
       0
       0
       0
       1
       0
       1
       1
       0
       0
       0
       0
       0
       0
       0
       0
       0
       0
       0
       0
       0
       0
       0
       0
       1
       1
       0
       0
       1
       1
       1
       1
       0
       0
       0
       2
       1
       1
       0
       0
       4
       0
       1
       0
       1
       2
       0
       2
       1
       1
       1
       1
       0
       0
       0
       0
       1
       0
       0
       0
       0
       0
       0
       0
       0
       0
       0
       1
       0
       1
       0
       0
       1
       0
       0
       0
       0
       2
       1
       0
       0
       0
       0
       1
       1
       0
       1
       0
       0
       0
       0
       1
       0
       0
       0
       0
       0
       0
       1
       0
       0
       0
       0
       1
       1
       0
       0
       1
       0
       0
       0
       0
       0
       0
       0
       0
       0
       0
       0
       0
       0
       0
       0
       0
       0
       0
       0
       0
       0
       0
       0
       1
       0
       0
       1
       1
       1
       1
       1
       0
       1
       0
       0
       0
       0
       0
       1
       0
       0
       0
       0
       0
       0
       2
       0
       0
       0
       0
       0
       0
       0
       0
       0
       0
       0
       0
       0
       0
       0
       0
       0
       1
       0
       0
       0
       0
       0
       0
       0
       1
       0
       0
       0
       0
       1
       0
       0
       0
       0
       0
       1
       0
       0
       0
       0
       0
       0
       1
       0
       0
       0
       0
       1
       0
       0
       0
       0
       1
       1
       0
       0
       0
       0
       0
       0
       0
       0
       1
       0
       0
       0
       1
       0
       0
       0
       1
       0
       0
       0
       0
       0
       0
       0
       0
       0
       2
       0
       0
       0
       0
       0
       0
       0
       2
       0
       0
       0
       0
       0
       3
       0
       0
       0
       0
       1
       0
       0
       0
       0
       1
       0
       0
       0
       0
       1
       0
       1
       0
       0
       0
       0
       0
       0
       0
       1
       0
       0
       1
       0
       0
       0
       0
       1
       0
       0
       1
       0
       1
       0
       0
       0
       0
       0
       0
       0
       0
       0
       0
       0
       0
       1
       0
       0
       0
       0
       0
       0
       0
       0
       0
       0
       0
       1
       0
       0
       0
       0
       2
       1
       0
       0
       1
       0
       0
       0
       1
       0
       0
       1
       1
       0
       0
       0
       0
       0
       0
       0
       0
       1
       1
       0
       0
       0
       0
       0
       0
       0
       0
       1
       0
       0
       0
       0
       0
       0
       0
       0
       0
       0
       0
       0
       0
       0
       0
       0
       1
       0
       0
       0
       0
       0
       0
       0
       1
       0
       0
       0
       0
       0
       1
       0
       2
       0
       0
       0
       0
       0
       0
       0
       0
       0
       1
       0
       1
       1
       0
       0
       0
       0
       0
       0
       1
       1
       0
       0
       0
       1
       1
       0
       0
       0
       0
       0
       0
       0
       0
       0
       0
       0
       0
       0
       0
       0
       0
       0
       0
       0
       0
       0
       0
       0
       0
       0
       0
       0
       0
       0
       0
       0
       0
       0
       0
       0
       0
       0
       0
       0
       0
       0
       0
       0
       0
       0
       0
       0
       0
       1
       0
       1
       1
       0
       0
       1
       1
       0
       1
       0
       0
       1
       0
       1
       0
       1
       0
       0
       0
       0
       0
       0
       0
       0
       0
       0
       0
       0
       0
       0
       0
       0
       0
       0
       0
       0
       0
       1
       0
       0
       0
       0
       2
       0
       0
       0
       0
       0
       0
       0
       0
       0
       1
       0
       0
       0
       0
       0
       1
       0
       2
       0
       0
       1
       0
       0
       1
       0
       0
       0
       0
       0
       0
       0
       1
       0
       0
       0
       1
       0
       0
       1
       1
       0
       1
       0
       0
       0
       0
       0
       1
       0
       1
       1
       0
       0
       0
       0
       0
       0
       0
       0
       0
       0
       0
       1
       0
       0
       0
       0
       0
       1
       0
       0
       0
       0
       0
       0
       0
       0
       0
       0
       0
       0
       0
       0
       0
       1
       0
       0
       1
       0
       0
       0
       0
       0
       1
       0
       0
       0
       0
       0
       0
       0
       0
       0
       0
       1
       0
       0
       0
       0
       0
       0
       0
       0
       0
       0
       0
       1
       0
       0
       0
       0
       0
       0
       0
       0
       0
       0
       0
       0
       0
       0
       0
       1
       0
       1
       0
       0
       0
       0
       0
       0
       0
       0
       1
       0
       1
       0
       0
       0
       2
       0
       0
       0
       0
       0
       0
       0
       0
       0
       0
       0
       0
       1
       1
       0
       0
       1
       0
       0
       0
       0
       0
       0
       1
       1
       0
       0
       0
       0
       0
       1
       0
       0
       0
       0
       0
       0
       0
       0
       0
       0
       0
       2
       0
       1
       0
       0
       0
       1
       0
       0
       0
       1
       0
       0
       0
       1
       0
       0
       0
       1
       0
       0
       0
       0
       0
       1
       0
       0
       0
       0
       0
       0
       0
       2
       0
       0
       0
       0
       0
       1
       0
       0
       0
       1
       0
       0
       0
       0
       0
       1
       0
       0
       0
       0
       0
       0
       0
       0
       1
       0
       0
       0
       2
       0
       0
       0
       0
       0
       0
       0
       0
       0
       0
       0
       0
       0
       0
       0
       0
       1
       0
       1
       0
       1
       0
       0
       0
       0
       0
       0
       2
       0
       0
       0
       0
       0
       1
       0
       0
       1
       0
       0
       1
       0
       3
       0
       0
       1
       0
       0
       0
       0
       0
       0
       0
       0
       0
       0
       0
       0
       0
       0
       0
       0
       0
       0
       0
       0
       1
       0
       0
       1
       0
       0
       1
       0
       1
       0
       0
       0
       0
       0
       0
       0
       0
       1
       1
       0
       0
       0
       0
       0
       0
       0
       0
       0
       0
       0
       0
       0
       0
       0
       0
       1
       0
       0
       0
       0
       0
       0
       0
       0
       0
       0
       1
       0
       0
       0
       0
       0
       1
       0
       1
       0
       0
       0
       0
       1
       0
       1
       0
       0
       1
       1
       0
       0
       0
       0
       0
       0
       0
       0
       0
       0
       1
       0
       0
       1
       0
       0
       0
       0
       0
       0
       0
       0
       1
       1
       0
       0
       0
       0
       0
       0
       1
       0
       0
       0
       0
       1
       0
       1
       0
       0
       0
       0
       2
       0
       0
       0
       0
       0
       0
       0
       1
       0
       0
       0
       0
       0
       0
       0
       1
       0
       0
       0
       0
       0
       0
       0
       0
       1
       0
       1
       0
       0
       1
       0
       0
       0
       0
       0
       1
       0
       0
       1
       1
       0
       0
       1
       0
       1
       1
       1
       0
       1
       0
       0
       0
       0
       1
       0
       1
       0
       1
       0
       0
       0
       1
       0
       0
       0
       1
       0
       1
       0
       1
       1
       0
       1
       0
       0
       1
       0
       0
       0
       0
       1
       0
       0
       0
       2
       2
       0
       1
       3
       0
       1
       1
       1
       1
       0
       0
       0
       0
       0
       0
       0
       0
       2
       2
       0
       0
       0
       0
       1
       0
       0
       0
       0
       0
       0
       1
       1
       0
       0
       1
       0
       0
       1
       0
       0
       0
       0
       0
       0
       0
       0
       0
       0
       0
       1
       0
       0
       0
       0
       0
       0
       1
       1
       1
       0
       0
       1
       0
       0
       1
       0
       1
       0
       0
       0
       0
       0
       0
       0
       0
       0
       0
       0
       1
       0
       0
       2
       0
       1
       0
       0
       0
       0
       0
       0
       0
       0
       0
       0
       0
       1
       1
       0
       0
       0
       0
       0
       0
       1
       0
       0
       0
       1
       2
       0
       0
       0
       1
       0
       1
       0
       1
       0
       1
       0
       0
       0
       0
       0
       0
       0
       0
       0
       1
       0
       0
       0
       0
       0
       0
       0
       0
       0
       0
       0
       0
       0
       1
       0
       0
       0
       0
       0
       0
       0
       1
       1
       1
       1
       0
       0
       0
       0
       2
       0
       0
       0
       1
       0
       0
       0
       1
       0
       0
       0
       1
       1
       0
       0
       1
       0
       0
       0
       0
       0
       0
       1
       0
       0
       0
       0
       1
       0
       0
       0
       0
       0
       1
       1
       1
       0
       0
       0
       0
       0
       0
       1
       1
       0
       1
       0
       0
       0
       0
       0
       1
       0
       0
       0
       1
       0
       0
       0
       0
       0
       0
       1
       1
       0
       1
       0
       0
       0
       1
       0
       1
       0
       1
       0
       0
       0
       0
       1
       0
       2
       0
       1
       0
       0
       0
       1
       0
       0
       0
       0
       0
       0
       0
       0
       0
       0
       0
       0
       0
       0
       0
       0
       0
       0
       0
       0
       0
       0
       0
       0
       0
       1
       0
       0
       0
       1
       0
       0
       0
       0
       0
       0
       0
       0
       0
       1
       1
       1
       0
       0
       0
       0
       1
       0
       1
       0
       1
       0
       1
       0
       1
       0
       0
       0
       1
       1
       0
       1
       0
       1
       1
       0
       2
       0
       0
       0
       1
       0
       0
       0
       0
       1
       0
       0
       1
       0
       0
       0
       0
       1
       3
       0
       0
       0
       0
       0
       0
       0
       0
       2
       0
       0
       0
       0
       1
       1
       1
       0
       1
       3
       2
       0
       2
       0
       2
       0
       0
       0
       3
       0
       2
       2
       1
       0
       0
       0
       0
       0
       1
       1
       2
       0
       0
       0
       0
       0
       1
       0
       0
       0
       0
       0
       0
       0
       0
       0
       0
       0
       1
       1
       0
       0
       0
       1
       0
       0
       0
       0
       1
       0
       0
       0
       0
       1
       0
       0
       0
       0
       0
       0
       0
       0
       0
       0
       0
       0
       1
       0
       0
       0
       0
       0
       0
       0
       0
       0
       0
       1
       1
       2
       0
       1
       0
       0
       0
       0
       0
       0
       0
       0
       0
       0
       0
       1
       0
       0
       2
       0
       1
       1
       0
       0
       1
       0
       0
       0
       1
       0
       0
       0
       0
       0
       0
       0
       2
       0
       0
       0
       0
       0
       0
       1
       0
       1
       0
       0
       0
       0
       0
       0
       0
       0
       0
       0
       0
       2
       0
       0
       1
       1
       1
       0
       0
       2
       1
       0
       0
       0
       0
       0
       1
       0
       0
       0
       0
       0
       0
       0
       1
       0
       0
       0
       0
       1
       0
       0
       0
       0
       0
       0
       0
       1
       1
       0
       0
       0
       0
       0
       0
       0
       0
       0
       0
       0
       0
       0
       0
       1
       0
       0
       0
       0
       0
       0
       0
       1
       0
       0
       0
       0
       0
       0
       0
       0
       0
       0
       0
       0
       0
       0
       1
       0
       0
       0
       0
       0
       0
       1
       0
       0
       0
       0
       0
       0
       0
       0
       0
       0
       0
       0
       2
       0
       0
       0
       0
       0
       1
       0
       0
       1
       1
       0
       0
       0
       0
       0
       0
       0
       0
       0
       0
       0
       0
       0
       0
       0
       1
       1
       1
       0
       1
       0
       1
       1
       0
       0
       0
       0
       0
       0
       0
       0
       0
       0
       0
       0
       0
       0
       0
       1
       1
       0
       0
       0
       0
       0
       1
       2
       0
       1
       0
       0
       0
       0
       0
       0
       0
       0
       1
       0
       0
       0
       0
       0
       0
       0
       0
       0
       0
       0
       0
       0
       0
       1
       0
       0
       0
       0
       0
       0
       1
       0
       0
       1
       1
       0
       0
       0
       0
       0
       2
       0
       0
       0
       0
       0
       1
       0
       1
       0
       0
       0
       0
       0
       0
       0
       0
       0
       0
       0
       1
       0
       1
       0
       1
       0
       1
       0
       0
       0
       1
       0
       0
       1
       1
       2
       0
       0
       0
       0
       0
       1
       0
       0
       2
       0
       0
       0
       0
       0
       0
       0
       1
       0
       0
       1
       0
       1
       0
       0
       0
       0
       0
       1
       0
       0
       0
       0
       1
       0
       1
       0
       0
       0
       2
       0
       0
       0
       0
       1
       0
       0
       0
       0
       0
       0
       0
       0
       0
       0
       0
       0
       0
       0
       1
       0
       0
       0
       0
       0
       0
       0
       0
       1
       0
       0
       0
       0
       0
       0
       0
       0
       0
       0
       0
       0
       0
       0
       0
       0
       1
       0
       0
       0
       0
       0
       1
       0
       0
       0
       0
       0
       0
       0
       0
       0
       0
       0
       0
       0
       0
       0
       0
       0
       0
       1
       0
       0
       0
       0
       0
       0
       0
       0
       0
       0
       0
       0
       0
       0
       0
       0
       0
       0
       0
       0
       0
       1
       0
       1
       0
       0
       0
       0
       0
       0
       0
       0
       0
       0
       0
       0
       0
       0
       0
       0
       0
       0
       1
       0
       0
       0
       0
       0
       0
       0
       0
       0
       0
       0
       1
       0
       0
       0
       0
       0
       0
       0
       0
       0
       0
       0
       0
       0
       0
       0
       0
       0
       0
       0
       0
       0
       0
       0
       0
       0
       0
       0
       0
       1
       0
       0
       0
       0
       0
       1
       0
       0
       0
       0
       0
       0
       0
       0
       0
       0
       0
       0
       0
       0
       0
       0
       0
       0
       0
       1
       0
       0
       0
       0
       0
       0
       0
       0
       0
       0
       0
       0
       0
       0
       0
       0
       0
       0
       1
       0
       0
       0
       0
       0
       1
       0
       0
       0
       0
       0
       0
       0
       0
       1
       0
       0
       0
       0
       0
       0
       0
       0
       0
       0
       0
       0
       0
       0
       0
       0
       0
       0
       0
       0
       0
       0
       0
       0
       0
       0
       1
       0
       0
       0
       0
       0
       0
       0
       0
       0
       0
       0
       0
       0
       0
       0
       0
       0
       0
       0
       0
       0
       0
       0
       0
       0
       0
       0
       0
       0
       0
       0
       0
       0
       0
       0
       0
       0
       0
       0
       0
       0
       0
       0
       0
       0
       0
       0
       0
       0
       0
       0
       0
       0
       0
       0
       0
       0
       2
       0
       0
       0
       0
       0
       0
       0
       0
       0
       0
       0
       0
       0
       0
       0
       0
       0
       0
       0
       1
       0
       0
       0
       0
       0
       0
       0
       0
       0
       0
       1
       0
       0
       0
       0
       0
       0
       0
       0
       0
       1
       0
       0
       0
       0
       0
       0
       0
       0
       1
       1
       0
       0
       0
       0
       1
       0
       0
       0
       0
       0
       0
       0
       0
       0
       0
       0
       0
       0
       0
       1
       0
       0
       0
       0
       0
       0
       0
       0
       0
       0
       0
       0
       0
       0
       0
       0
       0
       0
       0
       0
       0
       0
       0
       0
       1
       0
       0
       0
       0
       0
       0
       0
       0
       1
       0
       0
       0
       0
       0
       0
       0
       0
       0
       0
       0
       0
       0
       0
       0
       0
       0
       0
       0
       0
       0
       0
       0
       0
       0
       0
       0
       1
       0
       0
       0
       0
       0
       0
       0
       0
       0
       0
       0
       0
       0
       0
       0
       0
       0
       0
       0
       0
       0
       0
       0
       0
       0
       0
       0
       0
       0
       0
       0
       0
       0
       0
       0
       0
       0
       0
       0
       1
       0
       0
       0
       0
       0
       0
       0
       0
       0
       0
       0
       0
       0
       0
       0
       0
       0
       0
       0
       0
       0
       0
       0
       0
       0
       0
       0
       0
       0
       0
       0
       0
       0
       0
       0
       0
       0
       0
       0
       0
       0
       0
       0
       0
       0
       0
       0
       0
       0
       0
       0
       0
       0
       0
       0
       0
       0
       0
       0
       0
       0
       0
       0
       0
       0
       0
       0
       0
       0
       0
       0
       0
       0
       1
       1
       0
       1
       0
       1
       0
       0
       0
       2
       0
       0
       1
       2
       3
       3
       0
       0
       3
       2
       2
       0
       5
       1
       7
       2
       4
       0
       3
       2
       2
       0
       1
       2
       1
       1
       0
       0
       0
       0
       0
       0
       0
       0
       0
       0
       0
       0
       0
       0
       0
       0
       0
       0
       0
       0
       1
       0
       0
       0
       0
       0
       0
       0
       0
       1
       0
       0
       0
       0
       0
       0
       0
       0
       0
       0
       0
       0
       0
       0
       0
       0
       0
       0
       0
       0
       0
       0
       0
       0
       0
       0
       0
       0
       0
       0
       0
       0
       0
       0
       0
       0
       0
       0
       0
       0
       0
       0
       0
       0
       0
       0
       0
       0
       0
       0
       0
       0
       0
       0
       0
       0
       0
       0
       0
       0
       0
       0
       0
       0
       0
       0
       0
       0
       0
       0
       0
       0
       0
       0
       0
       0
       0
       0
       0
       0
       0
       0
       0
       0
       0
       0
       0
       0
       0
       0
       0
       0
       0
       0
       0
       0
       0
       0
       0
       0
       0
       0
       0
       0
       0
       0
       0
       0
       0
       0
       0
       0
       0
       0
       0
       0
       0
       0
       0
       0
       0
       0
       0
       0
       0
       0
       0
       0
       0
       0
       0
       0
       0
       0
       0
       0
       0
       0
       0
       0
       0
       0
       0
       0
       0
       0
       0
       0
       0
       0
       0
       0
       0
       0
       0
       0
       0
       0
       0
       0
       0
       0
       0
       0
       0
       0
       0
       0
       0
       0
       0
       0
       0
       0
       0
       0
       0
       0
       0
       0
       0
       0
       0
       0
       0
       0
       0
       0
       0
       0
       0
       0
       0
       0
       0
       0
       0
       0
       0
       0
       0
       0
       0
       0
       0
       0
       0
       0
       0
       0
       0
       0
       0
       0
       0
       0
       0
       0
       0
       0
       0
       0
       0
       0
       0
       0
       0
       0
       0
       0
       0
       0
       0
       0
       0
       0
       0
       0
       0
       0
       0
       0
       0
       0
       0
       0
       0
       0
       0
       0
       0
       0
       0
       0
       0
       0
       0
       0
       0
       0
       0
       0
       0
       0
       0
       0
       0
       0
       0
       0
       0
       0
       0
       0
       0
       0
       0
       0
       0
       0
       0
       0
       0
       0
       0
       0
       0
       0
       0
       0
       0
       0
       0
       0
       0
       0
       0
       0
       0
       0
       0
       0
       0
       0
       0
       0
       0
       0
$ROI:
11
583 647
961 1022
1579 1617
1945 1972
2543 2573
3149 3192
3710 3760
4621 4695
5562 5597
6799 6831
13202 13243
$PRESETS:
None
0
0
$ENER_FIT:
0.397847 0.199192
$MCA_CAL:
3
3.978472E-001 1.991916E-001 0.000000E+000 keV
$SHAPE_CAL:
3
5.030225E+000 9.745300E-004 0.000000E+000
