$SPEC_ID:
No sample description was entered.
$SPEC_REM:
DET# 1
DETDESC# DESKTOP-9VUPE7E Model 927 SN 7115241 Input 1
AP# Maestro Version 7.01
$DATE_MEA:
12/11/2025 11:45:47
$MEAS_TIM:
2053 2096
$DATA:
0 16383
       0
       0
       0
       0
       0
       0
       0
       0
       0
       0
       0
       0
       0
       0
       0
       0
       0
       0
       0
       0
       0
       0
       0
       0
       0
       0
       0
       0
       0
       0
       0
       0
       0
       0
       0
       0
       0
       0
       0
       0
       0
       0
       0
       0
       0
       0
       0
       0
       0
       0
       0
       0
       0
       0
       0
       0
       0
       0
       0
       0
       0
       0
       0
       0
       0
       0
       0
       0
       0
       0
       0
       0
       0
       0
       0
       0
       0
       0
       0
       0
       0
       0
       0
       0
       0
       0
       0
       0
       0
       0
       0
       0
       0
       0
       0
       0
       0
       0
       0
       0
       0
       0
       0
       0
       0
       0
       0
       0
       0
       0
       0
       0
       0
       0
       0
       0
       0
       0
       0
       0
       0
       0
       0
       0
       0
       0
       0
       0
       0
       0
       0
       0
       0
       0
       0
       0
       0
       0
       0
       0
       0
       0
       0
       0
       0
       0
       0
       0
       0
       0
       0
       0
       0
       0
       0
       0
       0
       0
       0
       0
       0
       0
       0
       0
       0
       0
       0
       0
       0
       0
       0
       0
       0
       0
       0
       0
       0
       0
       0
       0
       0
       0
       0
       0
       0
       0
       0
       0
       0
       0
       0
       0
       0
       0
       0
       0
       0
       0
       0
       0
       0
       0
       0
       0
       0
       0
       0
       0
       0
       0
       0
       0
       0
       0
       0
       0
       0
       0
       0
       0
       0
       0
       0
       0
       0
       0
       0
       0
       0
       0
       0
       0
       0
       0
       0
       0
       0
       0
       0
       0
       0
       0
       0
       0
       0
       0
       0
       0
       0
       0
       0
       0
       0
       0
       0
       0
       0
       0
       0
       0
       0
       0
       0
       0
       0
       0
       0
       0
       0
       0
       0
       0
       0
       0
       0
       0
       0
       0
       0
       0
       0
       0
       0
       0
       0
       0
       0
       0
       0
       0
       0
       0
       0
       0
       0
       0
       0
       0
       0
       0
       0
       0
       0
       0
       0
       0
       0
       0
       0
       0
       0
       0
       0
       0
       0
       0
       0
       0
       0
       0
       0
       0
       0
       0
       0
       0
       0
       0
       0
       0
       0
       0
       0
       0
       0
       0
       0
       0
       0
       0
       0
       0
       0
       0
       0
       0
       0
       0
       0
       0
       0
       0
       0
       0
       0
       0
       0
       0
       0
       0
       0
       0
       0
       0
       0
       0
       0
       0
       0
       0
       0
       0
       0
       0
       0
       0
       0
       0
       0
       0
       0
       0
       0
       0
       0
       0
       0
       0
       0
       0
       0
       0
       0
       0
       0
       0
       0
       0
       0
      17
      89
     198
     211
     205
     254
     249
     243
     241
     246
     220
     273
     249
     216
     266
     225
     228
     244
     258
     255
     268
     243
     270
     245
     241
     249
     271
     279
     263
     271
     292
     292
     286
     286
     280
     283
     252
     287
     313
     295
     345
     263
     315
     318
     299
     296
     265
     297
     303
     318
     323
     295
     292
     306
     334
     311
     258
     324
     294
     301
     281
     283
     314
     290
     282
     292
     259
     275
     242
     272
     241
     258
     265
     269
     294
     266
     253
     238
     261
     246
     273
     281
     248
     262
     232
     235
     230
     261
     245
     238
     267
     231
     240
     249
     267
     240
     242
     241
     248
     290
     240
     261
     255
     213
     231
     237
     255
     261
     250
     271
     260
     254
     239
     258
     245
     278
     251
     273
     241
     288
     257
     229
     261
     259
     230
     229
     248
     253
     275
     232
     257
     269
     236
     246
     275
     259
     230
     276
     258
     267
     257
     294
     230
     248
     249
     288
     294
     247
     257
     267
     261
     252
     291
     264
     306
     306
     329
     292
     296
     278
     304
     340
     305
     277
     276
     325
     286
     311
     298
     309
     306
     299
     330
     289
     299
     333
     325
     312
     347
     273
     296
     334
     287
     291
     285
     314
     326
     335
     336
     313
     335
     349
     336
     358
     344
     368
     323
     352
     369
     370
     402
     517
     675
     992
    1508
    2336
    2982
    3552
    3526
    3150
    2493
    1679
    1107
     731
     442
     368
     312
     249
     286
     248
     272
     256
     272
     272
     300
     238
     283
     271
     276
     251
     264
     314
     276
     263
     252
     280
     232
     292
     299
     281
     278
     287
     272
     302
     298
     286
     264
     258
     300
     308
     308
     275
     267
     301
     266
     288
     304
     288
     330
     304
     273
     318
     282
     271
     292
     323
     332
     285
     285
     287
     343
     301
     287
     312
     292
     307
     307
     330
     313
     321
     262
     337
     313
     322
     308
     323
     342
     334
     360
     321
     323
     330
     303
     318
     312
     297
     328
     336
     310
     333
     281
     331
     294
     311
     337
     328
     310
     328
     323
     325
     287
     316
     343
     316
     320
     300
     293
     297
     305
     343
     316
     309
     319
     301
     337
     296
     326
     358
     352
     299
     332
     311
     345
     321
     342
     348
     324
     327
     331
     273
     327
     307
     326
     293
     320
     295
     297
     332
     339
     341
     306
     297
     321
     350
     296
     331
     325
     334
     295
     305
     298
     297
     339
     287
     292
     305
     291
     297
     315
     324
     306
     321
     312
     326
     294
     321
     280
     339
     304
     302
     303
     300
     352
     312
     332
     292
     290
     278
     329
     305
     309
     315
     299
     308
     276
     329
     291
     297
     282
     324
     329
     312
     324
     312
     327
     306
     308
     261
     338
     309
     293
     284
     317
     334
     291
     286
     337
     283
     313
     331
     276
     287
     309
     311
     315
     272
     271
     305
     308
     327
     325
     286
     320
     324
     285
     320
     318
     336
     299
     282
     297
     280
     295
     313
     290
     317
     287
     337
     287
     273
     306
     280
     319
     317
     314
     280
     282
     272
     344
     334
     288
     264
     310
     296
     290
     284
     294
     322
     295
     255
     287
     317
     278
     314
     324
     296
     292
     298
     291
     316
     295
     294
     264
     304
     284
     276
     316
     321
     272
     299
     275
     294
     297
     283
     310
     308
     302
     297
     304
     326
     292
     343
     315
     311
     274
     302
     310
     315
     320
     268
     296
     304
     259
     285
     322
     295
     311
     314
     316
     288
     309
     320
     317
     297
     291
     307
     284
     311
     336
     307
     356
     268
     264
     317
     316
     290
     292
     304
     331
     293
     314
     303
     294
     331
     316
     307
     302
     326
     293
     300
     366
     324
     306
     289
     335
     307
     318
     317
     332
     301
     327
     279
     309
     340
     308
     312
     323
     304
     296
     312
     315
     303
     313
     319
     289
     282
     326
     300
     365
     343
     331
     399
     541
     794
    1243
    2070
    3162
    4243
    5093
    5442
    5080
    4136
    3062
    1903
    1142
     656
     400
     340
     252
     263
     251
     238
     234
     237
     221
     236
     277
     221
     226
     258
     208
     234
     262
     249
     245
     252
     214
     254
     237
     229
     222
     250
     242
     214
     209
     269
     225
     265
     211
     214
     209
     237
     218
     233
     259
     243
     229
     221
     226
     241
     243
     244
     216
     258
     246
     247
     219
     224
     238
     227
     213
     259
     247
     226
     258
     226
     218
     226
     243
     237
     216
     250
     209
     237
     247
     243
     220
     224
     248
     218
     241
     214
     199
     230
     218
     241
     239
     210
     238
     208
     255
     219
     218
     213
     222
     213
     276
     241
     231
     236
     239
     237
     250
     256
     249
     231
     257
     238
     219
     218
     254
     264
     226
     237
     245
     228
     228
     243
     242
     234
     235
     239
     253
     231
     213
     240
     218
     224
     241
     241
     225
     221
     229
     249
     244
     211
     220
     236
     239
     228
     231
     227
     240
     243
     244
     227
     240
     234
     229
     238
     217
     221
     240
     219
     238
     232
     215
     242
     240
     230
     227
     227
     250
     226
     201
     269
     237
     227
     243
     222
     210
     230
     231
     257
     212
     248
     213
     245
     239
     228
     203
     239
     256
     234
     224
     246
     233
     250
     216
     235
     205
     228
     218
     239
     232
     221
     215
     249
     239
     235
     238
     224
     248
     243
     222
     242
     272
     235
     222
     237
     220
     229
     250
     205
     235
     237
     228
     239
     251
     247
     241
     264
     289
     238
     249
     239
     221
     259
     216
     218
     222
     236
     227
     262
     229
     227
     232
     211
     197
     218
     234
     192
     205
     240
     211
     206
     237
     221
     234
     248
     203
     233
     237
     227
     217
     215
     237
     210
     207
     207
     227
     237
     221
     220
     231
     232
     214
     189
     217
     208
     222
     215
     210
     200
     241
     238
     188
     206
     208
     217
     215
     214
     232
     226
     244
     243
     246
     220
     227
     231
     213
     236
     207
     228
     215
     226
     226
     213
     211
     227
     180
     214
     216
     210
     268
     237
     212
     238
     211
     215
     214
     211
     201
     207
     217
     210
     210
     225
     219
     205
     219
     224
     230
     212
     200
     221
     249
     204
     210
     223
     212
     222
     230
     215
     216
     224
     209
     203
     208
     219
     213
     207
     228
     172
     242
     220
     194
     202
     228
     209
     230
     214
     203
     185
     228
     223
     207
     226
     183
     183
     197
     195
     191
     239
     205
     191
     232
     204
     208
     217
     214
     195
     194
     194
     209
     213
     209
     221
     215
     205
     209
     237
     206
     222
     199
     203
     209
     216
     205
     232
     192
     184
     203
     199
     208
     224
     213
     202
     221
     197
     248
     224
     223
     248
     239
     213
     216
     217
     210
     229
     210
     174
     195
     213
     228
     198
     200
     218
     194
     228
     187
     175
     215
     195
     189
     204
     211
     199
     204
     214
     165
     197
     213
     210
     193
     199
     201
     190
     204
     207
     183
     211
     211
     178
     251
     183
     217
     177
     189
     184
     175
     228
     199
     201
     196
     188
     183
     231
     234
     202
     192
     190
     189
     169
     212
     183
     171
     177
     181
     208
     191
     215
     192
     207
     215
     175
     194
     180
     190
     169
     199
     200
     190
     186
     199
     186
     187
     192
     199
     199
     196
     188
     184
     179
     183
     184
     176
     175
     197
     197
     187
     181
     201
     185
     214
     214
     179
     186
     179
     187
     189
     186
     193
     199
     187
     168
     190
     174
     191
     199
     181
     196
     192
     201
     166
     219
     201
     177
     197
     187
     191
     165
     169
     194
     170
     186
     174
     187
     184
     179
     175
     181
     187
     180
     171
     189
     188
     203
     184
     169
     168
     202
     161
     178
     189
     153
     168
     192
     163
     173
     176
     178
     186
     184
     183
     190
     177
     184
     186
     188
     198
     223
     219
     180
     215
     193
     195
     209
     177
     166
     170
     169
     166
     150
     175
     176
     188
     189
     195
     171
     171
     174
     196
     173
     174
     184
     168
     191
     162
     170
     195
     198
     156
     179
     162
     149
     165
     173
     176
     176
     192
     183
     205
     174
     181
     196
     180
     181
     161
     203
     171
     200
     169
     161
     152
     173
     173
     171
     175
     183
     187
     178
     135
     159
     179
     179
     170
     171
     168
     171
     162
     181
     176
     156
     145
     163
     173
     160
     176
     186
     176
     168
     179
     157
     184
     159
     199
     177
     187
     180
     179
     166
     156
     151
     135
     177
     143
     146
     161
     166
     145
     146
     158
     140
     188
     166
     177
     161
     149
     170
     154
     184
     159
     151
     159
     154
     148
     174
     142
     165
     162
     137
     147
     152
     171
     167
     165
     161
     156
     162
     150
     147
     160
     150
     162
     196
     163
     166
     153
     182
     175
     157
     162
     145
     162
     155
     157
     140
     177
     163
     155
     154
     132
     185
     148
     141
     140
     163
     145
     153
     138
     166
     139
     129
     131
     170
     160
     121
     149
     151
     145
     141
     152
     146
     132
     145
     157
     160
     159
     169
     153
     151
     139
     129
     160
     137
     154
     120
     143
     171
     135
     135
     148
     144
     168
     151
     151
     155
     141
     149
     153
     140
     151
     180
     166
     172
     160
     155
     173
     132
     123
     149
     149
     141
     140
     139
     114
     155
     159
     167
     151
     176
     134
     136
     136
     146
     157
     154
     148
     136
     158
     136
     122
     173
     146
     158
     143
     112
     143
     141
     149
     170
     146
     152
     139
     150
     118
     132
     135
     141
     160
     129
     160
     142
     133
     137
     130
     125
     144
     143
     137
     118
     131
     147
     126
     132
     127
     130
     152
     135
     149
     151
     156
     156
     126
     130
     127
     132
     135
     136
     145
     124
     157
     140
     162
     154
     155
     141
     139
     153
     129
     145
     133
     151
     148
     134
     140
     131
     146
     164
     135
     138
     140
     142
     129
     142
     131
     164
     121
     137
     133
     130
     145
     117
     111
     154
     141
     144
     149
     138
     148
     135
     133
     154
     115
     130
     130
     126
     145
     143
     139
     137
     129
     130
     129
     130
     133
     140
     129
     138
     118
     136
     153
     144
     117
     144
     126
     145
     122
     119
     119
     124
     130
     129
     126
     123
     118
     132
     131
     106
     152
     128
     128
     115
     119
     130
     110
     102
     138
     134
     131
     117
     137
     124
     135
     123
     116
     123
     120
     117
      93
     133
     111
     138
     121
     117
     113
     102
     105
     123
     129
     105
     143
     122
     116
     111
     118
     119
     101
     109
     119
     138
     119
     106
     125
     121
     133
     119
     130
     113
     126
     127
     136
     123
     143
     130
     126
     139
     127
     125
     110
     125
     113
     113
     106
     131
     133
     124
     107
     111
     135
     135
     110
     142
     108
     109
     109
     104
     131
     113
     103
     124
     117
     112
     101
     128
     122
     126
     124
     126
     146
     107
     127
     119
     129
     115
     128
     129
     105
     121
      86
     112
     114
     102
     113
     119
     115
     118
     130
     128
     122
     118
     115
     115
      99
     102
     114
     119
     113
     113
      94
     119
     104
     112
     125
     118
     120
     110
     115
     109
     108
     102
     115
     105
     127
     122
     120
     113
     104
     121
     118
     123
     101
     114
     114
     122
      94
     125
     150
     163
     183
     221
     298
     388
     428
     451
     430
     354
     306
     230
     158
     152
     102
     138
     113
     124
     141
     114
     127
     100
     108
     125
      93
     123
     132
     108
     120
     106
      98
     123
     110
      88
     124
     113
     103
     117
     124
      95
     115
      90
     118
     107
     114
      89
     119
     103
     117
     113
     101
     101
      98
      92
     106
     116
     100
      96
     102
      92
     112
      94
     109
      84
     117
     101
      98
      99
     100
     103
     115
     107
     107
      96
      93
     115
     103
     104
     109
      91
     122
     103
      88
     108
     123
     124
     109
     111
     141
     121
     118
     119
     145
     110
     123
      86
     139
     145
     156
     154
     141
     146
     160
     123
     132
     124
     120
     128
     103
     105
     109
      97
      97
      84
     103
     115
     100
      98
      87
     109
      96
      99
      94
     108
      91
      99
      95
     106
      77
     112
     101
      98
     106
     108
     115
     116
     121
      99
      93
     108
      96
      97
      94
      91
      91
      97
      91
      98
     115
     104
      95
      89
      98
      87
      78
     101
      94
      99
      89
      93
      93
      88
      96
     105
      84
      91
      97
     116
      71
     104
      97
      89
     101
      96
      98
      98
      81
     118
      86
      97
      94
      99
     110
     105
     107
     102
      97
      89
      99
      80
      81
      97
      99
      92
      85
      91
      82
      69
      88
      74
      81
      90
      74
      89
     101
      89
      84
      99
      91
      75
     103
      87
      88
      90
      76
     104
      86
     111
      99
      88
     110
      87
      80
     118
      89
      99
      91
     116
      80
      90
      98
      86
     108
     105
      89
      78
      74
      89
      90
      94
      84
      88
      93
      94
      90
      87
      90
      73
      88
      95
      84
      89
      81
      81
      85
      88
      88
      94
      81
      99
      73
      78
      85
      76
      94
      70
      87
      90
      79
      89
      80
      98
     109
      88
      90
      83
      95
      86
      89
      99
      91
      86
      68
     103
      97
      98
      90
      87
      95
      85
      74
      98
      96
     106
      89
      77
      87
      90
     102
     100
      94
      84
     104
      80
      84
      83
      84
      64
      83
      77
      76
      97
     103
      79
      82
      70
      83
     109
     120
     143
     150
     151
     159
     186
     131
     135
     111
     110
     103
      90
      95
      91
      83
      82
      85
      83
      81
      79
      86
      79
      79
      94
      68
      89
      85
      84
      81
      77
     106
      65
      75
      80
      86
      74
      78
      92
      88
      82
      79
      81
      69
      80
      71
      78
      90
      89
      77
      60
      75
      88
      85
      87
      87
      71
      86
      86
      79
      88
      72
      66
      87
      80
      87
      98
      92
      97
      88
      83
      83
      87
      77
      80
      79
      69
      77
      70
      61
      93
     101
      83
      72
      76
      91
      79
      75
      82
      83
      92
      87
      78
      85
      77
      85
      93
      77
      82
      74
      79
      67
      72
      90
      80
      75
      77
      85
      72
      75
      77
      88
      64
      75
      89
      78
      75
      72
      77
      52
      83
      76
      82
      67
      85
      86
      84
      91
      93
      90
      74
      84
      80
      78
      82
      82
      73
      79
      75
      70
      70
      76
      77
      81
      78
      79
      92
      82
      91
      88
      86
     100
      76
      88
      80
      92
      83
      82
      78
      83
     106
      84
     106
     116
     134
     177
     180
     210
     212
     272
     286
     331
     352
     406
     402
     361
     419
     407
     365
     335
     274
     286
     243
     223
     182
     168
     151
     124
     118
      95
      84
      77
      84
      66
      84
      71
      77
      67
      79
      65
      77
      66
      89
      74
      70
      66
      72
      73
      75
      73
      69
      66
      76
      62
      53
      78
      59
      91
      85
      68
      65
      60
      68
      77
      57
      81
      56
      68
      65
      65
      68
      52
      71
      69
      67
      69
      63
      62
      72
      62
      72
      51
      65
      57
      61
      64
      64
      79
      56
      60
      63
      68
      63
      66
      89
      65
      61
      73
      74
      54
      66
      58
      78
      83
      83
      81
      67
      82
      62
      84
      53
      68
      77
      62
      70
      65
      78
      73
      53
      58
      59
      53
      73
      61
      60
      74
      65
      57
      57
      73
      75
      74
      56
      64
      76
      70
      78
      76
      77
      59
      60
      73
      64
      73
      67
      65
      69
      75
      57
      72
      77
      77
      67
      59
      76
      67
      73
      70
      77
      73
      62
      67
      66
      50
      81
      59
      67
      71
      94
      76
      82
      87
     105
     109
      97
     107
      82
      89
      93
      82
      73
      47
      65
      55
      75
      54
      54
      54
      72
      58
      60
      66
      56
      68
      79
      68
      64
      66
      62
      63
      59
      69
     100
      91
     127
     188
     357
     504
     691
     957
    1155
    1323
    1365
    1270
    1081
     929
     644
     473
     327
     175
     139
     122
     147
     177
     208
     272
     268
     255
     251
     242
     211
     154
     121
      93
      79
      54
      51
      76
      61
      49
      64
      62
      62
      54
      61
      58
      49
      52
      49
      59
      61
      57
      57
      61
      51
      56
      55
      66
      63
      44
      51
      65
      54
      65
      51
      46
      52
      68
      63
      53
      62
      52
      60
      55
      54
      55
      65
      59
      54
      65
      43
      61
      63
      63
      49
      61
      63
      48
      57
      54
      47
      68
      46
      66
      49
      59
      55
      56
      44
      54
      39
      48
      58
      58
      60
      56
      56
      42
      63
      54
      52
      72
      68
      61
      68
      90
     105
     116
     134
     172
     181
     171
     153
     144
     120
      85
      68
      64
      59
      67
      59
      64
      51
      55
      48
      55
      57
      68
      55
      54
      49
      56
      60
      63
      49
      53
      38
      61
      60
      46
      57
      57
      42
      60
      54
      45
      54
      59
      68
      48
      44
      47
      47
      48
      70
      54
      65
      56
      49
      69
      52
      52
      54
      60
      46
      61
      62
      69
      69
      58
      69
      64
      65
      49
      64
      39
      59
      56
      55
      59
      44
      52
      42
      49
      65
      54
      53
      48
      44
      41
      51
      59
      61
      56
      42
      58
      59
      51
      50
      47
      53
      60
      41
      56
      50
      51
      48
      48
      55
      46
      66
      45
      60
      61
      56
      54
      51
      47
      45
      46
      36
      54
      55
      60
      66
      41
      37
      51
      55
      56
      50
      55
      57
      63
      50
      57
      55
      52
      53
      45
      62
      54
      51
      56
      56
      55
      56
      56
      74
      67
      92
     133
     180
     221
     332
     450
     575
     662
     680
     698
     602
     454
     427
     317
     189
     110
      86
      68
      51
      53
      48
      60
      52
      45
      52
      43
      52
      41
      59
      43
      47
      51
      47
      35
      36
      49
      50
      56
      57
      61
      59
      45
      59
      56
      52
      62
      59
      66
      69
      87
      74
      87
     145
     169
     203
     264
     302
     254
     308
     257
     213
     162
     144
     106
      85
      68
      60
      57
      53
      48
      41
      58
      34
      49
      51
      69
      52
      37
      48
      44
      43
      56
      50
      39
      66
      70
      96
     105
     100
     150
     177
     180
     155
     152
     165
     116
     100
      79
      63
      67
      71
      80
      59
      57
      59
      46
      45
      54
      58
      50
      48
      50
      46
      64
      54
      54
      43
      49
      52
      48
      42
      38
      47
      56
      56
      36
      40
      43
      44
      52
      52
      45
      45
      55
      67
      40
      57
      58
      44
      46
      57
      78
      86
      96
     165
     233
     336
     488
     613
     732
     866
     853
     845
     762
     621
     417
     306
     238
     125
     109
      97
     101
     125
     123
     187
     216
     285
     301
     320
     307
     351
     352
     315
     270
     225
     191
     144
     116
      81
      54
      51
      49
      43
      36
      44
      47
      47
      40
      44
      45
      42
      30
      55
      46
      47
      52
      35
      46
      54
      45
      40
      41
      42
      49
      67
      41
      48
      43
      43
      61
      37
      48
      56
      40
      51
      31
      45
      53
      41
      46
      47
      40
      22
      46
      52
      38
      52
      45
      36
      32
      42
      40
      39
      51
      27
      41
      45
      40
      42
      44
      45
      31
      39
      45
      48
      64
      38
      45
      40
      41
      50
      51
      46
      35
      42
      41
      56
      49
      39
      44
      50
      51
      62
      67
      81
      87
     123
     134
     139
     164
     144
     160
     125
     110
     104
      81
      62
      55
      50
      37
      42
      53
      30
      43
      35
      39
      46
      43
      32
      51
      40
      42
      35
      40
      37
      40
      40
      45
      38
      39
      37
      37
      35
      33
      37
      33
      42
      39
      39
      38
      43
      46
      41
      35
      27
      44
      37
      39
      40
      47
      39
      40
      34
      47
      54
      51
      58
      66
      71
      94
      62
      62
      50
      49
      43
      42
      54
      56
      40
      48
      44
      45
      38
      36
      32
      36
      39
      44
      36
      30
      45
      37
      47
      40
      33
      34
      34
      34
      28
      31
      32
      39
      46
      41
      34
      39
      33
      49
      43
      42
      35
      52
      51
      36
      52
      50
      51
      48
      55
      76
      89
     110
     181
     274
     370
     518
     638
     826
     982
     991
     980
     843
     748
     566
     402
     262
     138
     107
      71
      47
      44
      36
      31
      44
      40
      34
      38
      39
      30
      39
      30
      36
      50
      36
      50
      36
      40
      54
      64
      46
      53
      39
      43
      36
      41
      35
      35
      28
      39
      34
      37
      32
      31
      37
      41
      39
      34
      40
      36
      34
      24
      42
      40
      31
      41
      33
      31
      37
      45
      30
      43
      38
      33
      43
      38
      33
      34
      30
      36
      36
      35
      31
      34
      34
      34
      38
      33
      33
      32
      40
      35
      33
      29
      40
      26
      30
      49
      43
      51
      83
      81
     113
     127
     124
     170
     151
     121
     111
      87
      86
      63
      62
      37
      44
      35
      27
      35
      38
      33
      36
      37
      34
      33
      31
      31
      31
      33
      37
      45
      42
      44
      48
      50
      67
      61
      61
      54
      52
      65
      40
      65
      48
      40
      56
      50
      50
      41
      40
      49
      34
      33
      36
      36
      38
      33
      30
      39
      38
      27
      35
      32
      35
      34
      35
      37
      28
      37
      31
      33
      37
      35
      32
      36
      32
      34
      37
      30
      28
      30
      37
      29
      25
      41
      36
      24
      32
      29
      37
      45
      28
      46
      31
      41
      51
      47
      56
      51
      50
      54
      44
      42
      45
      25
      34
      32
      20
      21
      45
      25
      29
      35
      40
      29
      32
      26
      24
      36
      42
      32
      40
      42
      33
      32
      30
      31
      27
      27
      38
      44
      35
      37
      34
      34
      32
      22
      27
      32
      30
      31
      25
      32
      42
      36
      34
      67
      70
      89
     132
     131
     146
     157
     194
     131
     129
     126
      92
      64
      57
      44
      25
      36
      31
      33
      28
      29
      23
      36
      31
      28
      34
      37
      24
      27
      28
      26
      34
      30
      21
      32
      35
      40
      30
      31
      42
      25
      28
      35
      29
      42
      36
      32
      32
      36
      31
      26
      33
      26
      30
      31
      29
      30
      32
      26
      28
      26
      30
      34
      20
      28
      30
      33
      27
      25
      36
      35
      28
      25
      29
      35
      28
      30
      25
      29
      32
      44
      47
      53
      62
      86
     107
     135
     154
     153
     168
     166
     136
     113
      96
      67
      61
      40
      29
      36
      28
      26
      31
      35
      39
      33
      51
      66
      92
     127
     177
     247
     284
     407
     405
     405
     391
     364
     283
     225
     173
     110
      76
      62
      47
      44
      46
      49
      47
      43
      58
      48
      41
      39
      38
      20
      38
      32
      31
      24
      32
      28
      28
      28
      33
      28
      31
      24
      30
      21
      30
      25
      26
      23
      28
      18
      17
      31
      22
      25
      31
      34
      39
      30
      30
      29
      37
      28
      26
      19
      28
      34
      19
      30
      34
      26
      22
      19
      31
      31
      25
      19
      27
      26
      28
      23
      26
      16
      28
      23
      23
      12
      25
      22
      32
      27
      22
      28
      23
      44
      32
      42
      45
      29
      42
      41
      36
      28
      38
      34
      24
      27
      28
      27
      24
      27
      22
      26
      26
      27
      14
      31
      25
      18
      28
      24
      21
      30
      25
      24
      27
      29
      24
      18
      18
      37
      34
      26
      23
      22
      29
      24
      18
      17
      25
      34
      19
      24
      17
      21
      23
      13
      23
      20
      28
      22
      22
      25
      23
      17
      20
      18
      25
      34
      28
      21
      17
      23
      24
      19
      31
      23
      23
      32
      24
      21
      30
      27
      30
      33
      25
      19
      25
      27
      29
      19
      27
      17
      23
      21
      23
      16
      25
      25
      25
      22
      14
      22
      20
      32
      26
      26
      28
      31
      25
      22
      22
      22
      21
      20
      28
      20
      25
      34
      22
      24
      16
      20
      30
      29
      21
      24
      21
      12
      23
      19
      29
      15
      26
      26
      34
      25
      27
      25
      18
      25
      16
      23
      28
      20
      14
      25
      24
      29
      19
      26
      28
      28
      27
      33
      24
      23
      24
      28
      28
      25
      34
      17
      29
      22
      24
      31
      30
      40
      59
      69
      91
     129
     177
     234
     284
     373
     390
     443
     399
     435
     311
     250
     178
     136
      98
      51
      32
      33
      23
      30
      27
      19
      14
      16
      21
      13
      20
      11
      27
      31
      30
      18
      23
      25
      22
      21
      29
      13
      25
      15
      27
      22
      30
      17
      15
      21
      23
      19
      18
      16
      24
      20
      22
      24
      27
      35
      25
      25
      18
      25
      25
      25
      27
      24
      32
      17
      26
      19
      20
      23
      18
      20
      18
      27
      21
      26
      23
      22
      21
      22
      22
      24
      22
      22
      31
      25
      24
      21
      23
      24
      26
      19
      22
      16
      30
      17
      18
      22
      24
      21
      22
      24
      28
      18
      25
      30
      20
      23
      16
      35
      26
      12
      26
      18
      21
      14
      21
      12
      23
      12
      27
      17
      28
      22
      19
      23
      16
      34
      24
      18
      22
      23
      21
      15
      20
      24
      21
      23
      25
      18
      27
      20
      16
      19
      22
      18
      12
      25
      14
      20
      16
      32
      24
      20
      33
      16
      14
      21
      25
      26
      32
      22
      21
      26
      21
      28
      24
      16
      17
      21
      17
      16
      24
      21
      18
      25
      25
      27
      24
      24
      30
      20
      35
      46
      50
      51
      58
      65
      74
      54
      37
      52
      54
      33
      29
      24
      22
      22
      17
      11
      21
      34
      16
      24
      14
      26
      19
      25
      15
      30
      19
      18
      14
      24
      20
      23
      21
      21
      19
      23
      15
      17
      18
      18
      25
      22
      23
      17
      14
      18
      22
      17
      24
      23
      20
      21
      25
      33
      45
      56
      85
     124
     181
     245
     344
     402
     502
     535
     542
     531
     476
     355
     278
     185
     152
      86
      60
      36
      25
      23
      23
      17
      18
      23
      20
      22
      16
      20
      20
      19
      20
      22
      18
      30
      15
      15
      17
      20
      22
      13
      16
      13
      21
      25
      21
      18
      20
      20
      23
      32
      36
      45
      58
      70
     121
     165
     186
     202
     232
     241
     217
     189
     179
     140
      89
      74
      50
      38
      22
      25
      21
      24
      24
      25
      17
      19
      22
      18
      22
      27
      16
      16
      22
      22
      13
      16
      11
      16
      26
      21
      12
      15
      24
      20
      21
      16
      20
      14
      16
      18
      27
      17
      24
      22
      15
      14
      19
      19
      10
      17
      14
       9
      19
      27
      20
      24
      19
      30
      29
      39
      53
      45
      64
      65
      85
      62
      57
      57
      36
      28
      33
      33
      21
      24
      12
      23
      16
      18
      16
      19
      19
      17
      15
      19
      19
      16
      18
      15
      19
      27
      22
      15
      21
      18
      18
      20
      18
      15
      13
      14
      13
      24
      10
      12
      20
      20
      16
      18
      30
      32
      27
      24
      31
      35
      33
      35
      33
      22
      27
      15
      29
      25
      12
      16
      11
      22
      15
      15
      17
      22
      15
      18
      18
      19
      19
      10
      19
      15
      15
      24
      22
      14
      13
       9
       8
       5
      23
      14
      25
      11
      17
      19
      24
      23
      23
      26
      10
      18
      23
      23
      18
      17
      24
      22
      21
      22
      19
      23
      25
      18
      17
      13
      26
      32
      36
      60
      84
     127
     159
     219
     303
     317
     351
     399
     391
     366
     273
     227
     182
     135
      76
      47
      48
      26
      30
      22
      26
      21
      18
      20
      13
      17
      17
      11
      10
      21
      10
      20
      14
      17
      20
      17
      20
      25
      24
      21
      17
      25
      23
      27
      21
      23
       7
      18
      13
      22
       9
      18
      21
      21
      13
      18
      23
      16
      13
      23
      19
      11
      20
      23
      14
      16
      17
      13
      12
      13
      17
      19
      22
      17
      17
      13
      15
      12
      10
      21
      18
      15
       9
      12
      20
      14
      13
       9
      23
      22
      19
      20
      15
      22
      26
      18
      26
      22
      29
      18
      15
      26
      21
      19
      17
      19
      14
      15
      21
      16
      16
      23
      46
      28
      51
      36
      38
      27
      31
      32
      26
      22
      27
      11
      11
      14
      15
      14
      13
      11
       8
      15
      10
      12
      25
      15
       9
      11
      14
      20
      13
      18
      20
       9
      10
      17
      12
      18
      14
      14
      10
      13
      10
      12
      25
      15
      22
      11
      11
      10
      16
      15
       8
      13
      23
      24
       8
      15
      11
      16
      14
      21
      11
      11
       8
      14
      14
      10
      10
      13
      14
      23
      20
      17
      12
      17
      21
      23
      30
      32
      34
      28
      31
      45
      31
      50
      62
      82
     105
     124
     177
     203
     248
     274
     290
     230
     231
     181
     144
      92
      65
      49
      39
      30
      22
      15
      16
      12
      18
       9
      11
      12
      11
      21
      17
       8
      14
      16
      17
      18
      12
      17
      12
      13
      12
      14
      19
      18
       9
      11
      20
      19
      16
      11
      13
      19
      17
      34
      29
      23
      22
      26
      20
      21
      13
      21
      16
      14
      12
       8
      13
      14
      20
      16
      14
       9
       9
       7
      12
       9
      14
      16
       8
      15
      14
      16
      16
      19
      17
      10
      15
      14
      13
      23
      14
      13
      12
      11
      20
      10
      18
      14
      11
       8
      16
      15
      13
       9
       8
      15
      12
      11
      23
      13
      16
      23
      13
      24
      18
      40
      47
      77
     100
     139
     169
     217
     258
     296
     289
     258
     236
     220
     167
      97
      93
      61
      51
      24
      17
      10
      21
      16
      16
       6
      17
       8
      13
      11
      12
       8
       7
       9
      16
      13
       9
      13
      16
      10
      12
      15
      11
       9
      14
      12
      12
       8
      14
      17
      16
      10
      16
      19
       8
      21
       7
      14
      19
      15
      20
      14
      10
      22
      21
      28
      19
      39
      25
      31
      35
      27
      28
      21
      21
      21
      22
      18
      17
      11
      15
      14
      15
       8
      15
      10
       5
      10
      10
       7
      12
      13
      10
       7
       5
      13
       8
      17
       8
      12
      11
      14
      13
      11
      14
      11
       5
      11
      10
      10
       7
      15
      14
      21
      21
      22
      20
      10
      20
      14
      18
      17
      16
      15
      19
      14
      17
      14
      17
      14
       5
      13
       5
      15
      10
       9
      15
      13
      10
      16
      13
      12
      15
      25
      16
      33
      30
      24
      27
      34
      29
      27
      15
      23
      12
      14
      10
      12
      10
       9
      12
      10
      12
      17
      15
      10
      12
      16
      15
      14
      10
      12
      16
      10
      17
      13
      15
      19
      16
      18
      18
      13
      20
      20
      17
      12
      11
       9
      13
      15
      17
      12
      15
      12
      16
       7
      10
      13
      13
      11
      13
      12
       9
      11
      15
      18
       8
      16
       8
      13
       9
       7
      16
       5
       9
      12
      10
      14
      14
      10
      16
       9
      11
      11
       8
       7
      15
      16
      11
      10
      14
      17
      11
      15
      16
      13
      12
       6
      10
       8
      16
      14
      11
      15
      14
      13
      16
      12
       6
      11
      14
      13
      13
       7
      12
       9
      16
       8
      10
      14
       6
      11
      12
      14
       9
      11
       9
      14
       7
       7
       8
      12
       9
      11
      17
      18
       7
       6
       5
      17
      18
       9
       9
       6
      15
      15
       8
      22
      13
      13
      14
       5
       9
      16
      16
      16
      17
      16
      15
       8
      17
      15
      20
      13
      17
      10
      12
      12
       9
      10
      18
      10
      15
      17
      14
      12
      13
      16
      10
      15
       8
      11
       9
      11
      12
       9
      20
       7
       5
      13
       9
      10
      10
       8
      12
      11
      19
      11
      10
      13
      13
      16
      17
      14
      13
      11
      13
      14
       9
       8
      11
      11
      12
      18
      17
       6
       9
      15
       5
      11
      17
       8
      10
       8
      13
      10
      14
      12
      10
       8
      10
      14
       6
       8
       4
      14
      11
      13
      11
      10
       9
       9
       3
      12
      15
       9
       8
       8
       9
      11
      10
       9
      17
      20
      19
      21
      22
      39
      57
      53
      60
      72
      63
      79
      59
      51
      39
      23
      22
      22
      21
      16
      19
      17
      23
      28
      42
      46
      58
      59
      58
      62
      65
      55
      52
      38
      32
      29
      21
      15
       8
      14
      12
       9
       4
       9
       7
       9
       9
      11
       5
       9
       5
       5
      11
       5
       8
      10
      11
      12
       9
       9
      10
      12
      10
      14
       8
       6
       7
      12
      11
       8
      11
      11
       9
      17
      10
       8
      16
       4
       7
       8
      11
       8
      13
      10
      14
      11
       9
       3
       9
       6
       2
       6
       7
      10
       9
       8
      10
      10
       8
      16
      11
      12
      13
      11
      14
       6
      11
      12
       9
      12
       7
      13
       9
       7
      13
      12
      12
       8
      14
       8
       9
      10
      12
      13
      21
      14
      20
      19
      22
      17
      27
      25
      27
      27
      38
      27
      25
      30
      21
      13
      12
       9
      16
      13
       8
      13
       8
      11
      15
      12
       7
      13
      15
      21
      14
      17
      13
      16
      17
      22
      21
      12
       9
       8
      12
       9
      14
      10
      10
      11
      14
      15
      12
      15
      18
      11
       7
      11
      10
       8
      12
      14
       8
      14
       6
      12
      13
       6
       9
      12
      11
       9
      10
      14
       9
       9
      11
       8
      12
      10
       9
       7
      11
      12
      10
       8
       9
      11
       9
      12
      13
      15
      14
      20
      26
      37
      50
      74
      82
     139
     199
     258
     300
     330
     406
     363
     408
     357
     323
     246
     191
     108
      92
      53
      39
      20
      20
      12
      11
      11
       8
       7
      11
       7
      10
       8
       8
       9
       9
       4
       9
      14
      12
       5
       7
       4
       7
       3
       8
       7
       8
      14
      10
       8
       5
       8
      10
       8
       8
       8
       5
      12
       7
       9
      13
       6
      10
      10
       9
       5
       8
       5
       9
      10
      10
      11
       6
      16
      12
       3
       9
      11
      11
      11
       4
       8
      10
       8
      13
       5
      11
       5
      10
      13
       7
       5
       7
       8
       5
       7
       8
      14
       8
       6
      11
       8
       9
       4
      10
       6
      10
      11
       8
       6
       4
       6
       9
       8
      12
       9
      10
       5
       8
       9
       2
       8
      12
      11
       6
       8
      10
      11
       5
       7
       9
       7
       6
       9
       4
       6
       6
      14
      11
       9
       9
       8
       9
       5
       4
      15
      13
       9
       6
       5
      11
      13
      14
      10
       8
       4
       8
      10
       8
       8
      13
       7
      13
      16
       9
       8
       9
       7
       5
       6
       6
      10
       7
      10
       7
       1
      10
       5
       6
       6
       6
       8
       6
       7
       9
       8
       7
       6
      11
       9
       4
       9
       6
       8
      14
      14
      13
      18
       9
      18
      26
      39
      23
      37
      36
      31
      36
      21
      24
      20
      17
      10
       4
       4
       6
       8
       6
       8
       9
       9
       6
       8
      12
       6
      23
      23
      23
      25
      27
      20
      20
      30
      11
      15
      18
      13
       5
       9
       9
      12
       9
       6
       6
       5
      11
       6
       6
       9
       8
       8
       1
       7
      10
       9
      13
       5
       4
       5
       8
       4
       7
       5
       8
       9
       5
       5
       8
       8
       4
       6
      11
       8
       7
       4
       5
       8
       7
      10
      10
       3
       4
       5
       5
       5
      10
       6
       6
       9
       7
       7
      11
       4
       7
       8
      10
       8
       6
       7
       8
       8
       3
       7
       8
       7
       1
       7
       6
      12
       3
       5
       9
      10
       9
       7
       5
       3
       8
       6
       1
       5
       6
       3
       5
       8
       3
       6
      10
       9
       9
       6
      11
      15
       7
      10
       6
       9
       5
       7
       8
       3
       7
       3
       9
       8
       4
       3
       4
       8
       8
       9
       8
      10
       8
       8
      10
      16
      18
      23
      13
      25
      19
      20
      25
      13
      19
      13
       9
      10
       7
      10
      11
       3
       9
      12
       8
      11
       8
      12
       6
      12
       9
       9
      16
      10
      11
      13
       7
       7
      11
       5
       8
       6
      16
       8
       6
       9
       4
       9
       7
       7
       9
       7
       5
       5
       7
       7
       4
      11
       9
       4
       4
       4
       8
       5
       4
       8
       3
      12
       8
       9
       8
       5
       9
       3
       5
      12
       8
       5
       9
       8
       7
       5
      12
       4
       8
       5
       9
      12
      11
       7
       4
       1
       5
       4
       4
       3
       5
       8
       4
       6
       6
       9
       5
       6
      12
       5
       5
       9
       2
       3
       5
       7
      10
       3
       5
       6
       4
      10
       5
       0
      11
       4
       3
       7
       7
       8
       8
       4
       7
       8
       5
       1
       5
       7
      11
       4
       6
       6
       6
       8
       7
       7
       3
      13
       8
       8
       8
       7
      13
      14
      15
      16
      11
      11
      15
       9
      15
       9
      11
      13
      11
       8
       7
       8
       8
       6
       4
       3
      12
      12
      11
      10
      13
      12
      18
      24
      17
      10
      28
      15
      12
      17
      11
      12
       8
      14
       9
      10
       9
      10
      13
      21
      17
      12
      11
      16
      22
      19
      12
       9
      11
       8
       6
       6
       6
       7
       7
       8
       4
       6
       4
       4
      12
       8
       5
      11
       5
       6
       7
       5
       5
       4
       4
       5
       4
       6
       4
       9
       5
       3
      11
       3
       2
       7
       4
       5
       4
      10
       3
       7
       4
      13
       4
      11
       5
       3
       7
       7
       9
       4
       4
       5
       9
      10
       7
       7
      10
      16
      15
      17
      13
      18
      20
      17
      12
      12
      11
      11
       7
       7
       5
       4
       7
       6
       9
       3
       7
       5
       5
       2
       6
       5
       8
       7
       7
       3
       5
       7
       4
       4
       6
       3
       6
       2
       2
      10
       3
       4
       4
       4
       3
       2
       7
      10
      11
       3
       5
      10
       5
       9
       9
       6
       9
       8
       8
       8
      10
       7
       8
       3
       6
       6
      12
      12
       5
       5
       2
       7
       5
       6
       3
       5
       8
       7
       3
       7
       6
       7
       2
       4
       6
       5
       6
       6
      12
       8
       6
       3
       5
       8
       4
       6
       3
       3
       9
       7
       4
       8
       4
       3
       6
       3
       2
       6
       6
       3
       7
       7
       6
       5
       9
       4
       4
       5
       4
       1
       4
       7
       9
       6
       8
       9
       2
       2
       2
       5
       7
       4
       3
       4
       3
       5
       4
       6
       7
       3
       4
       2
       3
       4
       5
       5
       2
       5
       4
       4
       8
       3
       6
       3
       6
       6
       5
       7
       3
       5
       3
       3
       6
       6
       5
       4
       4
       1
       4
       7
       2
       5
       6
       7
       1
       4
       6
       7
       4
       3
       4
       5
       1
       7
       4
       4
       5
       5
       5
      11
       7
       6
       8
       4
       7
      11
       3
       8
      15
      13
      10
      24
      42
      37
      47
      62
      79
     114
     153
     187
     190
     227
     234
     255
     240
     205
     167
     133
     103
      67
      37
      29
      23
      11
       6
       6
       4
       6
       5
       4
       5
       8
       7
       9
      10
       5
       6
       2
       3
       8
       2
       4
       4
       3
       6
       3
       3
       6
       4
       4
       3
       4
       6
       4
       6
       5
       8
       4
       4
       8
       6
       4
       7
       4
       6
       5
       5
       3
       6
       7
       2
       8
       3
       7
       6
       6
       6
       7
       6
       4
       5
       6
       9
       6
       7
      10
       3
       5
       5
       9
       6
       9
      15
      16
      21
      25
      31
      41
      40
      52
      49
      65
      49
      44
      39
      27
      27
      10
      15
      12
       4
       5
       8
       3
       4
       8
       9
       4
       4
       5
       6
       2
       7
       3
       7
       2
       5
       4
       5
       3
       2
       2
       4
       0
       3
       4
       2
       2
       8
       5
       0
       3
       4
       8
       4
       2
       8
       4
       4
       5
       5
       4
       3
       5
       1
       5
       4
       2
       3
       5
       3
       0
       2
       4
       2
       6
       3
       4
       5
       1
       7
       5
       6
       6
       4
       2
       6
       6
       7
       4
       3
       3
      10
       0
       3
       3
       3
       5
       6
       9
       6
      12
       9
      11
      16
      10
      13
      12
      13
       8
      10
       5
       5
       1
       7
       5
       2
       3
       6
       6
       1
       4
       4
       7
       1
       4
       6
       4
       5
       6
       6
       4
       4
       4
       7
      10
       3
       6
       4
       6
       5
       1
       4
       2
       0
       5
       3
       6
       4
       1
       7
       4
       1
       5
       5
       6
       2
       6
       3
       6
       1
       4
       5
       3
       4
       8
       3
       2
       5
       5
       1
       4
       3
       3
       5
       7
       6
       3
       2
       2
       4
       2
       3
       9
       3
       5
       4
       3
       3
       3
       5
       5
       3
       0
       7
       4
       4
       7
       6
       5
       5
       2
       5
      11
       2
       6
      10
       4
       7
       7
       7
      11
       7
      11
      12
      19
      22
      17
      19
       8
       9
      18
       7
       8
       7
       8
       4
       4
       7
       2
       1
       2
       6
       8
       9
       3
       4
       4
       1
       3
       5
       3
       3
       2
       5
       5
       6
       7
       4
       6
       1
       1
       4
       2
       5
       1
       6
       3
       1
       5
       3
       4
       4
       2
       6
       8
       3
       6
       7
       2
       4
       6
       4
       8
       5
       2
       4
       3
       4
       4
       8
       3
       3
       8
       7
       7
      14
       9
      14
      15
      22
      24
      20
      10
      13
      16
      11
      10
      10
      12
       5
       7
       4
       6
       8
       0
       4
       7
       3
       5
       5
       7
       4
       4
       7
       6
       7
       5
       5
       8
       9
      15
      14
       7
      10
       7
       2
       6
       6
       5
       4
       5
       3
       2
       2
       5
       5
       1
       4
       4
       3
       6
       4
       4
       2
       3
       4
       1
       1
       2
       2
       5
       7
       3
       7
       6
       8
       3
       5
       4
       5
       3
       4
       3
       6
       2
       2
       7
       8
      13
       7
       7
      11
      10
      11
      18
       6
      12
      13
       4
       5
       9
       4
       8
      11
       9
       8
      14
      12
      23
      16
      21
      16
      18
      17
      21
      13
      15
      13
       5
       7
       4
       2
       4
       5
       4
       4
       2
       2
       3
       6
       5
       6
       5
       6
       2
       6
       5
       2
       5
       4
       8
       1
       5
       1
       6
       4
       8
       2
       1
       2
       4
       6
       4
       3
       3
       5
       1
       3
       4
       5
       5
       7
       4
       5
       6
      10
       7
      10
      12
      13
      13
      21
      27
      31
      29
      29
      26
      19
      16
      14
       9
      10
       8
       5
       6
       9
      10
       4
       5
       5
       5
       4
       2
       2
       8
       6
       3
       8
      12
       5
      10
       4
       9
       7
       7
       9
       7
       9
      10
       5
       5
       8
      11
       7
       6
       2
       5
       5
       8
       9
       9
       9
       5
       9
       5
       4
       8
       4
       5
       4
       2
       3
       4
       6
       3
       6
       5
       4
       6
       3
       6
       5
       3
       5
       6
       7
      11
       9
      10
      16
      17
      20
      24
      21
      16
      21
      14
      10
       5
       7
       9
       7
       4
       7
       9
      10
       1
       5
       3
       9
      11
       4
       8
       1
       5
       6
       3
       4
       1
       3
       4
       0
       6
       2
       1
       3
       7
       2
       4
       3
       4
       2
       4
       3
       4
       5
       3
       1
       3
       3
       5
       2
       5
       1
       7
       2
       1
       2
       2
       6
       5
       8
       6
       1
       1
       3
       7
       5
       7
       5
       6
       6
       2
       7
       5
       3
       3
       3
       5
       3
       3
       5
       4
       3
       5
       3
       3
       9
       2
       4
       8
       6
       4
       6
       4
       5
       8
      10
       5
       3
       5
       3
       1
       7
       5
       2
       5
       9
       3
       3
       3
       2
       7
       2
       3
       4
       2
       7
       3
       3
       2
       5
       2
       0
       4
       5
       0
       9
       3
       4
       4
       0
       4
       4
       5
       3
       3
       2
       1
       1
       3
       3
       1
       1
       2
       5
       4
       2
       3
       5
       5
       5
       4
       3
       5
       1
       4
       8
       4
       7
       4
       2
       2
       1
       3
       1
       0
       2
       7
       5
       5
       5
       2
       1
       2
       3
       4
       3
       2
       2
       5
       1
       1
       8
       1
       1
       2
       6
       4
       3
       4
       3
       1
       2
       3
       6
       4
       1
       5
       3
       3
       4
       2
       3
       3
       0
       4
       7
       4
       2
       6
       2
       8
       2
       2
       3
       2
       3
       5
       6
       4
       6
       2
       5
       1
       4
       4
       4
       6
       5
       5
       3
       6
       4
       7
      12
       4
      11
      13
       6
      10
       8
       8
       8
       8
       4
      16
       8
       1
       7
       6
       3
       2
       5
       2
       6
       4
       3
       2
       1
       1
       3
       1
       5
       5
       3
       1
       2
       2
       4
       3
       4
       4
       5
       5
       2
       6
       4
       3
       8
       4
       0
       5
       4
       3
       4
       2
       6
       2
       3
       2
       3
       1
       4
       3
       5
       3
       4
       4
       2
       5
       2
       2
       1
       6
       4
       4
       4
       6
       2
       3
       5
       2
       2
       6
       5
       3
       1
       4
       5
       3
       7
       5
       7
       2
       6
       3
       4
       5
       3
       6
       5
       7
       8
       8
       6
       6
       7
       7
       3
       7
       7
       6
       9
       7
       6
       4
       8
       1
       5
       2
       8
       4
       2
       2
       2
       1
       6
       3
       2
       2
       8
       7
       2
       5
       3
       3
       1
       4
       2
       6
       5
       0
       2
       3
       1
       2
       4
       4
       2
       5
       5
       4
       4
       1
       2
       3
       5
       2
       4
       3
       7
       3
       1
       7
       3
       2
       2
       1
       3
       0
       4
       4
       5
       4
       1
       2
       1
       5
       2
       0
       2
       4
       2
       4
       2
       6
       6
       4
       4
       4
       3
       3
       9
       9
       3
       3
       7
       6
       4
       1
       5
       4
       2
       3
       1
       5
       5
       4
       7
       7
       3
      14
      13
      11
      20
      19
      15
      13
      16
       7
      12
       9
       5
       9
       4
       6
       3
       2
       2
       3
       3
       2
       6
       3
       4
       3
       4
      10
       4
       5
       4
       8
       4
       8
       3
       5
       2
       2
       4
       5
       2
       0
       1
       1
       4
       1
       2
       4
       3
       5
       4
       4
      10
       6
      14
      15
      10
      16
      29
      27
      51
      56
      62
      61
      63
      76
      62
      60
      65
      41
      49
      31
      22
      16
      13
       5
       5
       2
       2
       1
       1
       5
       3
       1
       1
       3
       5
       3
       2
       3
       0
       1
       4
       2
       6
       2
       2
       5
       2
       2
       1
       1
       3
       3
       2
       3
       4
       5
       1
       3
       2
       4
       3
       5
       1
       1
       4
       4
       2
       4
       8
       3
       2
       6
       3
       4
       0
       2
       4
       5
       1
       3
       3
       3
       5
       3
       2
       3
       2
       3
       4
       4
       4
       2
       0
       2
       1
       2
       3
       0
       3
       1
       2
       0
       2
       4
       2
       5
       6
       4
       3
       0
       3
       1
       3
       2
       3
       0
       2
       3
       1
       3
       1
       4
       4
       1
       5
       4
       0
       5
       1
       4
       1
       1
       3
       2
       2
       3
       4
       5
       6
       4
       8
       3
       4
       2
       3
       5
       1
       3
       6
       3
       1
       4
       2
       0
       1
       0
       2
       5
       1
       1
       6
       4
       1
       3
       1
       2
       3
       4
       4
       2
       3
       3
       3
       3
       3
       3
       0
       3
       2
       3
       4
       1
       1
       1
       2
       4
       1
       2
       2
       2
       3
       2
       4
       2
       2
       2
       3
       0
       0
       1
       0
       1
       1
       0
       1
       2
       5
       2
       2
       6
       2
       2
       0
       3
       4
       1
       0
       2
       4
       7
       3
       3
       1
       1
       4
       1
       2
       4
       1
       4
       6
       4
       3
       2
       2
       3
       1
       4
       3
       1
       1
       2
       1
       3
       4
       3
       1
       1
       3
       2
       6
       1
       2
       2
       5
       3
       3
       2
       1
       2
       3
       1
       3
       0
       1
       1
       5
       2
       4
      10
       5
       2
       8
       1
       2
       0
       3
       0
       4
       2
       4
       2
       1
       1
       5
       2
       5
       3
       5
       2
       6
       3
       2
       4
       0
       3
      10
       4
       1
       1
       1
       2
       4
       4
       3
       1
       2
       3
       3
       2
       4
       2
       5
       1
       7
       2
       5
       6
       4
       4
       5
       3
       9
       6
       6
       5
       3
       4
       5
       4
       7
       2
       2
       4
       2
       4
       3
       3
       3
       5
       9
       4
       4
       1
       2
       1
       0
       3
       0
       2
       4
       1
       3
       4
       3
       1
       4
       3
       4
       2
       2
       1
       5
       2
       3
       3
       5
       2
       5
      13
       8
      12
      12
       6
      12
      20
      13
      22
      18
      15
      17
       9
      11
       8
       7
       5
       6
       5
       4
       6
       4
       3
       1
       4
       2
       6
       4
       6
       0
       3
       4
       2
       1
       2
       2
       3
       3
       2
       3
       5
       6
       2
       1
       5
       0
       2
       2
       2
       5
       3
       3
       5
       5
       4
       1
       7
       2
       5
       3
       7
       8
       6
       5
       3
       5
       2
       2
       3
       0
       0
       4
       4
       3
       4
       4
       1
       2
       1
       3
       1
       5
       3
       2
       6
       3
       2
       1
       2
       1
       1
       1
       2
       0
       6
       1
       4
       7
       3
       0
       3
       3
       0
       2
       2
       5
       0
       4
       3
       1
       1
       3
       1
       2
       1
       2
       3
       3
       6
       1
       4
       3
       5
       2
       3
       0
       2
       0
       2
       0
       3
       0
       2
       1
       5
       3
       1
       4
       5
       9
       3
       9
       5
       6
       2
       8
       7
       3
       5
       3
       1
       3
       5
       1
       5
       2
       0
       1
       0
       0
       3
       3
       3
       5
       2
       2
       1
       2
       3
       4
       2
       1
       3
       6
       3
       3
       5
       2
       0
       2
       2
       1
       3
       2
       2
       3
       2
       0
       1
       1
       0
       1
       4
       4
       1
       0
       2
       2
       1
       2
       1
       1
       4
       2
       3
       3
       2
       2
       0
       2
       4
       0
       1
       1
       3
       1
       1
       3
       1
       2
       1
       2
       5
       6
       3
       0
       2
       3
       2
       4
       2
       2
       1
       4
       0
       2
       2
       0
       1
       1
       2
       1
       2
       3
       3
       0
       1
       0
       1
       1
       3
       3
       0
       2
       0
       1
       0
       1
       1
       6
       2
       2
       3
       1
       1
       0
       2
       1
       1
       3
       0
       2
       1
       2
       2
       0
       0
       1
       1
       3
       1
       5
       5
       1
       4
       2
       2
       3
       2
       4
       0
       4
       3
       3
       5
       4
       4
       3
       7
       4
       4
       1
       2
       1
       4
       4
       2
       2
       3
       4
       5
       3
       4
       3
       2
       2
       4
       1
       1
       3
       0
       2
       1
       0
       1
       5
       4
       1
       0
       4
       3
       2
       4
       0
       3
       2
       2
       7
       0
       2
       0
       0
       0
       1
       1
       1
       4
       2
       3
       3
       1
       3
       2
       1
       1
       1
       2
       2
       1
       2
       2
       2
       2
       1
       1
       2
       3
       1
       3
       3
       1
       5
       0
       2
       2
       2
       3
       0
       2
       1
       1
       1
       1
       2
       3
       3
       0
       0
       2
       0
       1
       0
       1
       1
       1
       0
       0
       0
       3
       1
       5
       0
       0
       0
       2
       0
       2
       4
       1
       4
       2
       1
       2
       2
       3
       0
       0
       4
       2
       2
       2
       2
       3
       1
       1
       1
       3
       2
       2
       5
       2
       4
       1
       0
       2
       4
       4
       3
       7
       8
       6
       6
      19
       9
      19
      17
      18
      22
      26
      23
      25
      17
      13
      22
      12
       7
       4
       9
       4
       6
       1
       1
       2
       3
       0
       0
       1
       1
       4
       2
       0
       3
       3
       2
       1
       2
       0
       1
       0
       3
       0
       2
       3
       4
       3
       2
       2
       0
       1
       0
       1
       2
       1
       2
       2
       3
       1
       2
       2
       2
       2
       4
       2
       1
       2
       4
       3
       3
       2
       1
       2
       2
       3
       3
       4
       2
       2
       1
       3
       2
       1
       4
       3
       1
       1
       3
       3
       1
       0
       3
       1
       2
       0
       1
       3
       2
       1
       3
       0
       2
       1
       2
       2
       1
       1
       1
       1
       2
       1
       3
       1
       1
       0
       1
       2
       2
       0
       1
       1
       3
       4
       0
       2
       2
       1
       3
       2
       1
       4
       2
       0
       3
       1
       2
       3
       3
       2
       4
       6
       3
       7
       1
       4
       8
       4
      10
       7
       6
       9
      16
      24
      14
      17
      19
      11
      20
      15
      13
      13
       6
       8
      14
       6
       3
       5
       3
       1
       1
       3
       1
       3
       3
       4
       1
       2
       0
       3
       4
       5
       4
       4
       3
      10
       7
       9
       9
      18
      19
      17
      25
      29
      25
      39
      43
      46
      36
      38
      32
      40
      17
      18
       6
       9
       9
       5
       1
       1
       2
       1
       0
       2
       3
       1
       2
       5
       4
       1
       0
       0
       1
       0
       1
       1
       1
       1
       3
       5
       3
       2
       2
       2
       2
       1
       5
       1
       0
       3
       0
       1
       5
       0
       3
       7
       0
       2
       2
       0
       0
       0
       1
       2
       0
       1
       1
       2
       0
       3
       0
       2
       1
       1
       2
       1
       0
       2
       1
       3
       0
       2
       2
       1
       4
       0
       0
       4
       3
       0
       1
       2
       1
       3
       4
       2
       2
       2
       5
       1
       6
       4
       9
       1
       3
       4
       3
       3
       1
       3
       2
       1
       0
       2
       1
       2
       1
       1
       0
       1
       1
       1
       1
       1
       3
       1
       1
       3
       3
       0
       1
       1
       2
       1
       0
       2
       1
       2
       0
       3
       2
       2
       5
       2
       3
       4
       1
       5
       3
       5
       1
       2
       0
       1
       1
       5
       0
       3
       2
       1
       2
       3
       1
       0
       3
       2
       0
       5
       0
       0
       1
       1
       4
       0
       3
       7
       0
       1
       2
       1
       2
       0
       1
       0
       2
       1
       1
       1
       0
       2
       1
       1
       1
       1
       2
       3
       1
       1
       1
       3
       0
       1
       0
       1
       1
       1
       3
       1
       0
       0
       1
       2
       1
       2
       2
       1
       1
       2
       2
       4
       4
       4
       4
       4
       2
       0
       2
       3
       2
       1
       2
       1
       1
       2
       2
       0
       1
       3
       1
       3
       1
       0
       2
       2
       0
       1
       2
       0
       0
       0
       1
       1
       1
       1
       1
       2
       2
       2
       0
       0
       0
       2
       3
       2
       2
       1
       1
       1
       2
       1
       2
       2
       1
       5
       1
       0
       1
       1
       2
       1
       0
       1
       3
       3
       1
       2
       3
       2
       1
       3
       0
       1
       0
       2
       0
       1
       1
       1
       1
       1
       1
       3
       2
       0
       1
       0
       1
       0
       2
       1
       2
       1
       1
       2
       3
       2
       2
       1
       1
       1
       1
       0
       0
       2
       2
       1
       3
       1
       2
       3
       3
       5
       0
       3
       2
       1
       4
       1
       1
       1
       0
       3
       3
       0
       2
       3
       1
       1
       2
       0
       3
       0
       1
       1
       1
       3
       1
       3
       2
       2
       1
       1
       0
       2
       1
       0
       2
       4
       3
       0
       5
       2
       1
       0
       0
       1
       0
       0
       1
       0
       1
       0
       0
       1
       3
       1
       1
       1
       0
       2
       0
       3
       0
       0
       1
       0
       2
       0
       2
       2
       2
       1
       0
       2
       4
       1
       0
       0
       1
       0
       1
       2
       1
       1
       2
       1
       2
       2
       0
       1
       1
       3
       3
       0
       0
       0
       1
       0
       1
       2
       0
       0
       2
       2
       1
       2
       3
       0
       0
       2
       1
       3
       1
       0
       3
       2
       2
       1
       0
       3
       1
       1
       0
       1
       3
       2
       4
       1
       5
       0
       2
       3
       3
       2
       2
       1
       2
       1
       2
       2
       2
       2
       2
       2
       1
       2
       3
       3
       1
       2
       1
       0
       1
       1
       1
       2
       0
       2
       3
       4
       0
       4
       0
       4
       3
       4
       3
       2
       1
       1
       3
       1
       2
       2
       1
       1
       0
       2
       2
       1
       1
       1
       4
       0
       0
       0
       1
       1
       2
       0
       1
       1
       1
       1
       1
       0
       1
       0
       4
       1
       6
       1
       3
       5
       9
       5
       5
       6
       8
       5
       2
       2
       3
       5
       5
       1
       1
       2
       3
       2
       1
       2
       1
       1
       0
       5
       1
       3
       2
      10
       4
       9
      15
      15
      16
      19
      22
      17
      29
      46
      34
      46
      46
      26
      37
      23
      23
      23
      20
       7
       9
      11
       7
       3
       3
       4
       1
       3
       0
       1
       1
       4
       0
       4
       0
       0
       1
       1
       2
       1
       6
       1
       0
       2
       1
       2
       4
       4
       2
       0
       3
       3
       2
       1
       0
       5
       3
       0
       0
       1
       0
       0
       1
       2
       3
       1
       0
       0
       0
       2
       1
       2
       2
       2
       3
       2
       4
       2
       3
       1
       4
       2
       2
       1
       0
       1
       3
       4
       1
       0
       2
       1
       0
       0
       1
       2
       0
       1
       0
       0
       1
       1
       1
       1
       0
       1
       1
       2
       1
       2
       0
       3
       1
       1
       0
       1
       0
       0
       0
       0
       2
       2
       1
       3
       2
       0
       3
       1
       2
       0
       0
       2
       1
       0
       4
       1
       0
       2
       1
       1
       1
       0
       1
       1
       2
       1
       2
       1
       0
       0
       2
       2
       2
       1
       0
       2
       2
       0
       0
       0
       0
       1
       1
       0
       2
       2
       2
       2
       3
       2
       3
       4
       6
       5
       6
       6
       3
       4
       3
       2
       4
       1
       3
       4
       3
       2
       2
       4
       1
       2
       3
       1
       2
       2
       1
       2
       3
       1
       0
       2
       2
       0
       4
       1
       3
       1
       2
       2
       2
       4
       1
       2
       1
       6
       3
       3
       0
       2
       2
       0
       0
       0
       3
       3
       0
       3
       1
       1
       1
       0
       2
       1
       1
       2
       2
       3
       0
       0
       0
       1
       0
       5
       0
       2
       1
       3
       1
       0
       0
       1
       1
       1
       0
       3
       1
       3
       0
       1
       1
       0
       3
       2
       1
       2
       2
       2
       0
       1
       5
       0
       0
       1
       1
       0
       0
       2
       1
       0
       2
       2
       1
       1
       1
       1
       0
       1
       1
       1
       0
       1
       0
       2
       3
       2
       2
       0
       1
       1
       2
       3
       1
       2
       3
       0
       3
       1
       0
       1
       0
       0
       2
       0
       0
       3
       1
       0
       1
       1
       1
       0
       0
       0
       1
       0
       0
       2
       2
       0
       1
       0
       0
       2
       0
       1
       0
       3
       5
       1
       0
       0
       1
       2
       0
       0
       1
       0
       1
       1
       0
       1
       3
       3
       1
       0
       1
       1
       0
       2
       0
       2
       1
       0
       1
       0
       0
       1
       2
       0
       0
       3
       2
       1
       1
       0
       1
       0
       0
       2
       2
       1
       0
       0
       1
       1
       0
       3
       0
       1
       2
       2
       2
       1
       0
       2
       1
       0
       1
       3
       3
       0
       2
       3
       2
       1
       1
       1
       1
       0
       0
       1
       0
       1
       0
       1
       1
       1
       0
       1
       1
       0
       0
       0
       1
       2
       1
       1
       2
       0
       3
       0
       3
       3
       2
       1
       2
       1
       1
       1
       1
       3
       2
       2
       1
       1
       2
       2
       0
       2
       1
       2
       1
       1
       2
       1
       4
       1
       1
       2
       2
       0
       2
       4
       0
       2
       3
       3
       0
       2
       3
       0
       0
       2
       2
       0
       1
       1
       1
       0
       1
       2
       1
       1
       0
       1
       1
       1
       0
       2
       2
       1
       4
       2
       1
       1
       1
       0
       1
       2
       1
       1
       0
       0
       0
       3
       1
       0
       0
       1
       2
       1
       1
       3
       1
       0
       1
       0
       0
       0
       1
       2
       0
       0
       0
       0
       0
       0
       1
       1
       0
       2
       3
       1
       2
       3
       1
       1
       2
       2
       4
       4
       6
       4
       6
       2
       5
       1
       1
       2
       3
       1
       2
       2
       3
       2
       2
       0
       2
       1
       0
       1
       0
       0
       2
       2
       2
       1
       1
       2
       0
       0
       1
       1
       0
       1
       2
       2
       1
       2
       1
       1
       2
       1
       4
       1
       1
       2
       4
       0
       1
       2
       2
       0
       2
       1
       0
       1
       0
       1
       0
       1
       0
       0
       1
       0
       1
       1
       0
       0
       0
       1
       0
       3
       1
       0
       4
       2
       0
       3
       2
       0
       1
       1
       0
       0
       1
       1
       0
       0
       4
       0
       2
       1
       1
       0
       0
       1
       1
       1
       2
       1
       0
       1
       1
       0
       1
       0
       1
       0
       1
       0
       1
       3
       0
       2
       2
       0
       0
       1
       1
       1
       2
       0
       0
       1
       1
       2
       0
       1
       0
       1
       1
       2
       2
       1
       0
       2
       1
       0
       1
       1
       0
       0
       2
       2
       3
       0
       1
       3
       0
       1
       2
       0
       1
       1
       3
       0
       1
       4
       2
       1
       3
       1
       2
       0
       0
       0
       1
       0
       0
       2
       1
       0
       0
       1
       1
       0
       0
       2
       2
       1
       1
       1
       1
       0
       2
       1
       1
       2
       0
       1
       1
       2
       2
       0
       0
       2
       0
       1
       0
       1
       0
       0
       2
       0
       0
       0
       3
       3
       0
       3
       1
       0
       3
       3
       3
       1
       0
       0
       1
       1
       2
       2
       0
       1
       0
       1
       0
       3
       1
       1
       0
       1
       1
       1
       0
       2
       1
       3
       0
       1
       1
       0
       0
       1
       0
       1
       3
       0
       0
       1
       0
       3
       1
       1
       2
       0
       1
       0
       0
       1
       0
       0
       0
       4
       2
       1
       1
       0
       3
       2
       1
       0
       2
       3
       3
       0
       2
       2
       0
       1
       4
       3
       0
       0
       0
       1
       1
       1
       0
       1
       0
       0
       0
       1
       0
       1
       1
       3
       2
       2
       0
       1
       3
       0
       0
       2
       2
       1
       2
       0
       2
       0
       0
       2
       3
       0
       0
       3
       1
       2
       4
       0
       0
       1
       0
       0
       0
       0
       0
       2
       1
       2
       2
       0
       2
       0
       0
       0
       1
       0
       0
       1
       2
       1
       0
       0
       1
       1
       2
       3
       2
       1
       1
       1
       0
       0
       0
       2
       0
       1
       0
       0
       1
       1
       1
       1
       0
       0
       1
       0
       0
       0
       2
       2
       0
       0
       0
       2
       1
       1
       1
       3
       1
       0
       1
       0
       0
       0
       0
       0
       0
       1
       1
       2
       1
       2
       1
       1
       1
       0
       1
       1
       2
       1
       1
       2
       0
       0
       1
       0
       0
       1
       0
       1
       0
       1
       1
       0
       0
       1
       1
       0
       0
       1
       2
       1
       3
       1
       5
       1
       1
       3
       2
       0
       4
       3
       3
       1
       3
       3
       0
       2
       2
       0
       1
       0
       1
       0
       1
       1
       0
       0
       0
       0
       0
       0
       0
       1
       1
       0
       0
       1
       0
       2
       2
       0
       1
       1
       0
       1
       0
       0
       0
       1
       2
       0
       2
       2
       0
       1
       0
       0
       2
       0
       1
       0
       0
       3
       1
       1
       3
       1
       0
       1
       0
       0
       0
       0
       0
       0
       0
       2
       2
       1
       0
       0
       0
       0
       0
       1
       2
       2
       1
       1
       2
       1
       0
       1
       0
       0
       2
       1
       1
       0
       0
       3
       0
       0
       2
       1
       1
       0
       0
       1
       0
       0
       0
       1
       0
       1
       2
       0
       0
       0
       1
       1
       0
       1
       0
       1
       0
       0
       0
       0
       1
       0
       2
       1
       1
       1
       2
       1
       2
       2
       1
       1
       1
       0
       0
       0
       0
       1
       1
       0
       1
       0
       0
       1
       4
       2
       0
       0
       0
       3
       2
       2
       2
       1
       2
       6
       3
       3
       4
       4
       7
      10
      12
       9
      16
      18
      17
      15
      20
      14
      18
      15
      16
      11
       6
       6
       6
       3
       5
       3
       3
       2
       1
       1
       0
       0
       1
       0
       0
       0
       1
       0
       2
       2
       1
       0
       1
       1
       1
       0
       0
       0
       0
       0
       0
       0
       2
       0
       1
       0
       0
       3
       0
       0
       2
       2
       0
       1
       1
       1
       1
       2
       1
       0
       1
       0
       0
       0
       0
       0
       0
       4
       2
       0
       0
       1
       1
       0
       1
       2
       1
       1
       0
       1
       0
       4
       0
       4
       3
       1
       2
       3
       3
       3
       1
      12
       6
       9
       5
       4
       4
      10
       5
       8
       4
       3
       1
       1
       2
       1
       0
       1
       0
       1
       1
       0
       1
       1
       1
       0
       0
       0
       0
       0
       0
       0
       0
       0
       0
       0
       0
       1
       0
       1
       1
       1
       1
       1
       0
       0
       0
       2
       0
       0
       0
       0
       1
       1
       0
       1
       0
       0
       0
       1
       2
       0
       0
       0
       0
       2
       0
       2
       1
       0
       2
       0
       1
       2
       2
       0
       0
       3
       1
       0
       2
       0
       1
       0
       0
       1
       2
       2
       0
       3
       3
       3
       4
       3
      11
       9
       9
       8
      11
       5
      17
       7
       7
      18
      19
      15
       8
      10
      12
       9
       2
       2
       4
       4
       4
       1
       2
       1
       0
       0
       3
       0
       0
       2
       1
       1
       1
       0
       0
       0
       0
       2
       0
       0
       0
       0
       1
       1
       1
       0
       0
       1
       3
       0
       2
       1
       0
       0
       0
       0
       0
       0
       0
       1
       1
       1
       0
       1
       0
       0
       0
       0
       1
       0
       2
       0
       1
       1
       1
       0
       0
       1
       0
       1
       0
       1
       1
       0
       2
       0
       1
       0
       0
       2
       0
       2
       0
       2
       0
       2
       2
       3
       1
       1
       2
       1
       0
       1
       2
       2
       0
       0
       1
       2
       0
       0
       1
       1
       0
       1
       0
       1
       0
       2
       0
       1
       2
       0
       0
       1
       2
       0
       0
       1
       0
       0
       2
       0
       0
       0
       1
       1
       0
       0
       0
       0
       0
       0
       1
       0
       1
       0
       2
       0
       2
       0
       1
       0
       0
       0
       0
       0
       1
       0
       0
       1
       0
       1
       1
       0
       0
       1
       1
       1
       1
       0
       0
       1
       0
       1
       0
       1
       0
       0
       0
       0
       0
       2
       0
       0
       2
       0
       1
       2
       1
       1
       1
       1
       1
       0
       1
       0
       0
       0
       0
       0
       0
       0
       0
       0
       1
       1
       1
       3
       1
       1
       1
       0
       0
       0
       2
       0
       1
       1
       2
       0
       2
       2
       2
       1
       2
       1
       0
       3
       1
       3
       2
       0
       3
       2
       7
       2
       3
       4
       3
       4
       4
       5
       1
       2
       3
       4
       1
       1
       0
       4
       0
       2
       3
       1
       3
       2
       0
       5
       2
       2
       4
       1
       2
       1
       5
       1
       3
       3
       3
       2
       2
       2
       2
       5
       1
       2
       5
       2
       0
       3
       2
       1
       1
       1
       1
       0
       0
       0
       0
       0
       1
       1
       1
       0
       2
       1
       0
       0
       0
       4
       0
       1
       1
       1
       0
       1
       1
       0
       0
       1
       1
       0
       0
       0
       1
       1
       0
       0
       1
       1
       3
       0
       0
       3
       1
       2
       1
       1
       0
       1
       0
       2
       1
       1
       0
       1
       0
       1
       0
       1
       1
       1
       2
       1
       1
       0
       2
       0
       0
       1
       2
       4
       1
       2
       1
       2
       1
       4
       2
       3
       1
       0
       0
       1
       0
       0
       0
       2
       2
       1
       0
       0
       0
       1
       2
       1
       1
       3
       0
       0
       1
       0
       0
       0
       0
       0
       0
       1
       0
       1
       0
       1
       1
       1
       0
       1
       0
       2
       1
       4
       0
       0
       3
       1
       1
       0
       1
       0
       1
       0
       0
       1
       0
       1
       0
       0
       0
       0
       0
       1
       0
       1
       1
       0
       1
       1
       1
       1
       0
       1
       0
       2
       2
       0
       0
       0
       2
       1
       2
       0
       0
       0
       0
       0
       0
       2
       1
       0
       1
       0
       0
       0
       1
       0
       3
       0
       1
       1
       2
       0
       0
       2
       0
       1
       1
       1
       1
       0
       1
       1
       0
       0
       0
       0
       1
       0
       1
       0
       0
       1
       1
       0
       1
       0
       0
       1
       1
       1
       2
       0
       3
       1
       0
       0
       0
       1
       1
       2
       2
       1
       1
       2
       1
       2
       1
       1
       0
       0
       1
       2
       0
       2
       1
       3
       0
       1
       2
       1
       1
       0
       0
       1
       3
       0
       0
       1
       1
       2
       0
       1
       2
       0
       0
       1
       0
       0
       0
       6
       0
       0
       1
       0
       1
       0
       2
       0
       0
       1
       0
       0
       0
       0
       0
       1
       0
       1
       1
       0
       0
       2
       1
       0
       1
       2
       2
       1
       0
       1
       2
       1
       0
       0
       1
       1
       1
       0
       2
       2
       0
       1
       2
       0
       0
       0
       1
       1
       0
       1
       0
       0
       0
       1
       2
       0
       0
       0
       1
       1
       2
       2
       0
       3
       0
       1
       0
       3
       2
       3
       4
       0
       1
       1
       0
       2
       0
       2
       1
       1
       0
       3
       1
       0
       0
       1
       0
       0
       1
       0
       1
       0
       1
       1
       0
       1
       0
       2
       0
       0
       1
       0
       0
       0
       0
       0
       0
       0
       0
       0
       1
       2
       0
       0
       0
       0
       0
       0
       2
       1
       0
       0
       4
       1
       0
       0
       0
       0
       0
       1
       0
       1
       0
       2
       0
       0
       0
       1
       0
       0
       0
       1
       0
       2
       1
       0
       0
       0
       1
       0
       3
       1
       0
       0
       1
       2
       1
       1
       0
       1
       0
       3
       4
       0
       1
       2
       3
       0
       0
       0
       0
       0
       2
       0
       1
       0
       0
       1
       0
       0
       0
       0
       1
       2
       0
       2
       0
       1
       0
       2
       0
       0
       1
       1
       2
       3
       2
       0
       0
       0
       0
       0
       1
       1
       3
       0
       0
       0
       1
       0
       0
       1
       0
       2
       0
       0
       0
       2
       1
       1
       0
       1
       0
       0
       0
       0
       2
       2
       2
       1
       0
       0
       0
       0
       0
       0
       1
       1
       3
       0
       1
       0
       0
       1
       0
       1
       0
       1
       1
       0
       1
       0
       0
       0
       0
       0
       2
       0
       2
       0
       0
       1
       0
       1
       1
       0
       1
       0
       3
       2
       1
       0
       0
       0
       1
       1
       0
       0
       1
       1
       0
       0
       0
       0
       0
       0
       2
       0
       2
       1
       0
       0
       0
       1
       1
       0
       1
       1
       0
       0
       0
       0
       0
       2
       2
       0
       0
       0
       2
       1
       1
       1
       0
       2
       2
       1
       1
       0
       3
       0
       4
       2
       1
       2
       1
       0
       1
       3
       0
       0
       1
       0
       0
       0
       1
       0
       1
       0
       1
       2
       0
       1
       0
       0
       0
       1
       1
       0
       0
       2
       0
       0
       1
       1
       1
       0
       0
       2
       0
       0
       3
       0
       1
       0
       5
       3
       2
       2
       3
       1
       0
       0
       1
       1
       3
       1
       1
       1
       0
       0
       1
       1
       0
       0
       1
       1
       0
       0
       0
       0
       0
       0
       0
       2
       2
       0
       1
       1
       2
       1
       2
       2
       1
       0
       3
       0
       2
       0
       0
       1
       0
       0
       1
       0
       0
       0
       0
       1
       1
       0
       1
       0
       2
       2
       1
       0
       2
       0
       1
       0
       1
       0
       1
       0
       0
       0
       0
       0
       0
       0
       1
       2
       1
       0
       4
       0
       1
       1
       0
       0
       0
       0
       0
       0
       2
       2
       1
       0
       0
       0
       2
       1
       1
       2
       1
       0
       0
       2
       0
       1
       0
       1
       3
       1
       1
       2
       0
       1
       1
       0
       1
       0
       0
       1
       0
       1
       0
       0
       1
       1
       0
       1
       2
       0
       0
       0
       1
       2
       3
       0
       1
       1
       3
       3
       0
       0
       3
       0
       0
       1
       1
       1
       0
       0
       1
       1
       0
       0
       1
       0
       1
       0
       0
       1
       1
       0
       1
       0
       2
       0
       0
       0
       0
       1
       0
       0
       2
       2
       0
       0
       0
       1
       1
       0
       2
       0
       2
       1
       0
       0
       0
       0
       1
       1
       0
       1
       0
       0
       2
       0
       1
       1
       2
       1
       0
       1
       0
       0
       2
       0
       0
       1
       1
       0
       0
       0
       0
       0
       0
       0
       0
       0
       1
       2
       0
       0
       2
       1
       0
       1
       1
       0
       0
       0
       2
       0
       0
       1
       0
       0
       2
       0
       0
       0
       1
       0
       0
       0
       2
       0
       3
       1
       1
       0
       0
       0
       0
       0
       1
       1
       1
       1
       2
       0
       1
       1
       0
       2
       2
       1
       1
       0
       3
       3
       1
       3
       1
       1
       1
       1
       1
       1
       0
       0
       0
       2
       1
       0
       1
       1
       1
       0
       0
       0
       0
       1
       1
       0
       1
       0
       2
       2
       0
       2
       0
       3
       3
       3
       0
       2
       2
       0
       2
       1
       0
       2
       1
       1
       2
       1
       1
       1
       1
       2
       1
       0
       0
       0
       2
       2
       1
       2
       0
       0
       0
       1
       1
       3
       1
       2
       0
       0
       1
       0
       0
       0
       0
       1
       0
       0
       0
       1
       0
       1
       1
       1
       0
       1
       0
       0
       0
       0
       0
       0
       1
       0
       0
       1
       0
       0
       0
       4
       1
       0
       0
       0
       0
       0
       1
       0
       0
       1
       0
       0
       0
       0
       0
       1
       0
       0
       0
       0
       0
       1
       2
       1
       2
       2
       0
       0
       0
       1
       0
       0
       0
       1
       2
       1
       1
       0
       0
       0
       0
       0
       1
       1
       0
       0
       3
       0
       0
       0
       0
       1
       0
       1
       1
       0
       1
       0
       0
       1
       0
       0
       0
       1
       0
       0
       0
       2
       0
       0
       0
       3
       2
       1
       0
       1
       2
       0
       1
       3
       1
       1
       0
       1
       2
       0
       1
       2
       0
       0
       0
       1
       0
       0
       0
       2
       0
       1
       3
       1
       0
       1
       0
       0
       0
       1
       0
       3
       0
       0
       1
       1
       0
       2
       4
       2
       0
       0
       1
       2
       2
       1
       2
       2
       0
       0
       1
       1
       1
       1
       1
       1
       1
       0
       0
       0
       0
       1
       2
       4
       0
       1
       1
       2
       1
       0
       2
       1
       0
       1
       0
       1
       0
       1
       0
       1
       0
       2
       1
       0
       1
       2
       1
       4
       1
       3
       2
       1
       3
       2
       0
       0
       0
       2
       1
       0
       0
       0
       0
       0
       0
       1
       0
       1
       0
       0
       2
       1
       0
       0
       1
       0
       0
       1
       1
       0
       0
       1
       1
       0
       1
       1
       0
       1
       3
       1
       1
       0
       1
       1
       1
       1
       1
       0
       3
       0
       0
       1
       0
       3
       0
       2
       1
       1
       2
       2
       1
       0
       3
       0
       1
       1
       0
       2
       1
       2
       1
       1
       2
       1
       2
       1
       1
       2
       1
       1
       0
       0
       0
       0
       0
       0
       0
       0
       0
       0
       5
       1
       1
       0
       0
       0
       2
       1
       1
       1
       0
       1
       1
       1
       0
       2
       2
       0
       2
       0
       0
       1
       2
       0
       1
       0
       2
       2
       0
       1
       3
       0
       0
       0
       1
       2
       2
       2
       3
       2
       2
       1
       1
       3
       1
       2
       2
       1
       1
       0
       1
       1
       1
       2
       1
       1
       0
       0
       1
       1
       0
       1
       1
       0
       0
       1
       1
       1
       0
       0
       2
       1
       0
       1
       1
       1
       1
       0
       1
       0
       2
       1
       0
       1
       2
       0
       1
       2
       1
       0
       1
       1
       0
       1
       0
       0
       1
       1
       0
       1
       1
       3
       1
       0
       0
       1
       2
       0
       0
       1
       1
       1
       1
       2
       3
       1
       0
       0
       0
       0
       2
       0
       4
       0
       0
       0
       0
       0
       0
       1
       1
       0
       0
       2
       1
       0
       0
       1
       0
       0
       3
       0
       2
       0
       0
       0
       2
       2
       0
       1
       0
       2
       2
       0
       1
       0
       0
       0
       1
       0
       0
       0
       3
       1
       0
       0
       1
       0
       1
       2
       0
       0
       1
       0
       2
       2
       1
       1
       1
       1
       1
       2
       0
       1
       2
       0
       0
       1
       0
       1
       1
       1
       1
       0
       1
       0
       0
       0
       0
       2
       0
       1
       1
       1
       2
       0
       1
       0
       0
       0
       1
       0
       2
       1
       1
       1
       1
       0
       2
       0
       1
       0
       0
       2
       0
       0
       0
       0
       0
       1
       0
       0
       2
       0
       1
       2
       2
       1
       2
       1
       0
       1
       0
       1
       0
       1
       1
       2
       0
       1
       4
       0
       0
       0
       1
       2
       0
       1
       2
       1
       0
       1
       0
       0
       1
       2
       0
       0
       2
       0
       1
       0
       3
       0
       0
       1
       0
       0
       2
       1
       1
       0
       1
       1
       1
       1
       0
       1
       3
       1
       0
       3
       0
       0
       0
       0
       1
       0
       1
       2
       3
       0
       0
       0
       1
       1
       1
       0
       1
       0
       1
       3
       0
       1
       0
       2
       0
       1
       1
       0
       2
       1
       1
       0
       1
       0
       1
       0
       0
       0
       0
       2
       1
       1
       0
       0
       0
       1
       0
       1
       0
       0
       1
       1
       1
       2
       1
       0
       1
       0
       0
       0
       0
       1
       1
       0
       0
       2
       1
       0
       0
       0
       0
       0
       0
       0
       0
       0
       0
       1
       0
       0
       3
       0
       0
       0
       0
       0
       0
       0
       1
       0
       0
       1
       0
       0
       0
       0
       1
       1
       1
       1
       0
       1
       1
       1
       1
       0
       0
       0
       0
       0
       0
       1
       0
       0
       0
       1
       0
       1
       1
       0
       0
       1
       1
       2
       0
       3
       0
       0
       1
       0
       0
       1
       0
       2
       1
       0
       0
       1
       0
       1
       1
       2
       0
       1
       0
       1
       2
       2
       0
       0
       1
       2
       1
       0
       2
       1
       0
       0
       1
       0
       1
       1
       2
       1
       1
       0
       0
       0
       0
       0
       3
       1
       2
       0
       3
       1
       0
       2
       1
       1
       0
       1
       1
       0
       1
       0
       1
       1
       0
       1
       0
       0
       0
       1
       0
       0
       1
       3
       3
       0
       0
       2
       0
       5
       1
       0
       2
       0
       0
       1
       0
       1
       1
       2
       0
       0
       1
       0
       1
       1
       1
       0
       0
       1
       0
       1
       0
       1
       0
       1
       0
       1
       0
       2
       0
       2
       0
       1
       0
       0
       2
       3
       3
       0
       0
       1
       2
       2
       1
       2
       0
       0
       1
       0
       0
       0
       1
       0
       1
       1
       2
       1
       0
       0
       3
       0
       1
       0
       0
       2
       1
       0
       1
       0
       0
       0
       1
       1
       1
       0
       0
       0
       0
       0
       1
       1
       0
       0
       1
       0
       0
       2
       0
       1
       1
       0
       1
       0
       0
       0
       0
       3
       0
       1
       0
       1
       0
       0
       1
       0
       0
       1
       1
       0
       0
       0
       2
       2
       0
       0
       0
       0
       2
       0
       0
       0
       0
       1
       0
       2
       0
       0
       0
       0
       0
       0
       1
       0
       1
       1
       0
       1
       0
       0
       0
       0
       0
       0
       0
       0
       0
       1
       0
       1
       0
       1
       2
       0
       0
       0
       0
       0
       1
       1
       1
       0
       1
       0
       1
       1
       0
       0
       0
       1
       1
       0
       0
       2
       1
       2
       0
       0
       1
       1
       0
       1
       0
       1
       0
       1
       0
       1
       1
       0
       1
       1
       1
       1
       0
       1
       0
       1
       0
       0
       3
       0
       0
       0
       0
       0
       0
       1
       0
       0
       0
       1
       0
       2
       0
       1
       0
       0
       0
       0
       0
       1
       0
       0
       0
       1
       3
       0
       0
       0
       1
       1
       0
       0
       1
       0
       1
       0
       0
       1
       0
       0
       1
       0
       2
       0
       0
       0
       1
       1
       0
       0
       0
       1
       0
       0
       1
       0
       1
       3
       0
       0
       0
       0
       0
       0
       0
       1
       0
       0
       1
       2
       1
       0
       1
       1
       1
       0
       0
       0
       1
       0
       0
       0
       1
       0
       0
       0
       0
       0
       0
       2
       3
       1
       1
       0
       2
       0
       1
       0
       2
       1
       0
       1
       0
       0
       2
       0
       0
       0
       2
       0
       0
       1
       0
       1
       0
       1
       0
       1
       2
       0
       0
       1
       0
       0
       2
       1
       0
       1
       0
       0
       0
       0
       0
       0
       2
       0
       0
       0
       0
       0
       1
       0
       1
       0
       0
       0
       1
       1
       0
       0
       0
       0
       1
       0
       0
       0
       0
       0
       0
       0
       0
       0
       1
       0
       1
       0
       1
       1
       1
       0
       0
       0
       0
       1
       1
       0
       0
       0
       1
       0
       1
       0
       0
       2
       0
       2
       2
       0
       0
       0
       0
       0
       0
       0
       2
       1
       0
       1
       1
       1
       0
       0
       0
       0
       0
       1
       0
       2
       0
       0
       3
       0
       0
       0
       0
       0
       0
       0
       0
       1
       0
       0
       0
       1
       1
       2
       1
       1
       0
       1
       1
       0
       0
       0
       0
       1
       1
       1
       1
       1
       1
       1
       0
       1
       0
       0
       1
       0
       1
       1
       0
       0
       1
       0
       0
       0
       1
       0
       0
       0
       0
       0
       2
       0
       0
       0
       1
       0
       0
       0
       2
       0
       0
       2
       0
       0
       1
       1
       0
       0
       1
       0
       0
       0
       0
       0
       1
       0
       0
       0
       0
       1
       0
       0
       0
       0
       0
       0
       0
       0
       0
       1
       0
       1
       0
       1
       1
       0
       1
       0
       0
       0
       0
       0
       0
       0
       0
       1
       0
       0
       0
       0
       0
       1
       1
       0
       1
       0
       0
       0
       1
       0
       0
       0
       1
       1
       2
       0
       0
       1
       0
       0
       1
       0
       0
       1
       1
       2
       0
       0
       1
       0
       1
       0
       0
       0
       0
       1
       0
       1
       0
       1
       0
       0
       1
       0
       0
       0
       0
       1
       0
       0
       1
       0
       0
       0
       1
       0
       0
       0
       2
       0
       0
       1
       0
       1
       1
       0
       0
       0
       0
       0
       0
       0
       0
       0
       0
       0
       2
       0
       1
       0
       0
       0
       0
       2
       0
       0
       1
       0
       0
       1
       0
       1
       0
       0
       0
       1
       0
       0
       0
       1
       1
       0
       0
       0
       0
       0
       0
       0
       1
       0
       0
       0
       1
       1
       0
       0
       0
       0
       0
       1
       0
       1
       0
       0
       0
       1
       0
       0
       0
       0
       0
       2
       0
       1
       1
       0
       0
       0
       0
       0
       0
       0
       0
       1
       0
       0
       0
       0
       0
       0
       0
       0
       0
       0
       0
       0
       1
       1
       1
       1
       0
       1
       1
       0
       1
       0
       0
       2
       1
       0
       1
       0
       1
       0
       1
       0
       0
       1
       0
       1
       0
       0
       0
       0
       1
       0
       0
       0
       0
       0
       1
       1
       1
       0
       1
       0
       0
       1
       0
       0
       1
       1
       0
       0
       0
       1
       1
       0
       0
       1
       0
       0
       2
       1
       0
       0
       2
       1
       0
       0
       0
       0
       1
       1
       0
       0
       0
       2
       1
       1
       0
       0
       0
       0
       0
       1
       0
       0
       1
       1
       0
       1
       0
       1
       0
       1
       0
       0
       1
       0
       0
       0
       1
       1
       1
       0
       0
       0
       2
       0
       0
       2
       0
       3
       0
       2
       3
       3
       2
       5
       7
       8
       7
       8
       8
      12
      13
      15
      16
      13
      22
      21
      23
      19
      30
      32
      25
      24
      21
      14
      11
       8
      10
       7
       6
       3
       1
       3
       1
       0
       1
       1
       0
       0
       0
       0
       0
       0
       1
       0
       0
       1
       2
       0
       0
       1
       0
       0
       0
       0
       0
       0
       0
       0
       0
       1
       0
       0
       1
       0
       0
       0
       2
       0
       0
       0
       1
       0
       0
       0
       0
       0
       0
       0
       0
       2
       0
       0
       0
       0
       0
       0
       1
       0
       3
       2
       1
       5
       6
       8
       3
       1
       5
       6
       3
       5
       4
       4
       6
       3
       3
       1
       1
       0
       3
       1
       0
       1
       1
       0
       0
       1
       1
       1
       0
       0
       0
       0
       0
       0
       0
       0
       0
       0
       0
       0
       0
       0
       0
       1
       0
       0
       0
       0
       1
       0
       1
       0
       0
       0
       0
       2
       0
       1
       1
       0
       0
       1
       0
       0
       2
       0
       0
       2
       1
       0
       1
       0
       0
       1
       0
       0
       0
       0
       0
       0
       0
       0
       0
       0
       0
       2
       0
       0
       0
       0
       0
       0
       1
       0
       0
       0
       0
       0
       0
       0
       1
       1
       2
       0
       0
       0
       0
       0
       1
       1
       0
       1
       0
       0
       0
       0
       0
       0
       0
       0
       0
       0
       0
       0
       0
       0
       0
       0
       0
       0
       1
       0
       0
       0
       1
       0
       0
       0
       0
       0
       0
       0
       0
       0
       0
       0
       0
       0
       1
       0
       0
       0
       0
       0
       0
       0
       1
       0
       0
       1
       1
       1
       0
       0
       1
       1
       0
       0
       0
       0
       0
       1
       0
       0
       0
       0
       0
       0
       0
       1
       1
       0
       0
       0
       0
       0
       2
       0
       1
       0
       0
       0
       0
       1
       0
       1
       0
       0
       1
       0
       0
       0
       0
       1
       0
       0
       0
       0
       0
       0
       0
       0
       0
       1
       0
       0
       0
       1
       0
       0
       0
       0
       0
       0
       0
       0
       0
       0
       0
       0
       0
       0
       0
       1
       0
       1
       0
       0
       0
       1
       0
       0
       0
       1
       1
       0
       2
       2
       1
       0
       0
       0
       0
       0
       1
       0
       0
       0
       0
       1
       0
       1
       0
       0
       0
       0
       0
       0
       0
       0
       2
       1
       0
       0
       0
       0
       1
       0
       0
       0
       1
       0
       0
       1
       0
       0
       0
       1
       0
       0
       0
       0
       0
       0
       0
       0
       0
       0
       0
       1
       0
       0
       0
       1
       0
       0
       0
       2
       0
       2
       0
       0
       0
       0
       0
       0
       0
       0
       0
       0
       0
       0
       0
       1
       0
       0
       0
       0
       0
       0
       0
       1
       1
       1
       0
       0
       0
       1
       0
       0
       0
       0
       0
       0
       0
       0
       0
       0
       0
       0
       0
       0
       0
       0
       0
       0
       0
       1
       0
       0
       0
       0
       1
       0
       1
       0
       0
       0
       0
       0
       0
       1
       1
       1
       1
       0
       0
       1
       1
       0
       1
       1
       3
       0
       0
       1
       2
       2
       0
       1
       1
       1
       0
       1
       0
       0
       0
       0
       0
       1
       1
       0
       0
       0
       3
       0
       0
       1
       0
       0
       0
       0
       0
       0
       0
       0
       0
       0
       0
       0
       2
       0
       0
       0
       0
       0
       0
       1
       0
       0
       0
       0
       0
       0
       0
       0
       0
       0
       2
       0
       0
       1
       1
       0
       0
       1
       0
       0
       0
       0
       0
       0
       0
       0
       0
       0
       0
       0
       0
       0
       1
       0
       0
       0
       0
       0
       0
       0
       0
       0
       0
       0
       0
       0
       0
       0
       1
       0
       0
       0
       0
       0
       0
       0
       1
       0
       0
       0
       0
       0
       0
       0
       2
       0
       0
       1
       1
       0
       0
       0
       0
       0
       0
       1
       0
       0
       0
       0
       0
       0
       0
       2
       0
       0
       0
       0
       0
       0
       0
       0
       1
       1
       0
       0
       0
       0
       0
       0
       0
       0
       1
       0
       0
       0
       0
       0
       1
       0
       0
       0
       0
       0
       0
       0
       0
       1
       0
       1
       1
       1
       3
       0
       0
       0
       1
       0
       1
       1
       1
       0
       1
       0
       0
       0
       1
       1
       0
       0
       1
       0
       0
       0
       0
       0
       1
       0
       0
       0
       0
       0
       0
       0
       0
       0
       0
       0
       0
       0
       0
       0
       0
       1
       0
       0
       0
       1
       0
       0
       0
       0
       0
       0
       0
       1
       1
       0
       0
       1
       0
       0
       0
       1
       1
       0
       0
       1
       0
       0
       0
       0
       0
       0
       1
       0
       0
       0
       1
       0
       0
       0
       1
       1
       0
       2
       0
       0
       1
       0
       0
       2
       0
       0
       0
       0
       3
       1
       5
       2
       1
       1
       1
       1
       3
       3
       2
       0
       0
       0
       0
       2
       0
       0
       0
       0
       1
       0
       0
       0
       0
       0
       0
       0
       1
       0
       1
       0
       0
       0
       0
       0
       0
       1
       0
       0
       1
       1
       0
       0
       1
       0
       0
       1
       1
       0
       0
       1
       0
       0
       0
       0
       0
       0
       0
       1
       0
       0
       2
       1
       0
       0
       0
       0
       0
       0
       0
       0
       0
       0
       0
       0
       0
       0
       0
       0
       2
       0
       0
       0
       0
       0
       0
       2
       1
       1
       0
       0
       1
       2
       0
       0
       0
       1
       0
       0
       0
       1
       2
       0
       0
       0
       0
       0
       1
       1
       0
       0
       0
       1
       0
       0
       0
       0
       1
       0
       0
       3
       0
       1
       1
       0
       0
       0
       1
       0
       2
       0
       1
       0
       2
       0
       2
       1
       0
       1
       1
       0
       0
       0
       0
       0
       0
       0
       0
       0
       0
       0
       0
       0
       0
       0
       0
       0
       0
       0
       0
       0
       0
       1
       0
       2
       0
       0
       0
       0
       0
       0
       0
       0
       0
       0
       0
       0
       0
       0
       1
       0
       0
       0
       0
       0
       0
       0
       0
       0
       0
       0
       1
       0
       0
       0
       0
       1
       0
       1
       0
       1
       3
       1
       1
       0
       0
       0
       1
       0
       1
       1
       1
       0
       1
       1
       1
       0
       1
       0
       0
       0
       2
       0
       2
       1
       0
       1
       0
       0
       0
       0
       0
       0
       0
       0
       0
       0
       0
       0
       0
       0
       0
       1
       0
       1
       2
       0
       1
       0
       1
       1
       0
       0
       0
       0
       1
       0
       0
       0
       0
       1
       0
       0
       1
       0
       0
       0
       1
       0
       1
       0
       0
       0
       0
       0
       1
       0
       1
       0
       0
       0
       1
       1
       0
       0
       1
       0
       0
       0
       0
       0
       0
       0
       1
       0
       0
       1
       0
       0
       0
       0
       0
       0
       0
       0
       0
       0
       0
       0
       0
       0
       0
       1
       0
       0
       1
       0
       0
       0
       1
       0
       0
       0
       0
       0
       0
       1
       0
       1
       0
       0
       0
       2
       1
       0
       0
       0
       0
       0
       0
       0
       0
       0
       0
       0
       0
       0
       0
       1
       0
       0
       0
       1
       0
       0
       0
       0
       1
       0
       0
       0
       0
       0
       1
       1
       0
       0
       0
       0
       0
       1
       1
       0
       0
       0
       1
       0
       0
       0
       0
       0
       0
       0
       0
       0
       0
       0
       0
       1
       0
       0
       1
       1
       1
       1
       0
       0
       0
       1
       0
       0
       0
       1
       1
       0
       0
       0
       0
       0
       1
       0
       1
       0
       0
       0
       1
       0
       0
       0
       0
       0
       0
       0
       0
       0
       0
       1
       0
       0
       0
       0
       0
       0
       0
       0
       0
       0
       0
       0
       0
       1
       1
       0
       1
       0
       0
       0
       0
       0
       0
       0
       0
       0
       0
       0
       0
       0
       0
       1
       0
       0
       0
       1
       1
       0
       0
       0
       0
       0
       1
       0
       0
       0
       0
       0
       0
       0
       0
       0
       0
       0
       1
       0
       0
       0
       0
       0
       0
       0
       1
       0
       0
       0
       0
       0
       1
       1
       0
       0
       0
       0
       0
       0
       1
       0
       0
       0
       0
       0
       0
       0
       0
       0
       0
       0
       0
       0
       1
       0
       1
       0
       0
       1
       0
       0
       0
       1
       0
       0
       1
       0
       1
       0
       0
       0
       0
       0
       0
       0
       0
       0
       1
       0
       0
       0
       0
       1
       0
       0
       1
       0
       0
       0
       0
       0
       0
       1
       2
       0
       0
       0
       1
       0
       1
       0
       0
       1
       0
       1
       0
       0
       0
       0
       1
       0
       0
       0
       0
       0
       0
       0
       0
       0
       1
       0
       0
       0
       1
       0
       0
       0
       0
       1
       0
       0
       1
       0
       0
       0
       0
       0
       0
       0
       0
       0
       0
       0
       1
       0
       0
       0
       0
       0
       0
       0
       1
       1
       0
       1
       1
       0
       0
       0
       0
       0
       1
       0
       2
       1
       0
       0
       1
       0
       1
       0
       0
       1
       0
       0
       0
       1
       0
       0
       0
       0
       0
       0
       0
       1
       1
       0
       0
       0
       0
       0
       3
       1
       0
       0
       1
       0
       1
       1
       0
       0
       0
       0
       0
       0
       0
       0
       1
       0
       0
       0
       0
       0
       0
       0
       0
       0
       0
       0
       2
       0
       1
       1
       2
       0
       0
       1
       0
       0
       0
       0
       0
       0
       1
       0
       1
       0
       1
       0
       0
       0
       1
       1
       1
       0
       1
       0
       1
       0
       0
       0
       0
       0
       0
       0
       0
       0
       0
       0
       0
       0
       0
       0
       0
       0
       1
       0
       0
       0
       0
       1
       1
       0
       0
       0
       1
       0
       1
       0
       1
       0
       1
       1
       0
       0
       0
       0
       0
       0
       0
       0
       0
       0
       0
       2
       1
       0
       2
       0
       0
       0
       0
       0
       0
       0
       0
       0
       1
       1
       0
       1
       1
       0
       1
       0
       0
       0
       0
       0
       1
       1
       0
       0
       0
       1
       0
       1
       0
       0
       0
       1
       1
       0
       0
       1
       0
       1
       0
       0
       0
       0
       1
       1
       1
       0
       1
       1
       0
       0
       1
       0
       0
       0
       1
       0
       1
       1
       0
       0
       0
       0
       1
       0
       0
       0
       0
       0
       0
       2
       0
       2
       0
       0
       0
       0
       0
       1
       0
       0
       1
       0
       2
       0
       1
       0
       1
       0
       1
       1
       0
       0
       0
       0
       1
       1
       0
       0
       0
       1
       0
       0
       0
       0
       2
       1
       0
       1
       1
       1
       0
       1
       0
       0
       1
       0
       0
       1
       0
       0
       2
       0
       0
       0
       0
       0
       0
       1
       0
       0
       0
       0
       0
       0
       1
       0
       1
       0
       0
       0
       0
       0
       1
       0
       0
       0
       0
       1
       0
       0
       1
       1
       0
       0
       0
       1
       0
       1
       0
       0
       0
       0
       0
       1
       0
       0
       0
       0
       1
       0
       0
       0
       1
       0
       0
       0
       0
       0
       0
       0
       1
       0
       0
       1
       0
       0
       0
       0
       2
       0
       0
       1
       0
       1
       0
       0
       0
       0
       0
       2
       0
       0
       1
       0
       0
       0
       1
       0
       0
       0
       1
       0
       0
       0
       0
       0
       2
       0
       0
       1
       1
       0
       0
       0
       0
       1
       0
       1
       2
       0
       1
       1
       2
       0
       1
       1
       0
       2
       0
       0
       0
       1
       0
       1
       0
       1
       0
       0
       0
       0
       0
       0
       3
       0
       1
       0
       3
       0
       0
       1
       1
       1
       0
       1
       0
       1
       0
       0
       0
       0
       1
       0
       0
       0
       0
       1
       1
       1
       0
       0
       0
       0
       0
       0
       1
       0
       0
       0
       0
       0
       0
       0
       2
       0
       0
       0
       0
       0
       0
       2
       0
       0
       0
       1
       3
       0
       0
       1
       0
       0
       0
       1
       0
       0
       1
       1
       1
       0
       1
       0
       0
       0
       0
       1
       0
       1
       0
       0
       1
       0
       0
       1
       0
       0
       0
       0
       0
       2
       0
       0
       0
       1
       0
       0
       1
       0
       0
       0
       0
       0
       1
       0
       0
       0
       0
       0
       0
       0
       0
       0
       0
       1
       1
       0
       0
       0
       1
       0
       0
       0
       1
       0
       0
       0
       1
       0
       0
       0
       2
       0
       1
       1
       1
       0
       0
       0
       2
       1
       1
       0
       0
       0
       1
       0
       0
       0
       0
       0
       0
       0
       2
       0
       0
       0
       1
       1
       2
       0
       0
       0
       1
       0
       0
       2
       0
       1
       0
       1
       1
       1
       0
       0
       1
       0
       0
       1
       0
       1
       0
       0
       0
       0
       1
       0
       2
       1
       0
       0
       0
       0
       0
       0
       0
       0
       0
       0
       1
       1
       0
       0
       1
       1
       0
       0
       0
       0
       0
       0
       0
       1
       0
       0
       0
       0
       0
       1
       1
       0
       1
       0
       1
       1
       0
       0
       0
       0
       0
       1
       0
       0
       0
       0
       1
       0
       0
       0
       0
       0
       0
       0
       2
       0
       1
       1
       0
       1
       1
       0
       0
       0
       0
       0
       1
       1
       0
       0
       0
       0
       0
       0
       0
       0
       0
       1
       0
       0
       0
       0
       0
       0
       0
       0
       1
       0
       0
       1
       0
       0
       0
       0
       0
       0
       0
       0
       1
       0
       0
       0
       0
       0
       0
       1
       1
       0
       0
       0
       0
       0
       0
       0
       1
       1
       0
       0
       0
       0
       0
       0
       0
       0
       2
       1
       0
       1
       0
       0
       0
       2
       0
       0
       3
       3
       3
       0
       2
       0
       1
       3
       2
       3
       3
       1
       1
       1
       1
       1
       1
       0
       1
       0
       0
       0
       0
       0
       0
       0
       1
       0
       0
       1
       0
       1
       0
       0
       0
       0
       0
       1
       0
       0
       0
       1
       0
       0
       0
       0
       0
       1
       0
       0
       2
       1
       1
       1
       0
       0
       2
       0
       0
       0
       1
       0
       0
       0
       0
       0
       0
       0
       1
       0
       0
       0
       1
       0
       0
       0
       0
       0
       0
       0
       0
       1
       0
       0
       0
       0
       0
       0
       0
       0
       0
       0
       1
       1
       1
       0
       1
       0
       0
       1
       0
       0
       1
       0
       0
       0
       1
       0
       1
       1
       0
       0
       1
       0
       0
       1
       0
       1
       0
       0
       0
       0
       0
       1
       0
       1
       1
       0
       0
       0
       0
       0
       0
       0
       1
       0
       2
       0
       0
       0
       0
       0
       1
       0
       0
       0
       1
       0
       0
       0
       2
       0
       0
       1
       0
       0
       1
       0
       0
       0
       0
       0
       0
       1
       1
       0
       0
       1
       0
       0
       0
       0
       1
       1
       1
       0
       0
       0
       0
       0
       0
       0
       0
       1
       0
       0
       0
       0
       0
       1
       0
       0
       2
       0
       1
       0
       0
       0
       0
       0
       0
       0
       1
       0
       0
       0
       0
       0
       1
       0
       0
       0
       0
       0
       0
       1
       0
       0
       1
       1
       1
       1
       0
       0
       0
       0
       0
       0
       0
       0
       1
       0
       0
       0
       0
       0
       0
       0
       0
       0
       0
       0
       1
       0
       0
       1
       0
       0
       0
       0
       0
       0
       0
       1
       0
       0
       0
       0
       0
       3
       0
       0
       0
       0
       0
       0
       0
       0
       0
       0
       0
       0
       0
       1
       0
       0
       0
       0
       0
       0
       0
       0
       0
       1
       0
       0
       0
       0
       1
       0
       0
       0
       0
       1
       1
       0
       1
       1
       0
       0
       0
       0
       0
       0
       0
       0
       0
       1
       0
       0
       0
       0
       1
       0
       0
       1
       0
       2
       1
       0
       0
       0
       0
       0
       0
       0
       2
       0
       0
       0
       0
       0
       0
       0
       0
       2
       0
       1
       0
       0
       0
       0
       0
       1
       0
       0
       0
       0
       0
       0
       0
       0
       0
       0
       2
       1
       0
       1
       0
       1
       0
       0
       0
       0
       1
       0
       0
       0
       0
       0
       0
       0
       1
       0
       0
       0
       0
       0
       0
       0
       0
       0
       0
       0
       1
       0
       1
       0
       0
       0
       1
       0
       0
       1
       0
       1
       1
       1
       0
       1
       0
       0
       0
       0
       0
       0
       0
       0
       0
       0
       0
       0
       0
       1
       0
       0
       0
       0
       0
       0
       0
       0
       0
       0
       0
       0
       0
       0
       0
       0
       0
       0
       0
       0
       0
       1
       0
       1
       0
       0
       0
       0
       0
       0
       0
       0
       0
       0
       1
       0
       2
       0
       0
       0
       0
       0
       0
       0
       0
       0
       0
       0
       0
       0
       0
       0
       0
       2
       0
       0
       0
       0
       0
       1
       0
       0
       0
       0
       1
       0
       1
       0
       0
       1
       0
       0
       0
       0
       0
       1
       0
       0
       0
       0
       0
       0
       0
       0
       0
       1
       0
       0
       0
       0
       0
       0
       0
       1
       1
       0
       0
       0
       1
       0
       0
       0
       1
       0
       0
       0
       0
       0
       0
       0
       0
       0
       1
       0
       0
       0
       0
       0
       0
       0
       0
       0
       0
       0
       0
       0
       0
       0
       0
       0
       0
       0
       0
       0
       0
       0
       0
       0
       1
       0
       0
       0
       0
       0
       0
       0
       0
       0
       0
       0
       1
       0
       0
       0
       0
       0
       0
       0
       0
       1
       0
       1
       0
       0
       0
       0
       0
       0
       0
       0
       0
       0
       0
       0
       0
       0
       0
       1
       0
       0
       0
       0
       0
       0
       0
       0
       0
       0
       0
       0
       1
       1
       0
       0
       0
       0
       0
       0
       0
       0
       0
       0
       0
       0
       0
       0
       0
       0
       1
       0
       0
       0
       0
       0
       1
       0
       0
       0
       0
       0
       0
       0
       0
       0
       0
       1
       0
       0
       0
       0
       0
       0
       0
       0
       0
       0
       0
       0
       0
       0
       1
       1
       0
       0
       0
       0
       0
       0
       0
       0
       0
       0
       0
       0
       0
       0
       0
       0
       0
       0
       0
       1
       0
       0
       0
       0
       0
       1
       0
       0
       1
       0
       0
       0
       0
       0
       0
       0
       0
       0
       1
       1
       0
       0
       0
       0
       0
       1
       0
       0
       0
       0
       0
       0
       0
       0
       0
       0
       0
       0
       0
       0
       0
       0
       0
       0
       0
       0
       1
       0
       0
       0
       1
       0
       1
       0
       0
       1
       0
       0
       0
       0
       1
       2
       0
       0
       0
       0
       0
       0
       0
       0
       0
       1
       0
       0
       0
       0
       0
       0
       0
       0
       0
       1
       0
       0
       0
       0
       0
       1
       1
       0
       0
       0
       0
       0
       0
       0
       0
       0
       0
       0
       0
       0
       0
       0
       0
       0
       0
       0
       0
       0
       0
       2
       0
       1
       0
       0
       0
       0
       0
       0
       0
       1
       0
       0
       0
       0
       0
       0
       0
       1
       0
       1
       0
       0
       0
       0
       0
       0
       0
       0
       0
       0
       0
       0
       0
       0
       0
       0
       0
       0
       0
       0
       0
       0
       0
       0
       0
       0
       0
       0
       0
       0
       0
       1
       0
       0
       0
       1
       0
       0
       0
       0
       0
       0
       0
       0
       0
       0
       0
       0
       0
       0
       0
       0
       0
       0
       0
       0
       0
       0
       0
       0
       0
       0
       0
       0
       0
       0
       0
       0
       0
       1
       0
       0
       0
       0
       0
       0
       0
       0
       0
       0
       0
       0
       0
       0
       1
       0
       0
       2
       0
       1
       0
       0
       0
       0
       0
       0
       0
       0
       0
       0
       0
       0
       0
       0
       0
       0
       0
       0
       0
       2
       0
       0
       0
       0
       0
       0
       0
       0
       0
       0
       0
       0
       0
       0
       0
       0
       0
       0
       0
       0
       0
       1
       0
       0
       0
       0
       0
       0
       0
       1
       0
       0
       0
       0
       0
       2
       1
       0
       0
       0
       1
       2
       0
       0
       5
       1
       0
       0
       2
       3
       1
       5
       5
       3
       3
       4
       1
       5
       4
       0
       2
       0
       6
       0
       0
       1
       0
       0
       0
       1
       0
       0
       0
       0
       0
       0
       0
       0
       0
       0
       0
       0
       1
       0
       0
       0
       0
       0
       0
       0
       0
       0
       0
       1
       0
       0
       0
       0
       0
       0
       0
       0
       1
       0
       0
       0
       1
       0
       0
       0
       0
       0
       1
       0
       0
       1
       0
       0
       0
       0
       0
       0
       0
       0
       0
       0
       0
       0
       0
       0
       0
       0
       0
       0
       0
       0
       0
       0
       0
       0
       0
       0
       0
       0
       0
       0
       0
       0
       0
       0
       0
       0
       0
       0
       0
       0
       0
       0
       0
       0
       0
       0
       0
       0
       0
       0
       0
       0
       0
       0
       0
       0
       0
       0
       0
       0
       0
       0
       0
       0
       0
       0
       0
       0
       0
       0
       0
       0
       0
       0
       0
       0
       0
       0
       0
       0
       0
       0
       0
       0
       0
       0
       0
       0
       0
       0
       0
       0
       0
       0
       0
       0
       0
       0
       0
       0
       0
       0
       0
       0
       0
       0
       0
       0
       0
       0
       0
       0
       0
       0
       0
       0
       0
       0
       0
       0
       0
       0
       0
       0
       0
       0
       0
       0
       0
       0
       0
       0
       0
       0
       0
       0
       0
       0
       0
       0
       0
       0
       0
       0
       0
       0
       0
       0
       0
       0
       0
       0
       0
       0
       0
       0
       0
       0
       0
       0
       0
       0
       0
       0
       0
       0
       0
       0
       0
       0
       0
       0
       0
       0
       0
       0
       0
       0
       0
       0
       0
       0
       0
       0
       0
       0
       0
       0
       0
       0
       0
       0
       0
       0
       0
       0
       0
       0
       0
       0
       0
       0
       0
       0
       0
       0
       0
       0
       0
       0
       0
       0
       0
       0
       0
       0
       0
       0
       0
       0
       0
       0
       0
       0
       0
       0
       0
       0
       0
       0
       0
       0
       0
       0
       0
       0
       0
       0
       0
       0
       0
       0
       0
       0
       0
       0
       0
       0
       0
       0
       0
       0
       0
       0
       0
       0
       0
       0
       0
       0
       0
       0
       0
       0
       0
       0
       0
       0
       0
       0
       0
       0
       0
       0
       0
       0
       0
       0
       0
       0
       0
       0
       0
       0
       0
       0
       0
$ROI:
11
583 647
961 1022
1579 1617
1945 1972
2543 2573
3149 3192
3710 3760
4621 4695
5562 5597
6799 6831
13202 13243
$PRESETS:
None
0
0
$ENER_FIT:
0.397847 0.199192
$MCA_CAL:
3
3.978472E-001 1.991916E-001 0.000000E+000 keV
$SHAPE_CAL:
3
5.030225E+000 9.745300E-004 0.000000E+000
